Starting Batch Run at Tue Jan 27 04:17:42 PM UTC 2026
----------------------------------------
>>> RUNNING: input/data/punch/csv_format/punch-us18-07-u.csv
make[1]: Entering directory '/workspaces/fit-dp'
export OMP_PROC_BIND=spread && export OMP_PLACES=threads && ./knfs
Parsed graph with 146230 vertices and 442284 edges. Source is 146228 and sink is 146229.
>> IO Time (CSV Read): 0.153808 seconds.

Kokkos initialized on: N6Kokkos6OpenMPE
>> Graph Build & Init Time: 0.749732 seconds.

[FINISHED] Total Iterations: 119641
>> Algorithm Runtime: 1.98206 seconds.
------------------------------------------
TOTAL Runtime (IO + Init + Algo): 2.8856 seconds.
MAX FLOW IS 95
make[1]: Leaving directory '/workspaces/fit-dp'
----------------------------------------
>>> RUNNING: input/data/punch/csv_format/punch-eu20-01-p.csv
make[1]: Entering directory '/workspaces/fit-dp'
export OMP_PROC_BIND=spread && export OMP_PLACES=threads && ./knfs
Parsed graph with 481683 vertices and 1331277 edges. Source is 481681 and sink is 481682.
>> IO Time (CSV Read): 0.534198 seconds.

Kokkos initialized on: N6Kokkos6OpenMPE
>> Graph Build & Init Time: 2.43273 seconds.

[FINISHED] Total Iterations: 9792
>> Algorithm Runtime: 0.55842 seconds.
------------------------------------------
TOTAL Runtime (IO + Init + Algo): 3.52535 seconds.
MAX FLOW IS 1361513
make[1]: Leaving directory '/workspaces/fit-dp'
----------------------------------------
>>> RUNNING: input/data/punch/csv_format/punch-eu20-08-u.csv
make[1]: Entering directory '/workspaces/fit-dp'
export OMP_PROC_BIND=spread && export OMP_PLACES=threads && ./knfs
Parsed graph with 510680 vertices and 1464855 edges. Source is 510678 and sink is 510679.
>> IO Time (CSV Read): 0.514006 seconds.

Kokkos initialized on: N6Kokkos6OpenMPE
>> Graph Build & Init Time: 2.59861 seconds.

[FINISHED] Total Iterations: 244284
>> Algorithm Runtime: 3.28174 seconds.
------------------------------------------
TOTAL Runtime (IO + Init + Algo): 6.39435 seconds.
MAX FLOW IS 102
make[1]: Leaving directory '/workspaces/fit-dp'
----------------------------------------
>>> RUNNING: input/data/punch/csv_format/punch-eu18-01-u.csv
make[1]: Entering directory '/workspaces/fit-dp'
export OMP_PROC_BIND=spread && export OMP_PLACES=threads && ./knfs
Parsed graph with 149092 vertices and 423755 edges. Source is 149090 and sink is 149091.
>> IO Time (CSV Read): 0.142588 seconds.

Kokkos initialized on: N6Kokkos6OpenMPE
>> Graph Build & Init Time: 0.706798 seconds.

[FINISHED] Total Iterations: 24381
>> Algorithm Runtime: 0.37266 seconds.
------------------------------------------
TOTAL Runtime (IO + Init + Algo): 1.22204 seconds.
MAX FLOW IS 167
make[1]: Leaving directory '/workspaces/fit-dp'
----------------------------------------
>>> RUNNING: input/data/punch/csv_format/punch-us18-02-u.csv
make[1]: Entering directory '/workspaces/fit-dp'
export OMP_PROC_BIND=spread && export OMP_PLACES=threads && ./knfs
Parsed graph with 106568 vertices and 296629 edges. Source is 106566 and sink is 106567.
>> IO Time (CSV Read): 0.1017 seconds.

Kokkos initialized on: N6Kokkos6OpenMPE
>> Graph Build & Init Time: 0.487825 seconds.

[FINISHED] Total Iterations: 67811
>> Algorithm Runtime: 0.875183 seconds.
------------------------------------------
TOTAL Runtime (IO + Init + Algo): 1.46471 seconds.
MAX FLOW IS 91
make[1]: Leaving directory '/workspaces/fit-dp'
----------------------------------------
>>> RUNNING: input/data/punch/csv_format/punch-us20-03-u.csv
make[1]: Entering directory '/workspaces/fit-dp'
export OMP_PROC_BIND=spread && export OMP_PLACES=threads && ./knfs
Parsed graph with 380816 vertices and 1043564 edges. Source is 380814 and sink is 380815.
>> IO Time (CSV Read): 0.356413 seconds.

Kokkos initialized on: N6Kokkos6OpenMPE
>> Graph Build & Init Time: 1.84043 seconds.

[FINISHED] Total Iterations: 8230
>> Algorithm Runtime: 0.20634 seconds.
------------------------------------------
TOTAL Runtime (IO + Init + Algo): 2.40318 seconds.
MAX FLOW IS 34
make[1]: Leaving directory '/workspaces/fit-dp'
----------------------------------------
>>> RUNNING: input/data/punch/csv_format/punch-eu22-09-p.csv
make[1]: Entering directory '/workspaces/fit-dp'
export OMP_PROC_BIND=spread && export OMP_PLACES=threads && ./knfs
Parsed graph with 1965036 vertices and 5484094 edges. Source is 1965034 and sink is 1965035.
>> IO Time (CSV Read): 2.26217 seconds.

Kokkos initialized on: N6Kokkos6OpenMPE
>> Graph Build & Init Time: 10.2471 seconds.

[FINISHED] Total Iterations: 74202
>> Algorithm Runtime: 2.90986 seconds.
------------------------------------------
TOTAL Runtime (IO + Init + Algo): 15.4191 seconds.
MAX FLOW IS 3594556
make[1]: Leaving directory '/workspaces/fit-dp'
----------------------------------------
>>> RUNNING: input/data/punch/csv_format/punch-us22-05-u.csv
make[1]: Entering directory '/workspaces/fit-dp'
export OMP_PROC_BIND=spread && export OMP_PLACES=threads && ./knfs
Parsed graph with 1477359 vertices and 4054405 edges. Source is 1477357 and sink is 1477358.
>> IO Time (CSV Read): 1.46092 seconds.

Kokkos initialized on: N6Kokkos6OpenMPE
>> Graph Build & Init Time: 7.59171 seconds.

[FINISHED] Total Iterations: 3673151
>> Algorithm Runtime: 44.0372 seconds.
------------------------------------------
TOTAL Runtime (IO + Init + Algo): 53.0898 seconds.
MAX FLOW IS 72
make[1]: Leaving directory '/workspaces/fit-dp'
----------------------------------------
>>> RUNNING: input/data/punch/csv_format/punch-eu20-05-p.csv
make[1]: Entering directory '/workspaces/fit-dp'
export OMP_PROC_BIND=spread && export OMP_PLACES=threads && ./knfs
Parsed graph with 462085 vertices and 1277665 edges. Source is 462083 and sink is 462084.
>> IO Time (CSV Read): 0.511938 seconds.

Kokkos initialized on: N6Kokkos6OpenMPE
>> Graph Build & Init Time: 2.24032 seconds.

[FINISHED] Total Iterations: 17503
>> Algorithm Runtime: 0.530291 seconds.
------------------------------------------
TOTAL Runtime (IO + Init + Algo): 3.28255 seconds.
MAX FLOW IS 4455846
make[1]: Leaving directory '/workspaces/fit-dp'
----------------------------------------
>>> RUNNING: input/data/punch/csv_format/punch-us18-06-p.csv
make[1]: Entering directory '/workspaces/fit-dp'
export OMP_PROC_BIND=spread && export OMP_PLACES=threads && ./knfs
Parsed graph with 108254 vertices and 302080 edges. Source is 108252 and sink is 108253.
>> IO Time (CSV Read): 0.118423 seconds.

Kokkos initialized on: N6Kokkos6OpenMPE
>> Graph Build & Init Time: 0.497122 seconds.

[FINISHED] Total Iterations: 8277
>> Algorithm Runtime: 0.161778 seconds.
------------------------------------------
TOTAL Runtime (IO + Init + Algo): 0.777323 seconds.
MAX FLOW IS 660589
make[1]: Leaving directory '/workspaces/fit-dp'
----------------------------------------
>>> RUNNING: input/data/punch/csv_format/punch-eu20-08-p.csv
make[1]: Entering directory '/workspaces/fit-dp'
export OMP_PROC_BIND=spread && export OMP_PLACES=threads && ./knfs
Parsed graph with 510680 vertices and 1464855 edges. Source is 510678 and sink is 510679.
>> IO Time (CSV Read): 0.579234 seconds.

Kokkos initialized on: N6Kokkos6OpenMPE
>> Graph Build & Init Time: 2.59753 seconds.

[FINISHED] Total Iterations: 15689
>> Algorithm Runtime: 0.665531 seconds.
------------------------------------------
TOTAL Runtime (IO + Init + Algo): 3.8423 seconds.
MAX FLOW IS 1021180
make[1]: Leaving directory '/workspaces/fit-dp'
----------------------------------------
>>> RUNNING: input/data/punch/csv_format/punch-eu18-03-p.csv
make[1]: Entering directory '/workspaces/fit-dp'
export OMP_PROC_BIND=spread && export OMP_PLACES=threads && ./knfs
Parsed graph with 137843 vertices and 384696 edges. Source is 137841 and sink is 137842.
>> IO Time (CSV Read): 0.152064 seconds.

Kokkos initialized on: N6Kokkos6OpenMPE
>> Graph Build & Init Time: 0.640535 seconds.

[FINISHED] Total Iterations: 38596
>> Algorithm Runtime: 0.530968 seconds.
------------------------------------------
TOTAL Runtime (IO + Init + Algo): 1.32357 seconds.
MAX FLOW IS 1702442
make[1]: Leaving directory '/workspaces/fit-dp'
----------------------------------------
>>> RUNNING: input/data/punch/csv_format/punch-eu20-01-u.csv
make[1]: Entering directory '/workspaces/fit-dp'
export OMP_PROC_BIND=spread && export OMP_PLACES=threads && ./knfs
Parsed graph with 481683 vertices and 1331277 edges. Source is 481681 and sink is 481682.
>> IO Time (CSV Read): 0.463942 seconds.

Kokkos initialized on: N6Kokkos6OpenMPE
>> Graph Build & Init Time: 2.35625 seconds.

[FINISHED] Total Iterations: 75419
>> Algorithm Runtime: 1.13716 seconds.
------------------------------------------
TOTAL Runtime (IO + Init + Algo): 3.95736 seconds.
MAX FLOW IS 136
make[1]: Leaving directory '/workspaces/fit-dp'
----------------------------------------
>>> RUNNING: input/data/punch/csv_format/punch-eu22-02-u.csv
make[1]: Entering directory '/workspaces/fit-dp'
export OMP_PROC_BIND=spread && export OMP_PLACES=threads && ./knfs
Parsed graph with 1951812 vertices and 5428445 edges. Source is 1951810 and sink is 1951811.
>> IO Time (CSV Read): 1.95684 seconds.

Kokkos initialized on: N6Kokkos6OpenMPE
>> Graph Build & Init Time: 10.1951 seconds.

[FINISHED] Total Iterations: 170015
>> Algorithm Runtime: 3.57315 seconds.
------------------------------------------
TOTAL Runtime (IO + Init + Algo): 15.7251 seconds.
MAX FLOW IS 344
make[1]: Leaving directory '/workspaces/fit-dp'
----------------------------------------
>>> RUNNING: input/data/punch/csv_format/punch-eu22-04-p.csv
make[1]: Entering directory '/workspaces/fit-dp'
export OMP_PROC_BIND=spread && export OMP_PLACES=threads && ./knfs
Parsed graph with 2058281 vertices and 5746109 edges. Source is 2058279 and sink is 2058280.
>> IO Time (CSV Read): 2.36853 seconds.

Kokkos initialized on: N6Kokkos6OpenMPE
>> Graph Build & Init Time: 10.6873 seconds.

[FINISHED] Total Iterations: 46998
>> Algorithm Runtime: 2.77085 seconds.
------------------------------------------
TOTAL Runtime (IO + Init + Algo): 15.8266 seconds.
MAX FLOW IS 3194005
make[1]: Leaving directory '/workspaces/fit-dp'
----------------------------------------
>>> RUNNING: input/data/punch/csv_format/punch-eu18-08-p.csv
make[1]: Entering directory '/workspaces/fit-dp'
export OMP_PROC_BIND=spread && export OMP_PLACES=threads && ./knfs
Parsed graph with 135644 vertices and 379171 edges. Source is 135642 and sink is 135643.
>> IO Time (CSV Read): 0.148145 seconds.

Kokkos initialized on: N6Kokkos6OpenMPE
>> Graph Build & Init Time: 0.630998 seconds.

[FINISHED] Total Iterations: 8661
>> Algorithm Runtime: 0.164818 seconds.
------------------------------------------
TOTAL Runtime (IO + Init + Algo): 0.94396 seconds.
MAX FLOW IS 1061409
make[1]: Leaving directory '/workspaces/fit-dp'
----------------------------------------
>>> RUNNING: input/data/punch/csv_format/punch-eu22-05-p.csv
make[1]: Entering directory '/workspaces/fit-dp'
export OMP_PROC_BIND=spread && export OMP_PLACES=threads && ./knfs
Parsed graph with 2038210 vertices and 5712458 edges. Source is 2038208 and sink is 2038209.
>> IO Time (CSV Read): 2.3293 seconds.

Kokkos initialized on: N6Kokkos6OpenMPE
>> Graph Build & Init Time: 11.134 seconds.

[FINISHED] Total Iterations: 47100
>> Algorithm Runtime: 3.061 seconds.
------------------------------------------
TOTAL Runtime (IO + Init + Algo): 16.5243 seconds.
MAX FLOW IS 5616987
make[1]: Leaving directory '/workspaces/fit-dp'
----------------------------------------
>>> RUNNING: input/data/punch/csv_format/punch-us20-08-p.csv
make[1]: Entering directory '/workspaces/fit-dp'
export OMP_PROC_BIND=spread && export OMP_PLACES=threads && ./knfs
Parsed graph with 272840 vertices and 705845 edges. Source is 272838 and sink is 272839.
>> IO Time (CSV Read): 0.277469 seconds.

Kokkos initialized on: N6Kokkos6OpenMPE
>> Graph Build & Init Time: 1.21633 seconds.

[FINISHED] Total Iterations: 14840
>> Algorithm Runtime: 0.379819 seconds.
------------------------------------------
TOTAL Runtime (IO + Init + Algo): 1.87362 seconds.
MAX FLOW IS 840684
make[1]: Leaving directory '/workspaces/fit-dp'
----------------------------------------
>>> RUNNING: input/data/punch/csv_format/punch-eu18-02-p.csv
make[1]: Entering directory '/workspaces/fit-dp'
export OMP_PROC_BIND=spread && export OMP_PLACES=threads && ./knfs
Parsed graph with 140654 vertices and 392728 edges. Source is 140652 and sink is 140653.
>> IO Time (CSV Read): 0.152204 seconds.

Kokkos initialized on: N6Kokkos6OpenMPE
>> Graph Build & Init Time: 0.648263 seconds.

[FINISHED] Total Iterations: 7119
>> Algorithm Runtime: 0.165353 seconds.
------------------------------------------
TOTAL Runtime (IO + Init + Algo): 0.965819 seconds.
MAX FLOW IS 1501854
make[1]: Leaving directory '/workspaces/fit-dp'
----------------------------------------
>>> RUNNING: input/data/punch/csv_format/punch-us18-02-p.csv
make[1]: Entering directory '/workspaces/fit-dp'
export OMP_PROC_BIND=spread && export OMP_PLACES=threads && ./knfs
Parsed graph with 106568 vertices and 296629 edges. Source is 106566 and sink is 106567.
>> IO Time (CSV Read): 0.116673 seconds.

Kokkos initialized on: N6Kokkos6OpenMPE
>> Graph Build & Init Time: 0.488403 seconds.

[FINISHED] Total Iterations: 7474
>> Algorithm Runtime: 0.254973 seconds.
------------------------------------------
TOTAL Runtime (IO + Init + Algo): 0.860049 seconds.
MAX FLOW IS 910964
make[1]: Leaving directory '/workspaces/fit-dp'
----------------------------------------
>>> RUNNING: input/data/punch/csv_format/punch-eu22-03-u.csv
make[1]: Entering directory '/workspaces/fit-dp'
export OMP_PROC_BIND=spread && export OMP_PLACES=threads && ./knfs
Parsed graph with 650304 vertices and 1806674 edges. Source is 650302 and sink is 650303.
>> IO Time (CSV Read): 0.621126 seconds.

Kokkos initialized on: N6Kokkos6OpenMPE
>> Graph Build & Init Time: 3.25142 seconds.

[FINISHED] Total Iterations: 329784
>> Algorithm Runtime: 4.28955 seconds.
------------------------------------------
TOTAL Runtime (IO + Init + Algo): 8.16209 seconds.
MAX FLOW IS 227
make[1]: Leaving directory '/workspaces/fit-dp'
----------------------------------------
>>> RUNNING: input/data/punch/csv_format/punch-eu18-10-p.csv
make[1]: Entering directory '/workspaces/fit-dp'
export OMP_PROC_BIND=spread && export OMP_PLACES=threads && ./knfs
Parsed graph with 113842 vertices and 330887 edges. Source is 113840 and sink is 113841.
>> IO Time (CSV Read): 0.12926 seconds.

Kokkos initialized on: N6Kokkos6OpenMPE
>> Graph Build & Init Time: 0.554953 seconds.

[FINISHED] Total Iterations: 1768
>> Algorithm Runtime: 0.0468013 seconds.
------------------------------------------
TOTAL Runtime (IO + Init + Algo): 0.731015 seconds.
MAX FLOW IS 150121
make[1]: Leaving directory '/workspaces/fit-dp'
----------------------------------------
>>> RUNNING: input/data/punch/csv_format/punch-us22-02-u.csv
make[1]: Entering directory '/workspaces/fit-dp'
export OMP_PROC_BIND=spread && export OMP_PLACES=threads && ./knfs
Parsed graph with 1537330 vertices and 4226114 edges. Source is 1537328 and sink is 1537329.
>> IO Time (CSV Read): 1.5151 seconds.

Kokkos initialized on: N6Kokkos6OpenMPE
>> Graph Build & Init Time: 7.89449 seconds.

[FINISHED] Total Iterations: 1272671
>> Algorithm Runtime: 16.0953 seconds.
------------------------------------------
TOTAL Runtime (IO + Init + Algo): 25.5049 seconds.
MAX FLOW IS 111
make[1]: Leaving directory '/workspaces/fit-dp'
----------------------------------------
>>> RUNNING: input/data/punch/csv_format/punch-eu22-10-u.csv
make[1]: Entering directory '/workspaces/fit-dp'
export OMP_PROC_BIND=spread && export OMP_PLACES=threads && ./knfs
Parsed graph with 2020897 vertices and 5715868 edges. Source is 2020895 and sink is 2020896.
>> IO Time (CSV Read): 2.04797 seconds.

Kokkos initialized on: N6Kokkos6OpenMPE
>> Graph Build & Init Time: 11.1385 seconds.

[FINISHED] Total Iterations: 3610342
>> Algorithm Runtime: 43.7159 seconds.
------------------------------------------
TOTAL Runtime (IO + Init + Algo): 56.9024 seconds.
MAX FLOW IS 130
make[1]: Leaving directory '/workspaces/fit-dp'
----------------------------------------
>>> RUNNING: input/data/punch/csv_format/punch-eu20-09-p.csv
make[1]: Entering directory '/workspaces/fit-dp'
export OMP_PROC_BIND=spread && export OMP_PLACES=threads && ./knfs
Parsed graph with 541793 vertices and 1544784 edges. Source is 541791 and sink is 541792.
>> IO Time (CSV Read): 0.612592 seconds.

Kokkos initialized on: N6Kokkos6OpenMPE
>> Graph Build & Init Time: 2.72903 seconds.

[FINISHED] Total Iterations: 17083
>> Algorithm Runtime: 0.579925 seconds.
------------------------------------------
TOTAL Runtime (IO + Init + Algo): 3.92155 seconds.
MAX FLOW IS 1932694
make[1]: Leaving directory '/workspaces/fit-dp'
----------------------------------------
>>> RUNNING: input/data/punch/csv_format/punch-eu18-04-p.csv
make[1]: Entering directory '/workspaces/fit-dp'
export OMP_PROC_BIND=spread && export OMP_PLACES=threads && ./knfs
Parsed graph with 131688 vertices and 385247 edges. Source is 131686 and sink is 131687.
>> IO Time (CSV Read): 0.170425 seconds.

Kokkos initialized on: N6Kokkos6OpenMPE
>> Graph Build & Init Time: 0.63136 seconds.

[FINISHED] Total Iterations: 4130
>> Algorithm Runtime: 0.0767417 seconds.
------------------------------------------
TOTAL Runtime (IO + Init + Algo): 0.878527 seconds.
MAX FLOW IS 1021603
make[1]: Leaving directory '/workspaces/fit-dp'
----------------------------------------
>>> RUNNING: input/data/punch/csv_format/punch-us20-08-u.csv
make[1]: Entering directory '/workspaces/fit-dp'
export OMP_PROC_BIND=spread && export OMP_PLACES=threads && ./knfs
Parsed graph with 272840 vertices and 705845 edges. Source is 272838 and sink is 272839.
>> IO Time (CSV Read): 0.24677 seconds.

Kokkos initialized on: N6Kokkos6OpenMPE
>> Graph Build & Init Time: 1.21141 seconds.

[FINISHED] Total Iterations: 226803
>> Algorithm Runtime: 2.75161 seconds.
------------------------------------------
TOTAL Runtime (IO + Init + Algo): 4.20979 seconds.
MAX FLOW IS 84
make[1]: Leaving directory '/workspaces/fit-dp'
----------------------------------------
>>> RUNNING: input/data/punch/csv_format/punch-eu22-01-u.csv
make[1]: Entering directory '/workspaces/fit-dp'
export OMP_PROC_BIND=spread && export OMP_PLACES=threads && ./knfs
Parsed graph with 1965433 vertices and 5495281 edges. Source is 1965431 and sink is 1965432.
>> IO Time (CSV Read): 2.02827 seconds.

Kokkos initialized on: N6Kokkos6OpenMPE
>> Graph Build & Init Time: 10.297 seconds.

[FINISHED] Total Iterations: 196137
>> Algorithm Runtime: 3.66219 seconds.
------------------------------------------
TOTAL Runtime (IO + Init + Algo): 15.9875 seconds.
MAX FLOW IS 296
make[1]: Leaving directory '/workspaces/fit-dp'
----------------------------------------
>>> RUNNING: input/data/punch/csv_format/punch-us18-09-u.csv
make[1]: Entering directory '/workspaces/fit-dp'
export OMP_PROC_BIND=spread && export OMP_PLACES=threads && ./knfs
Parsed graph with 84661 vertices and 237152 edges. Source is 84659 and sink is 84660.
>> IO Time (CSV Read): 0.081994 seconds.

Kokkos initialized on: N6Kokkos6OpenMPE
>> Graph Build & Init Time: 0.38782 seconds.

[FINISHED] Total Iterations: 22995
>> Algorithm Runtime: 0.363953 seconds.
------------------------------------------
TOTAL Runtime (IO + Init + Algo): 0.833767 seconds.
MAX FLOW IS 19
make[1]: Leaving directory '/workspaces/fit-dp'
----------------------------------------
>>> RUNNING: input/data/punch/csv_format/punch-eu18-07-u.csv
make[1]: Entering directory '/workspaces/fit-dp'
export OMP_PROC_BIND=spread && export OMP_PLACES=threads && ./knfs
Parsed graph with 127746 vertices and 356758 edges. Source is 127744 and sink is 127745.
>> IO Time (CSV Read): 0.12243 seconds.

Kokkos initialized on: N6Kokkos6OpenMPE
>> Graph Build & Init Time: 0.585228 seconds.

[FINISHED] Total Iterations: 26325
>> Algorithm Runtime: 0.41447 seconds.
------------------------------------------
TOTAL Runtime (IO + Init + Algo): 1.12213 seconds.
MAX FLOW IS 34
make[1]: Leaving directory '/workspaces/fit-dp'
----------------------------------------
>>> RUNNING: input/data/punch/csv_format/punch-eu22-04-u.csv
make[1]: Entering directory '/workspaces/fit-dp'
export OMP_PROC_BIND=spread && export OMP_PLACES=threads && ./knfs
Parsed graph with 2058281 vertices and 5746109 edges. Source is 2058279 and sink is 2058280.
>> IO Time (CSV Read): 2.09231 seconds.

Kokkos initialized on: N6Kokkos6OpenMPE
>> Graph Build & Init Time: 10.6991 seconds.

[FINISHED] Total Iterations: 633958
>> Algorithm Runtime: 8.95049 seconds.
------------------------------------------
TOTAL Runtime (IO + Init + Algo): 21.7419 seconds.
MAX FLOW IS 319
make[1]: Leaving directory '/workspaces/fit-dp'
----------------------------------------
>>> RUNNING: input/data/punch/csv_format/punch-eu22-08-p.csv
make[1]: Entering directory '/workspaces/fit-dp'
export OMP_PROC_BIND=spread && export OMP_PLACES=threads && ./knfs
Parsed graph with 1904111 vertices and 5288380 edges. Source is 1904109 and sink is 1904110.
>> IO Time (CSV Read): 2.12443 seconds.

Kokkos initialized on: N6Kokkos6OpenMPE
>> Graph Build & Init Time: 9.83359 seconds.

[FINISHED] Total Iterations: 50699
>> Algorithm Runtime: 2.1541 seconds.
------------------------------------------
TOTAL Runtime (IO + Init + Algo): 14.1121 seconds.
MAX FLOW IS 951165
make[1]: Leaving directory '/workspaces/fit-dp'
----------------------------------------
>>> RUNNING: input/data/punch/csv_format/punch-us22-06-p.csv
make[1]: Entering directory '/workspaces/fit-dp'
export OMP_PROC_BIND=spread && export OMP_PLACES=threads && ./knfs
Parsed graph with 1590209 vertices and 4420072 edges. Source is 1590207 and sink is 1590208.
>> IO Time (CSV Read): 1.78638 seconds.

Kokkos initialized on: N6Kokkos6OpenMPE
>> Graph Build & Init Time: 8.30772 seconds.

[FINISHED] Total Iterations: 42250
>> Algorithm Runtime: 1.85929 seconds.
------------------------------------------
TOTAL Runtime (IO + Init + Algo): 11.9534 seconds.
MAX FLOW IS 420310
make[1]: Leaving directory '/workspaces/fit-dp'
----------------------------------------
>>> RUNNING: input/data/punch/csv_format/punch-us20-01-u.csv
make[1]: Entering directory '/workspaces/fit-dp'
export OMP_PROC_BIND=spread && export OMP_PLACES=threads && ./knfs
Parsed graph with 445166 vertices and 1250535 edges. Source is 445164 and sink is 445165.
>> IO Time (CSV Read): 0.436249 seconds.

Kokkos initialized on: N6Kokkos6OpenMPE
>> Graph Build & Init Time: 2.21818 seconds.

[FINISHED] Total Iterations: 411867
>> Algorithm Runtime: 5.22283 seconds.
------------------------------------------
TOTAL Runtime (IO + Init + Algo): 7.87726 seconds.
MAX FLOW IS 46
make[1]: Leaving directory '/workspaces/fit-dp'
----------------------------------------
>>> RUNNING: input/data/punch/csv_format/punch-us20-07-p.csv
make[1]: Entering directory '/workspaces/fit-dp'
export OMP_PROC_BIND=spread && export OMP_PLACES=threads && ./knfs
Parsed graph with 415508 vertices and 1156279 edges. Source is 415506 and sink is 415507.
>> IO Time (CSV Read): 0.468243 seconds.

Kokkos initialized on: N6Kokkos6OpenMPE
>> Graph Build & Init Time: 2.04558 seconds.

[FINISHED] Total Iterations: 15639
>> Algorithm Runtime: 0.600944 seconds.
------------------------------------------
TOTAL Runtime (IO + Init + Algo): 3.11476 seconds.
MAX FLOW IS 730738
make[1]: Leaving directory '/workspaces/fit-dp'
----------------------------------------
>>> RUNNING: input/data/punch/csv_format/punch-us20-03-p.csv
make[1]: Entering directory '/workspaces/fit-dp'
export OMP_PROC_BIND=spread && export OMP_PLACES=threads && ./knfs
Parsed graph with 380816 vertices and 1043564 edges. Source is 380814 and sink is 380815.
>> IO Time (CSV Read): 0.412702 seconds.

Kokkos initialized on: N6Kokkos6OpenMPE
>> Graph Build & Init Time: 1.83899 seconds.

[FINISHED] Total Iterations: 6299
>> Algorithm Runtime: 0.258741 seconds.
------------------------------------------
TOTAL Runtime (IO + Init + Algo): 2.51043 seconds.
MAX FLOW IS 340306
make[1]: Leaving directory '/workspaces/fit-dp'
----------------------------------------
>>> RUNNING: input/data/punch/csv_format/punch-eu18-04-u.csv
make[1]: Entering directory '/workspaces/fit-dp'
export OMP_PROC_BIND=spread && export OMP_PLACES=threads && ./knfs
Parsed graph with 131688 vertices and 385247 edges. Source is 131686 and sink is 131687.
>> IO Time (CSV Read): 0.13236 seconds.

Kokkos initialized on: N6Kokkos6OpenMPE
>> Graph Build & Init Time: 0.646394 seconds.

[FINISHED] Total Iterations: 13060
>> Algorithm Runtime: 0.156113 seconds.
------------------------------------------
TOTAL Runtime (IO + Init + Algo): 0.934866 seconds.
MAX FLOW IS 102
make[1]: Leaving directory '/workspaces/fit-dp'
----------------------------------------
>>> RUNNING: input/data/punch/csv_format/punch-us18-04-p.csv
make[1]: Entering directory '/workspaces/fit-dp'
export OMP_PROC_BIND=spread && export OMP_PLACES=threads && ./knfs
Parsed graph with 126463 vertices and 359471 edges. Source is 126461 and sink is 126462.
>> IO Time (CSV Read): 0.141205 seconds.

Kokkos initialized on: N6Kokkos6OpenMPE
>> Graph Build & Init Time: 0.601431 seconds.

[FINISHED] Total Iterations: 7462
>> Algorithm Runtime: 0.197634 seconds.
------------------------------------------
TOTAL Runtime (IO + Init + Algo): 0.940269 seconds.
MAX FLOW IS 1231647
make[1]: Leaving directory '/workspaces/fit-dp'
----------------------------------------
>>> RUNNING: input/data/punch/csv_format/punch-us18-04-u.csv
make[1]: Entering directory '/workspaces/fit-dp'
export OMP_PROC_BIND=spread && export OMP_PLACES=threads && ./knfs
Parsed graph with 126463 vertices and 359471 edges. Source is 126461 and sink is 126462.
>> IO Time (CSV Read): 0.121475 seconds.

Kokkos initialized on: N6Kokkos6OpenMPE
>> Graph Build & Init Time: 0.597912 seconds.

[FINISHED] Total Iterations: 22138
>> Algorithm Runtime: 0.368416 seconds.
------------------------------------------
TOTAL Runtime (IO + Init + Algo): 1.0878 seconds.
MAX FLOW IS 123
make[1]: Leaving directory '/workspaces/fit-dp'
----------------------------------------
>>> RUNNING: input/data/punch/csv_format/punch-eu22-05-u.csv
make[1]: Entering directory '/workspaces/fit-dp'
export OMP_PROC_BIND=spread && export OMP_PLACES=threads && ./knfs
Parsed graph with 2038210 vertices and 5712458 edges. Source is 2038208 and sink is 2038209.
>> IO Time (CSV Read): 2.04928 seconds.

Kokkos initialized on: N6Kokkos6OpenMPE
>> Graph Build & Init Time: 10.6528 seconds.

[FINISHED] Total Iterations: 2120697
>> Algorithm Runtime: 26.0865 seconds.
------------------------------------------
TOTAL Runtime (IO + Init + Algo): 38.7887 seconds.
MAX FLOW IS 561
make[1]: Leaving directory '/workspaces/fit-dp'
----------------------------------------
>>> RUNNING: input/data/punch/csv_format/punch-eu22-09-u.csv
make[1]: Entering directory '/workspaces/fit-dp'
export OMP_PROC_BIND=spread && export OMP_PLACES=threads && ./knfs
Parsed graph with 1965036 vertices and 5484094 edges. Source is 1965034 and sink is 1965035.
>> IO Time (CSV Read): 1.98922 seconds.

Kokkos initialized on: N6Kokkos6OpenMPE
>> Graph Build & Init Time: 10.1784 seconds.

[FINISHED] Total Iterations: 445465
>> Algorithm Runtime: 6.50932 seconds.
------------------------------------------
TOTAL Runtime (IO + Init + Algo): 18.6769 seconds.
MAX FLOW IS 359
make[1]: Leaving directory '/workspaces/fit-dp'
----------------------------------------
>>> RUNNING: input/data/punch/csv_format/punch-us18-07-p.csv
make[1]: Entering directory '/workspaces/fit-dp'
export OMP_PROC_BIND=spread && export OMP_PLACES=threads && ./knfs
Parsed graph with 146230 vertices and 442284 edges. Source is 146228 and sink is 146229.
>> IO Time (CSV Read): 0.17082 seconds.

Kokkos initialized on: N6Kokkos6OpenMPE
>> Graph Build & Init Time: 0.743297 seconds.

[FINISHED] Total Iterations: 13076
>> Algorithm Runtime: 0.34923 seconds.
------------------------------------------
TOTAL Runtime (IO + Init + Algo): 1.26335 seconds.
MAX FLOW IS 951113
make[1]: Leaving directory '/workspaces/fit-dp'
----------------------------------------
>>> RUNNING: input/data/punch/csv_format/punch-eu20-03-p.csv
make[1]: Entering directory '/workspaces/fit-dp'
export OMP_PROC_BIND=spread && export OMP_PLACES=threads && ./knfs
Parsed graph with 416008 vertices and 1132402 edges. Source is 416006 and sink is 416007.
>> IO Time (CSV Read): 0.448027 seconds.

Kokkos initialized on: N6Kokkos6OpenMPE
>> Graph Build & Init Time: 1.98653 seconds.

[FINISHED] Total Iterations: 14188
>> Algorithm Runtime: 0.424154 seconds.
------------------------------------------
TOTAL Runtime (IO + Init + Algo): 2.85871 seconds.
MAX FLOW IS 450547
make[1]: Leaving directory '/workspaces/fit-dp'
----------------------------------------
>>> RUNNING: input/data/punch/csv_format/punch-us22-06-u.csv
make[1]: Entering directory '/workspaces/fit-dp'
export OMP_PROC_BIND=spread && export OMP_PLACES=threads && ./knfs
Parsed graph with 1590209 vertices and 4420072 edges. Source is 1590207 and sink is 1590208.
>> IO Time (CSV Read): 1.57929 seconds.

Kokkos initialized on: N6Kokkos6OpenMPE
>> Graph Build & Init Time: 8.26207 seconds.

[FINISHED] Total Iterations: 112214
>> Algorithm Runtime: 2.16747 seconds.
------------------------------------------
TOTAL Runtime (IO + Init + Algo): 12.0088 seconds.
MAX FLOW IS 42
make[1]: Leaving directory '/workspaces/fit-dp'
----------------------------------------
>>> RUNNING: input/data/punch/csv_format/punch-us22-02-p.csv
make[1]: Entering directory '/workspaces/fit-dp'
export OMP_PROC_BIND=spread && export OMP_PLACES=threads && ./knfs
Parsed graph with 1537330 vertices and 4226114 edges. Source is 1537328 and sink is 1537329.
>> IO Time (CSV Read): 1.7367 seconds.

Kokkos initialized on: N6Kokkos6OpenMPE
>> Graph Build & Init Time: 7.86866 seconds.

[FINISHED] Total Iterations: 72852
>> Algorithm Runtime: 2.57693 seconds.
------------------------------------------
TOTAL Runtime (IO + Init + Algo): 12.1823 seconds.
MAX FLOW IS 1110956
make[1]: Leaving directory '/workspaces/fit-dp'
----------------------------------------
>>> RUNNING: input/data/punch/csv_format/punch-us20-06-u.csv
make[1]: Entering directory '/workspaces/fit-dp'
export OMP_PROC_BIND=spread && export OMP_PLACES=threads && ./knfs
Parsed graph with 329054 vertices and 882622 edges. Source is 329052 and sink is 329053.
>> IO Time (CSV Read): 0.303948 seconds.

Kokkos initialized on: N6Kokkos6OpenMPE
>> Graph Build & Init Time: 1.54624 seconds.

[FINISHED] Total Iterations: 628808
>> Algorithm Runtime: 7.47803 seconds.
------------------------------------------
TOTAL Runtime (IO + Init + Algo): 9.32822 seconds.
MAX FLOW IS 62
make[1]: Leaving directory '/workspaces/fit-dp'
----------------------------------------
>>> RUNNING: input/data/punch/csv_format/punch-eu18-09-p.csv
make[1]: Entering directory '/workspaces/fit-dp'
export OMP_PROC_BIND=spread && export OMP_PLACES=threads && ./knfs
Parsed graph with 112231 vertices and 307540 edges. Source is 112229 and sink is 112230.
>> IO Time (CSV Read): 0.120836 seconds.

Kokkos initialized on: N6Kokkos6OpenMPE
>> Graph Build & Init Time: 0.498432 seconds.

[FINISHED] Total Iterations: 2435
>> Algorithm Runtime: 0.0828059 seconds.
------------------------------------------
TOTAL Runtime (IO + Init + Algo): 0.702074 seconds.
MAX FLOW IS 2032682
make[1]: Leaving directory '/workspaces/fit-dp'
----------------------------------------
>>> RUNNING: input/data/punch/csv_format/punch-us18-10-u.csv
make[1]: Entering directory '/workspaces/fit-dp'
export OMP_PROC_BIND=spread && export OMP_PLACES=threads && ./knfs
Parsed graph with 106085 vertices and 294464 edges. Source is 106083 and sink is 106084.
>> IO Time (CSV Read): 0.10146 seconds.

Kokkos initialized on: N6Kokkos6OpenMPE
>> Graph Build & Init Time: 0.487815 seconds.

[FINISHED] Total Iterations: 213443
>> Algorithm Runtime: 2.63697 seconds.
------------------------------------------
TOTAL Runtime (IO + Init + Algo): 3.22625 seconds.
MAX FLOW IS 44
make[1]: Leaving directory '/workspaces/fit-dp'
----------------------------------------
>>> RUNNING: input/data/punch/csv_format/punch-eu20-02-p.csv
make[1]: Entering directory '/workspaces/fit-dp'
export OMP_PROC_BIND=spread && export OMP_PLACES=threads && ./knfs
Parsed graph with 444499 vertices and 1227748 edges. Source is 444497 and sink is 444498.
>> IO Time (CSV Read): 0.485807 seconds.

Kokkos initialized on: N6Kokkos6OpenMPE
>> Graph Build & Init Time: 2.15254 seconds.

[FINISHED] Total Iterations: 16156
>> Algorithm Runtime: 0.662249 seconds.
------------------------------------------
TOTAL Runtime (IO + Init + Algo): 3.30059 seconds.
MAX FLOW IS 440506
make[1]: Leaving directory '/workspaces/fit-dp'
----------------------------------------
>>> RUNNING: input/data/punch/csv_format/punch-us18-05-p.csv
make[1]: Entering directory '/workspaces/fit-dp'
export OMP_PROC_BIND=spread && export OMP_PLACES=threads && ./knfs
Parsed graph with 107109 vertices and 297158 edges. Source is 107107 and sink is 107108.
>> IO Time (CSV Read): 0.115183 seconds.

Kokkos initialized on: N6Kokkos6OpenMPE
>> Graph Build & Init Time: 0.489622 seconds.

[FINISHED] Total Iterations: 7519
>> Algorithm Runtime: 0.171187 seconds.
------------------------------------------
TOTAL Runtime (IO + Init + Algo): 0.775992 seconds.
MAX FLOW IS 820777
make[1]: Leaving directory '/workspaces/fit-dp'
----------------------------------------
>>> RUNNING: input/data/punch/csv_format/punch-us18-09-p.csv
make[1]: Entering directory '/workspaces/fit-dp'
export OMP_PROC_BIND=spread && export OMP_PLACES=threads && ./knfs
Parsed graph with 84661 vertices and 237152 edges. Source is 84659 and sink is 84660.
>> IO Time (CSV Read): 0.090766 seconds.

Kokkos initialized on: N6Kokkos6OpenMPE
>> Graph Build & Init Time: 0.387928 seconds.

[FINISHED] Total Iterations: 3247
>> Algorithm Runtime: 0.0937412 seconds.
------------------------------------------
TOTAL Runtime (IO + Init + Algo): 0.572435 seconds.
MAX FLOW IS 190197
make[1]: Leaving directory '/workspaces/fit-dp'
----------------------------------------
>>> RUNNING: input/data/punch/csv_format/punch-eu22-07-u.csv
make[1]: Entering directory '/workspaces/fit-dp'
export OMP_PROC_BIND=spread && export OMP_PLACES=threads && ./knfs
Parsed graph with 1985251 vertices and 5545536 edges. Source is 1985249 and sink is 1985250.
>> IO Time (CSV Read): 2.00202 seconds.

Kokkos initialized on: N6Kokkos6OpenMPE
>> Graph Build & Init Time: 10.3723 seconds.

[FINISHED] Total Iterations: 348367
>> Algorithm Runtime: 5.67299 seconds.
------------------------------------------
TOTAL Runtime (IO + Init + Algo): 18.0473 seconds.
MAX FLOW IS 321
make[1]: Leaving directory '/workspaces/fit-dp'
----------------------------------------
>>> RUNNING: input/data/punch/csv_format/punch-us22-05-p.csv
make[1]: Entering directory '/workspaces/fit-dp'
export OMP_PROC_BIND=spread && export OMP_PLACES=threads && ./knfs
Parsed graph with 1477359 vertices and 4054405 edges. Source is 1477357 and sink is 1477358.
>> IO Time (CSV Read): 1.59582 seconds.

Kokkos initialized on: N6Kokkos6OpenMPE
>> Graph Build & Init Time: 7.52958 seconds.

[FINISHED] Total Iterations: 68919
>> Algorithm Runtime: 2.14878 seconds.
------------------------------------------
TOTAL Runtime (IO + Init + Algo): 11.2742 seconds.
MAX FLOW IS 720642
make[1]: Leaving directory '/workspaces/fit-dp'
----------------------------------------
>>> RUNNING: input/data/punch/csv_format/punch-eu18-03-u.csv
make[1]: Entering directory '/workspaces/fit-dp'
export OMP_PROC_BIND=spread && export OMP_PLACES=threads && ./knfs
Parsed graph with 137843 vertices and 384696 edges. Source is 137841 and sink is 137842.
>> IO Time (CSV Read): 0.128997 seconds.

Kokkos initialized on: N6Kokkos6OpenMPE
>> Graph Build & Init Time: 0.635446 seconds.

[FINISHED] Total Iterations: 316952
>> Algorithm Runtime: 3.80144 seconds.
------------------------------------------
TOTAL Runtime (IO + Init + Algo): 4.56588 seconds.
MAX FLOW IS 170
make[1]: Leaving directory '/workspaces/fit-dp'
----------------------------------------
>>> RUNNING: input/data/punch/csv_format/punch-eu20-06-u.csv
make[1]: Entering directory '/workspaces/fit-dp'
export OMP_PROC_BIND=spread && export OMP_PLACES=threads && ./knfs
Parsed graph with 451020 vertices and 1263561 edges. Source is 451018 and sink is 451019.
>> IO Time (CSV Read): 0.442057 seconds.

Kokkos initialized on: N6Kokkos6OpenMPE
>> Graph Build & Init Time: 2.22655 seconds.

[FINISHED] Total Iterations: 61137
>> Algorithm Runtime: 1.01337 seconds.
------------------------------------------
TOTAL Runtime (IO + Init + Algo): 3.68197 seconds.
MAX FLOW IS 82
make[1]: Leaving directory '/workspaces/fit-dp'
----------------------------------------
>>> RUNNING: input/data/punch/csv_format/punch-eu20-03-u.csv
make[1]: Entering directory '/workspaces/fit-dp'
export OMP_PROC_BIND=spread && export OMP_PLACES=threads && ./knfs
Parsed graph with 416008 vertices and 1132402 edges. Source is 416006 and sink is 416007.
>> IO Time (CSV Read): 0.39934 seconds.

Kokkos initialized on: N6Kokkos6OpenMPE
>> Graph Build & Init Time: 1.98359 seconds.

[FINISHED] Total Iterations: 151997
>> Algorithm Runtime: 2.01664 seconds.
------------------------------------------
TOTAL Runtime (IO + Init + Algo): 4.39957 seconds.
MAX FLOW IS 45
make[1]: Leaving directory '/workspaces/fit-dp'
----------------------------------------
>>> RUNNING: input/data/punch/csv_format/punch-eu18-02-u.csv
make[1]: Entering directory '/workspaces/fit-dp'
export OMP_PROC_BIND=spread && export OMP_PLACES=threads && ./knfs
Parsed graph with 140654 vertices and 392728 edges. Source is 140652 and sink is 140653.
>> IO Time (CSV Read): 0.132604 seconds.

Kokkos initialized on: N6Kokkos6OpenMPE
>> Graph Build & Init Time: 0.649565 seconds.

[FINISHED] Total Iterations: 288138
>> Algorithm Runtime: 3.44383 seconds.
------------------------------------------
TOTAL Runtime (IO + Init + Algo): 4.226 seconds.
MAX FLOW IS 150
make[1]: Leaving directory '/workspaces/fit-dp'
----------------------------------------
>>> RUNNING: input/data/punch/csv_format/punch-eu18-08-u.csv
make[1]: Entering directory '/workspaces/fit-dp'
export OMP_PROC_BIND=spread && export OMP_PLACES=threads && ./knfs
Parsed graph with 135644 vertices and 379171 edges. Source is 135642 and sink is 135643.
>> IO Time (CSV Read): 0.130521 seconds.

Kokkos initialized on: N6Kokkos6OpenMPE
>> Graph Build & Init Time: 0.628622 seconds.

[FINISHED] Total Iterations: 137525
>> Algorithm Runtime: 1.57398 seconds.
------------------------------------------
TOTAL Runtime (IO + Init + Algo): 2.33312 seconds.
MAX FLOW IS 106
make[1]: Leaving directory '/workspaces/fit-dp'
----------------------------------------
>>> RUNNING: input/data/punch/csv_format/punch-us22-07-u.csv
make[1]: Entering directory '/workspaces/fit-dp'
export OMP_PROC_BIND=spread && export OMP_PLACES=threads && ./knfs
Parsed graph with 1837712 vertices and 5165173 edges. Source is 1837710 and sink is 1837711.
>> IO Time (CSV Read): 1.8535 seconds.

Kokkos initialized on: N6Kokkos6OpenMPE
>> Graph Build & Init Time: 9.69535 seconds.

[FINISHED] Total Iterations: 233204
>> Algorithm Runtime: 3.98208 seconds.
------------------------------------------
TOTAL Runtime (IO + Init + Algo): 15.5309 seconds.
MAX FLOW IS 243
make[1]: Leaving directory '/workspaces/fit-dp'
----------------------------------------
>>> RUNNING: input/data/punch/csv_format/punch-eu20-10-u.csv
make[1]: Entering directory '/workspaces/fit-dp'
export OMP_PROC_BIND=spread && export OMP_PLACES=threads && ./knfs
Parsed graph with 201814 vertices and 516097 edges. Source is 201812 and sink is 201813.
>> IO Time (CSV Read): 0.185624 seconds.

Kokkos initialized on: N6Kokkos6OpenMPE
>> Graph Build & Init Time: 0.877805 seconds.

[FINISHED] Total Iterations: 319461
>> Algorithm Runtime: 3.8936 seconds.
------------------------------------------
TOTAL Runtime (IO + Init + Algo): 4.95703 seconds.
MAX FLOW IS 46
make[1]: Leaving directory '/workspaces/fit-dp'
----------------------------------------
>>> RUNNING: input/data/punch/csv_format/punch-us22-08-u.csv
make[1]: Entering directory '/workspaces/fit-dp'
export OMP_PROC_BIND=spread && export OMP_PLACES=threads && ./knfs
Parsed graph with 1837657 vertices and 5139209 edges. Source is 1837655 and sink is 1837656.
>> IO Time (CSV Read): 1.89945 seconds.

Kokkos initialized on: N6Kokkos6OpenMPE
>> Graph Build & Init Time: 9.63787 seconds.

[FINISHED] Total Iterations: 61458
>> Algorithm Runtime: 2.20415 seconds.
------------------------------------------
TOTAL Runtime (IO + Init + Algo): 13.7415 seconds.
MAX FLOW IS 164
make[1]: Leaving directory '/workspaces/fit-dp'
----------------------------------------
>>> RUNNING: input/data/punch/csv_format/punch-eu20-05-u.csv
make[1]: Entering directory '/workspaces/fit-dp'
export OMP_PROC_BIND=spread && export OMP_PLACES=threads && ./knfs
Parsed graph with 462085 vertices and 1277665 edges. Source is 462083 and sink is 462084.
>> IO Time (CSV Read): 0.446072 seconds.

Kokkos initialized on: N6Kokkos6OpenMPE
>> Graph Build & Init Time: 2.22886 seconds.

[FINISHED] Total Iterations: 502457
>> Algorithm Runtime: 6.05371 seconds.
------------------------------------------
TOTAL Runtime (IO + Init + Algo): 8.72865 seconds.
MAX FLOW IS 445
make[1]: Leaving directory '/workspaces/fit-dp'
----------------------------------------
>>> RUNNING: input/data/punch/csv_format/punch-eu18-06-u.csv
make[1]: Entering directory '/workspaces/fit-dp'
export OMP_PROC_BIND=spread && export OMP_PLACES=threads && ./knfs
Parsed graph with 151080 vertices and 421220 edges. Source is 151078 and sink is 151079.
>> IO Time (CSV Read): 0.142798 seconds.

Kokkos initialized on: N6Kokkos6OpenMPE
>> Graph Build & Init Time: 0.693258 seconds.

[FINISHED] Total Iterations: 121621
>> Algorithm Runtime: 1.55789 seconds.
------------------------------------------
TOTAL Runtime (IO + Init + Algo): 2.39395 seconds.
MAX FLOW IS 155
make[1]: Leaving directory '/workspaces/fit-dp'
----------------------------------------
>>> RUNNING: input/data/punch/csv_format/punch-eu20-02-u.csv
make[1]: Entering directory '/workspaces/fit-dp'
export OMP_PROC_BIND=spread && export OMP_PLACES=threads && ./knfs
Parsed graph with 444499 vertices and 1227748 edges. Source is 444497 and sink is 444498.
>> IO Time (CSV Read): 0.428844 seconds.

Kokkos initialized on: N6Kokkos6OpenMPE
>> Graph Build & Init Time: 2.15108 seconds.

[FINISHED] Total Iterations: 70870
>> Algorithm Runtime: 1.10189 seconds.
------------------------------------------
TOTAL Runtime (IO + Init + Algo): 3.68181 seconds.
MAX FLOW IS 44
make[1]: Leaving directory '/workspaces/fit-dp'
----------------------------------------
>>> RUNNING: input/data/punch/csv_format/punch-eu22-07-p.csv
make[1]: Entering directory '/workspaces/fit-dp'
export OMP_PROC_BIND=spread && export OMP_PLACES=threads && ./knfs
Parsed graph with 1985251 vertices and 5545536 edges. Source is 1985249 and sink is 1985250.
>> IO Time (CSV Read): 2.29539 seconds.

Kokkos initialized on: N6Kokkos6OpenMPE
>> Graph Build & Init Time: 10.3856 seconds.

[FINISHED] Total Iterations: 31030
>> Algorithm Runtime: 2.19805 seconds.
------------------------------------------
TOTAL Runtime (IO + Init + Algo): 14.879 seconds.
MAX FLOW IS 3214238
make[1]: Leaving directory '/workspaces/fit-dp'
----------------------------------------
>>> RUNNING: input/data/punch/csv_format/punch-eu20-09-u.csv
make[1]: Entering directory '/workspaces/fit-dp'
export OMP_PROC_BIND=spread && export OMP_PLACES=threads && ./knfs
Parsed graph with 541793 vertices and 1544784 edges. Source is 541791 and sink is 541792.
>> IO Time (CSV Read): 0.533235 seconds.

Kokkos initialized on: N6Kokkos6OpenMPE
>> Graph Build & Init Time: 2.71663 seconds.

[FINISHED] Total Iterations: 722086
>> Algorithm Runtime: 8.6705 seconds.
------------------------------------------
TOTAL Runtime (IO + Init + Algo): 11.9204 seconds.
MAX FLOW IS 193
make[1]: Leaving directory '/workspaces/fit-dp'
----------------------------------------
>>> RUNNING: input/data/punch/csv_format/punch-eu20-10-p.csv
make[1]: Entering directory '/workspaces/fit-dp'
export OMP_PROC_BIND=spread && export OMP_PLACES=threads && ./knfs
Parsed graph with 201814 vertices and 516097 edges. Source is 201812 and sink is 201813.
>> IO Time (CSV Read): 0.200669 seconds.

Kokkos initialized on: N6Kokkos6OpenMPE
>> Graph Build & Init Time: 0.873023 seconds.

[FINISHED] Total Iterations: 22023
>> Algorithm Runtime: 0.529259 seconds.
------------------------------------------
TOTAL Runtime (IO + Init + Algo): 1.60295 seconds.
MAX FLOW IS 460249
make[1]: Leaving directory '/workspaces/fit-dp'
----------------------------------------
>>> RUNNING: input/data/punch/csv_format/punch-eu18-10-u.csv
make[1]: Entering directory '/workspaces/fit-dp'
export OMP_PROC_BIND=spread && export OMP_PLACES=threads && ./knfs
Parsed graph with 113842 vertices and 330887 edges. Source is 113840 and sink is 113841.
>> IO Time (CSV Read): 0.111139 seconds.

Kokkos initialized on: N6Kokkos6OpenMPE
>> Graph Build & Init Time: 0.544983 seconds.

[FINISHED] Total Iterations: 6968
>> Algorithm Runtime: 0.10413 seconds.
------------------------------------------
TOTAL Runtime (IO + Init + Algo): 0.760253 seconds.
MAX FLOW IS 15
make[1]: Leaving directory '/workspaces/fit-dp'
----------------------------------------
>>> RUNNING: input/data/punch/csv_format/punch-eu22-08-u.csv
make[1]: Entering directory '/workspaces/fit-dp'
export OMP_PROC_BIND=spread && export OMP_PLACES=threads && ./knfs
Parsed graph with 1904111 vertices and 5288380 edges. Source is 1904109 and sink is 1904110.
>> IO Time (CSV Read): 1.89173 seconds.

Kokkos initialized on: N6Kokkos6OpenMPE
>> Graph Build & Init Time: 9.80962 seconds.

[FINISHED] Total Iterations: 289859
>> Algorithm Runtime: 4.69876 seconds.
------------------------------------------
TOTAL Runtime (IO + Init + Algo): 16.4001 seconds.
MAX FLOW IS 95
make[1]: Leaving directory '/workspaces/fit-dp'
----------------------------------------
>>> RUNNING: input/data/punch/csv_format/punch-us18-10-p.csv
make[1]: Entering directory '/workspaces/fit-dp'
export OMP_PROC_BIND=spread && export OMP_PLACES=threads && ./knfs
Parsed graph with 106085 vertices and 294464 edges. Source is 106083 and sink is 106084.
>> IO Time (CSV Read): 0.111726 seconds.

Kokkos initialized on: N6Kokkos6OpenMPE
>> Graph Build & Init Time: 0.484772 seconds.

[FINISHED] Total Iterations: 9156
>> Algorithm Runtime: 0.155716 seconds.
------------------------------------------
TOTAL Runtime (IO + Init + Algo): 0.752215 seconds.
MAX FLOW IS 440407
make[1]: Leaving directory '/workspaces/fit-dp'
----------------------------------------
>>> RUNNING: input/data/punch/csv_format/punch-us18-05-u.csv
make[1]: Entering directory '/workspaces/fit-dp'
export OMP_PROC_BIND=spread && export OMP_PLACES=threads && ./knfs
Parsed graph with 107109 vertices and 297158 edges. Source is 107107 and sink is 107108.
>> IO Time (CSV Read): 0.101203 seconds.

Kokkos initialized on: N6Kokkos6OpenMPE
>> Graph Build & Init Time: 0.490102 seconds.

[FINISHED] Total Iterations: 51744
>> Algorithm Runtime: 0.740523 seconds.
------------------------------------------
TOTAL Runtime (IO + Init + Algo): 1.33183 seconds.
MAX FLOW IS 82
make[1]: Leaving directory '/workspaces/fit-dp'
----------------------------------------
>>> RUNNING: input/data/punch/csv_format/punch-us18-06-u.csv
make[1]: Entering directory '/workspaces/fit-dp'
export OMP_PROC_BIND=spread && export OMP_PLACES=threads && ./knfs
Parsed graph with 108254 vertices and 302080 edges. Source is 108252 and sink is 108253.
>> IO Time (CSV Read): 0.103706 seconds.

Kokkos initialized on: N6Kokkos6OpenMPE
>> Graph Build & Init Time: 0.497083 seconds.

[FINISHED] Total Iterations: 242249
>> Algorithm Runtime: 2.80638 seconds.
------------------------------------------
TOTAL Runtime (IO + Init + Algo): 3.40717 seconds.
MAX FLOW IS 66
make[1]: Leaving directory '/workspaces/fit-dp'
----------------------------------------
>>> RUNNING: input/data/punch/csv_format/punch-eu22-10-p.csv
make[1]: Entering directory '/workspaces/fit-dp'
export OMP_PROC_BIND=spread && export OMP_PLACES=threads && ./knfs
Parsed graph with 2020897 vertices and 5715868 edges. Source is 2020895 and sink is 2020896.
>> IO Time (CSV Read): 2.31207 seconds.

Kokkos initialized on: N6Kokkos6OpenMPE
>> Graph Build & Init Time: 10.7663 seconds.

[FINISHED] Total Iterations: 21111
>> Algorithm Runtime: 2.04219 seconds.
------------------------------------------
TOTAL Runtime (IO + Init + Algo): 15.1206 seconds.
MAX FLOW IS 1301694
make[1]: Leaving directory '/workspaces/fit-dp'
----------------------------------------
>>> RUNNING: input/data/punch/csv_format/punch-us18-03-p.csv
make[1]: Entering directory '/workspaces/fit-dp'
export OMP_PROC_BIND=spread && export OMP_PLACES=threads && ./knfs
Parsed graph with 128746 vertices and 373708 edges. Source is 128744 and sink is 128745.
>> IO Time (CSV Read): 0.144885 seconds.

Kokkos initialized on: N6Kokkos6OpenMPE
>> Graph Build & Init Time: 0.619368 seconds.

[FINISHED] Total Iterations: 6672
>> Algorithm Runtime: 0.165102 seconds.
------------------------------------------
TOTAL Runtime (IO + Init + Algo): 0.929355 seconds.
MAX FLOW IS 1201452
make[1]: Leaving directory '/workspaces/fit-dp'
----------------------------------------
>>> RUNNING: input/data/punch/csv_format/punch-us20-04-p.csv
make[1]: Entering directory '/workspaces/fit-dp'
export OMP_PROC_BIND=spread && export OMP_PLACES=threads && ./knfs
Parsed graph with 414379 vertices and 1163771 edges. Source is 414377 and sink is 414378.
>> IO Time (CSV Read): 0.472653 seconds.

Kokkos initialized on: N6Kokkos6OpenMPE
>> Graph Build & Init Time: 2.03403 seconds.

[FINISHED] Total Iterations: 17593
>> Algorithm Runtime: 0.524205 seconds.
------------------------------------------
TOTAL Runtime (IO + Init + Algo): 3.03088 seconds.
MAX FLOW IS 380259
make[1]: Leaving directory '/workspaces/fit-dp'
----------------------------------------
>>> RUNNING: input/data/punch/csv_format/punch-us22-03-p.csv
make[1]: Entering directory '/workspaces/fit-dp'
export OMP_PROC_BIND=spread && export OMP_PLACES=threads && ./knfs
Parsed graph with 1647016 vertices and 4560753 edges. Source is 1647014 and sink is 1647015.
>> IO Time (CSV Read): 1.85288 seconds.

Kokkos initialized on: N6Kokkos6OpenMPE
>> Graph Build & Init Time: 8.54291 seconds.

[FINISHED] Total Iterations: 169243
>> Algorithm Runtime: 3.69578 seconds.
------------------------------------------
TOTAL Runtime (IO + Init + Algo): 14.0916 seconds.
MAX FLOW IS 1641614
make[1]: Leaving directory '/workspaces/fit-dp'
----------------------------------------
>>> RUNNING: input/data/punch/csv_format/punch-us22-01-u.csv
make[1]: Entering directory '/workspaces/fit-dp'
export OMP_PROC_BIND=spread && export OMP_PLACES=threads && ./knfs
Parsed graph with 1605683 vertices and 4486347 edges. Source is 1605681 and sink is 1605682.
>> IO Time (CSV Read): 1.61186 seconds.

Kokkos initialized on: N6Kokkos6OpenMPE
>> Graph Build & Init Time: 8.2011 seconds.

[FINISHED] Total Iterations: 678204
>> Algorithm Runtime: 9.52714 seconds.
------------------------------------------
TOTAL Runtime (IO + Init + Algo): 19.3401 seconds.
MAX FLOW IS 46
make[1]: Leaving directory '/workspaces/fit-dp'
----------------------------------------
>>> RUNNING: input/data/punch/csv_format/punch-us20-09-p.csv
make[1]: Entering directory '/workspaces/fit-dp'
export OMP_PROC_BIND=spread && export OMP_PLACES=threads && ./knfs
Parsed graph with 292215 vertices and 765002 edges. Source is 292213 and sink is 292214.
>> IO Time (CSV Read): 0.301076 seconds.

Kokkos initialized on: N6Kokkos6OpenMPE
>> Graph Build & Init Time: 1.32121 seconds.

[FINISHED] Total Iterations: 18827
>> Algorithm Runtime: 0.553392 seconds.
------------------------------------------
TOTAL Runtime (IO + Init + Algo): 2.17567 seconds.
MAX FLOW IS 1181066
make[1]: Leaving directory '/workspaces/fit-dp'
----------------------------------------
>>> RUNNING: input/data/punch/csv_format/punch-eu18-09-u.csv
make[1]: Entering directory '/workspaces/fit-dp'
export OMP_PROC_BIND=spread && export OMP_PLACES=threads && ./knfs
Parsed graph with 112231 vertices and 307540 edges. Source is 112229 and sink is 112230.
>> IO Time (CSV Read): 0.105757 seconds.

Kokkos initialized on: N6Kokkos6OpenMPE
>> Graph Build & Init Time: 0.503243 seconds.

[FINISHED] Total Iterations: 14770
>> Algorithm Runtime: 0.200737 seconds.
------------------------------------------
TOTAL Runtime (IO + Init + Algo): 0.809736 seconds.
MAX FLOW IS 203
make[1]: Leaving directory '/workspaces/fit-dp'
----------------------------------------
>>> RUNNING: input/data/punch/csv_format/punch-us18-01-u.csv
make[1]: Entering directory '/workspaces/fit-dp'
export OMP_PROC_BIND=spread && export OMP_PLACES=threads && ./knfs
Parsed graph with 86391 vertices and 231233 edges. Source is 86389 and sink is 86390.
>> IO Time (CSV Read): 0.0776968 seconds.

Kokkos initialized on: N6Kokkos6OpenMPE
>> Graph Build & Init Time: 0.370895 seconds.

[FINISHED] Total Iterations: 16602
>> Algorithm Runtime: 0.213472 seconds.
------------------------------------------
TOTAL Runtime (IO + Init + Algo): 0.662064 seconds.
MAX FLOW IS 53
make[1]: Leaving directory '/workspaces/fit-dp'
----------------------------------------
>>> RUNNING: input/data/punch/csv_format/punch-eu20-07-u.csv
make[1]: Entering directory '/workspaces/fit-dp'
export OMP_PROC_BIND=spread && export OMP_PLACES=threads && ./knfs
Parsed graph with 525329 vertices and 1499790 edges. Source is 525327 and sink is 525328.
>> IO Time (CSV Read): 0.515974 seconds.

Kokkos initialized on: N6Kokkos6OpenMPE
>> Graph Build & Init Time: 2.6532 seconds.

[FINISHED] Total Iterations: 107429
>> Algorithm Runtime: 1.57295 seconds.
------------------------------------------
TOTAL Runtime (IO + Init + Algo): 4.74212 seconds.
MAX FLOW IS 356
make[1]: Leaving directory '/workspaces/fit-dp'
----------------------------------------
>>> RUNNING: input/data/punch/csv_format/punch-us20-04-u.csv
make[1]: Entering directory '/workspaces/fit-dp'
export OMP_PROC_BIND=spread && export OMP_PLACES=threads && ./knfs
Parsed graph with 414379 vertices and 1163771 edges. Source is 414377 and sink is 414378.
>> IO Time (CSV Read): 0.403803 seconds.

Kokkos initialized on: N6Kokkos6OpenMPE
>> Graph Build & Init Time: 2.03601 seconds.

[FINISHED] Total Iterations: 46272
>> Algorithm Runtime: 0.840521 seconds.
------------------------------------------
TOTAL Runtime (IO + Init + Algo): 3.28033 seconds.
MAX FLOW IS 38
make[1]: Leaving directory '/workspaces/fit-dp'
----------------------------------------
>>> RUNNING: input/data/punch/csv_format/punch-us20-07-u.csv
make[1]: Entering directory '/workspaces/fit-dp'
export OMP_PROC_BIND=spread && export OMP_PLACES=threads && ./knfs
Parsed graph with 415508 vertices and 1156279 edges. Source is 415506 and sink is 415507.
>> IO Time (CSV Read): 0.406879 seconds.

Kokkos initialized on: N6Kokkos6OpenMPE
>> Graph Build & Init Time: 2.0406 seconds.

[FINISHED] Total Iterations: 104548
>> Algorithm Runtime: 1.64707 seconds.
------------------------------------------
TOTAL Runtime (IO + Init + Algo): 4.09454 seconds.
MAX FLOW IS 73
make[1]: Leaving directory '/workspaces/fit-dp'
----------------------------------------
>>> RUNNING: input/data/punch/csv_format/punch-us20-01-p.csv
make[1]: Entering directory '/workspaces/fit-dp'
export OMP_PROC_BIND=spread && export OMP_PLACES=threads && ./knfs
Parsed graph with 445166 vertices and 1250535 edges. Source is 445164 and sink is 445165.
>> IO Time (CSV Read): 0.501209 seconds.

Kokkos initialized on: N6Kokkos6OpenMPE
>> Graph Build & Init Time: 2.21594 seconds.

[FINISHED] Total Iterations: 29923
>> Algorithm Runtime: 0.70842 seconds.
------------------------------------------
TOTAL Runtime (IO + Init + Algo): 3.42557 seconds.
MAX FLOW IS 460481
make[1]: Leaving directory '/workspaces/fit-dp'
----------------------------------------
>>> RUNNING: input/data/punch/csv_format/punch-us20-02-p.csv
make[1]: Entering directory '/workspaces/fit-dp'
export OMP_PROC_BIND=spread && export OMP_PLACES=threads && ./knfs
Parsed graph with 374410 vertices and 1023881 edges. Source is 374408 and sink is 374409.
>> IO Time (CSV Read): 0.395877 seconds.

Kokkos initialized on: N6Kokkos6OpenMPE
>> Graph Build & Init Time: 1.76663 seconds.

[FINISHED] Total Iterations: 53684
>> Algorithm Runtime: 0.928427 seconds.
------------------------------------------
TOTAL Runtime (IO + Init + Algo): 3.09094 seconds.
MAX FLOW IS 660743
make[1]: Leaving directory '/workspaces/fit-dp'
----------------------------------------
>>> RUNNING: input/data/punch/csv_format/punch-us20-10-p.csv
make[1]: Entering directory '/workspaces/fit-dp'
export OMP_PROC_BIND=spread && export OMP_PLACES=threads && ./knfs
Parsed graph with 385632 vertices and 1044787 edges. Source is 385630 and sink is 385631.
>> IO Time (CSV Read): 0.406944 seconds.

Kokkos initialized on: N6Kokkos6OpenMPE
>> Graph Build & Init Time: 1.80598 seconds.

[FINISHED] Total Iterations: 14375
>> Algorithm Runtime: 0.371803 seconds.
------------------------------------------
TOTAL Runtime (IO + Init + Algo): 2.58473 seconds.
MAX FLOW IS 720537
make[1]: Leaving directory '/workspaces/fit-dp'
----------------------------------------
>>> RUNNING: input/data/punch/csv_format/punch-us22-07-p.csv
make[1]: Entering directory '/workspaces/fit-dp'
export OMP_PROC_BIND=spread && export OMP_PLACES=threads && ./knfs
Parsed graph with 1837712 vertices and 5165173 edges. Source is 1837710 and sink is 1837711.
>> IO Time (CSV Read): 2.0809 seconds.

Kokkos initialized on: N6Kokkos6OpenMPE
>> Graph Build & Init Time: 9.69302 seconds.

[FINISHED] Total Iterations: 123022
>> Algorithm Runtime: 3.8048 seconds.
------------------------------------------
TOTAL Runtime (IO + Init + Algo): 15.5787 seconds.
MAX FLOW IS 2432776
make[1]: Leaving directory '/workspaces/fit-dp'
----------------------------------------
>>> RUNNING: input/data/punch/csv_format/punch-eu18-01-p.csv
make[1]: Entering directory '/workspaces/fit-dp'
export OMP_PROC_BIND=spread && export OMP_PLACES=threads && ./knfs
Parsed graph with 149092 vertices and 423755 edges. Source is 149090 and sink is 149091.
>> IO Time (CSV Read): 0.164781 seconds.

Kokkos initialized on: N6Kokkos6OpenMPE
>> Graph Build & Init Time: 0.703234 seconds.

[FINISHED] Total Iterations: 8297
>> Algorithm Runtime: 0.24684 seconds.
------------------------------------------
TOTAL Runtime (IO + Init + Algo): 1.11485 seconds.
MAX FLOW IS 1672263
make[1]: Leaving directory '/workspaces/fit-dp'
----------------------------------------
>>> RUNNING: input/data/punch/csv_format/punch-eu22-02-p.csv
make[1]: Entering directory '/workspaces/fit-dp'
export OMP_PROC_BIND=spread && export OMP_PLACES=threads && ./knfs
Parsed graph with 1951812 vertices and 5428445 edges. Source is 1951810 and sink is 1951811.
>> IO Time (CSV Read): 2.18325 seconds.

Kokkos initialized on: N6Kokkos6OpenMPE
>> Graph Build & Init Time: 10.1365 seconds.

[FINISHED] Total Iterations: 19478
>> Algorithm Runtime: 2.43678 seconds.
------------------------------------------
TOTAL Runtime (IO + Init + Algo): 14.7565 seconds.
MAX FLOW IS 3444225
make[1]: Leaving directory '/workspaces/fit-dp'
----------------------------------------
>>> RUNNING: input/data/punch/csv_format/punch-eu18-05-p.csv
make[1]: Entering directory '/workspaces/fit-dp'
export OMP_PROC_BIND=spread && export OMP_PLACES=threads && ./knfs
Parsed graph with 154940 vertices and 445647 edges. Source is 154938 and sink is 154939.
>> IO Time (CSV Read): 0.172647 seconds.

Kokkos initialized on: N6Kokkos6OpenMPE
>> Graph Build & Init Time: 0.748303 seconds.

[FINISHED] Total Iterations: 13592
>> Algorithm Runtime: 0.373203 seconds.
------------------------------------------
TOTAL Runtime (IO + Init + Algo): 1.29415 seconds.
MAX FLOW IS 1341717
make[1]: Leaving directory '/workspaces/fit-dp'
----------------------------------------
>>> RUNNING: input/data/punch/csv_format/punch-us22-01-p.csv
make[1]: Entering directory '/workspaces/fit-dp'
export OMP_PROC_BIND=spread && export OMP_PLACES=threads && ./knfs
Parsed graph with 1605683 vertices and 4486347 edges. Source is 1605681 and sink is 1605682.
>> IO Time (CSV Read): 1.83768 seconds.

Kokkos initialized on: N6Kokkos6OpenMPE
>> Graph Build & Init Time: 8.2443 seconds.

[FINISHED] Total Iterations: 57784
>> Algorithm Runtime: 2.89313 seconds.
------------------------------------------
TOTAL Runtime (IO + Init + Algo): 12.9751 seconds.
MAX FLOW IS 460374
make[1]: Leaving directory '/workspaces/fit-dp'
----------------------------------------
>>> RUNNING: input/data/punch/csv_format/punch-us22-03-u.csv
make[1]: Entering directory '/workspaces/fit-dp'
export OMP_PROC_BIND=spread && export OMP_PLACES=threads && ./knfs
Parsed graph with 1647016 vertices and 4560753 edges. Source is 1647014 and sink is 1647015.
>> IO Time (CSV Read): 1.65925 seconds.

Kokkos initialized on: N6Kokkos6OpenMPE
>> Graph Build & Init Time: 8.51406 seconds.

[FINISHED] Total Iterations: 2606748
>> Algorithm Runtime: 31.0428 seconds.
------------------------------------------
TOTAL Runtime (IO + Init + Algo): 41.2161 seconds.
MAX FLOW IS 164
make[1]: Leaving directory '/workspaces/fit-dp'
----------------------------------------
>>> RUNNING: input/data/punch/csv_format/punch-eu18-07-p.csv
make[1]: Entering directory '/workspaces/fit-dp'
export OMP_PROC_BIND=spread && export OMP_PLACES=threads && ./knfs
Parsed graph with 127746 vertices and 356758 edges. Source is 127744 and sink is 127745.
>> IO Time (CSV Read): 0.138315 seconds.

Kokkos initialized on: N6Kokkos6OpenMPE
>> Graph Build & Init Time: 0.584586 seconds.

[FINISHED] Total Iterations: 2216
>> Algorithm Runtime: 0.0805281 seconds.
------------------------------------------
TOTAL Runtime (IO + Init + Algo): 0.803429 seconds.
MAX FLOW IS 340506
make[1]: Leaving directory '/workspaces/fit-dp'
----------------------------------------
>>> RUNNING: input/data/punch/csv_format/punch-us22-04-u.csv
make[1]: Entering directory '/workspaces/fit-dp'
export OMP_PROC_BIND=spread && export OMP_PLACES=threads && ./knfs
Parsed graph with 1453331 vertices and 3960640 edges. Source is 1453329 and sink is 1453330.
>> IO Time (CSV Read): 1.39536 seconds.

Kokkos initialized on: N6Kokkos6OpenMPE
>> Graph Build & Init Time: 7.36414 seconds.

[FINISHED] Total Iterations: 1530421
>> Algorithm Runtime: 18.436 seconds.
------------------------------------------
TOTAL Runtime (IO + Init + Algo): 27.1955 seconds.
MAX FLOW IS 21
make[1]: Leaving directory '/workspaces/fit-dp'
----------------------------------------
>>> RUNNING: input/data/punch/csv_format/punch-eu20-04-p.csv
make[1]: Entering directory '/workspaces/fit-dp'
export OMP_PROC_BIND=spread && export OMP_PLACES=threads && ./knfs
Parsed graph with 600602 vertices and 1685615 edges. Source is 600600 and sink is 600601.
>> IO Time (CSV Read): 0.667031 seconds.

Kokkos initialized on: N6Kokkos6OpenMPE
>> Graph Build & Init Time: 3.00853 seconds.

[FINISHED] Total Iterations: 11234
>> Algorithm Runtime: 0.716974 seconds.
------------------------------------------
TOTAL Runtime (IO + Init + Algo): 4.39254 seconds.
MAX FLOW IS 1822347
make[1]: Leaving directory '/workspaces/fit-dp'
----------------------------------------
>>> RUNNING: input/data/punch/csv_format/punch-eu22-06-p.csv
make[1]: Entering directory '/workspaces/fit-dp'
export OMP_PROC_BIND=spread && export OMP_PLACES=threads && ./knfs
Parsed graph with 2151438 vertices and 6102474 edges. Source is 2151436 and sink is 2151437.
>> IO Time (CSV Read): 2.46692 seconds.

Kokkos initialized on: N6Kokkos6OpenMPE
>> Graph Build & Init Time: 11.4734 seconds.

[FINISHED] Total Iterations: 19451
>> Algorithm Runtime: 2.49533 seconds.
------------------------------------------
TOTAL Runtime (IO + Init + Algo): 16.4357 seconds.
MAX FLOW IS 3143896
make[1]: Leaving directory '/workspaces/fit-dp'
----------------------------------------
>>> RUNNING: input/data/punch/csv_format/punch-us18-08-u.csv
make[1]: Entering directory '/workspaces/fit-dp'
export OMP_PROC_BIND=spread && export OMP_PLACES=threads && ./knfs
Parsed graph with 128583 vertices and 367807 edges. Source is 128581 and sink is 128582.
>> IO Time (CSV Read): 0.123491 seconds.

Kokkos initialized on: N6Kokkos6OpenMPE
>> Graph Build & Init Time: 0.61005 seconds.

[FINISHED] Total Iterations: 129396
>> Algorithm Runtime: 1.59006 seconds.
------------------------------------------
TOTAL Runtime (IO + Init + Algo): 2.3236 seconds.
MAX FLOW IS 80
make[1]: Leaving directory '/workspaces/fit-dp'
----------------------------------------
>>> RUNNING: input/data/punch/csv_format/punch-eu18-05-u.csv
make[1]: Entering directory '/workspaces/fit-dp'
export OMP_PROC_BIND=spread && export OMP_PLACES=threads && ./knfs
Parsed graph with 154940 vertices and 445647 edges. Source is 154938 and sink is 154939.
>> IO Time (CSV Read): 0.152706 seconds.

Kokkos initialized on: N6Kokkos6OpenMPE
>> Graph Build & Init Time: 0.739822 seconds.

[FINISHED] Total Iterations: 59645
>> Algorithm Runtime: 0.810498 seconds.
------------------------------------------
TOTAL Runtime (IO + Init + Algo): 1.70303 seconds.
MAX FLOW IS 134
make[1]: Leaving directory '/workspaces/fit-dp'
----------------------------------------
>>> RUNNING: input/data/punch/csv_format/punch-us22-10-p.csv
make[1]: Entering directory '/workspaces/fit-dp'
export OMP_PROC_BIND=spread && export OMP_PLACES=threads && ./knfs
Parsed graph with 1674084 vertices and 4718690 edges. Source is 1674082 and sink is 1674083.
>> IO Time (CSV Read): 1.91175 seconds.

Kokkos initialized on: N6Kokkos6OpenMPE
>> Graph Build & Init Time: 8.7522 seconds.

[FINISHED] Total Iterations: 40090
>> Algorithm Runtime: 2.06497 seconds.
------------------------------------------
TOTAL Runtime (IO + Init + Algo): 12.7289 seconds.
MAX FLOW IS 600678
make[1]: Leaving directory '/workspaces/fit-dp'
----------------------------------------
>>> RUNNING: input/data/punch/csv_format/punch-us18-08-p.csv
make[1]: Entering directory '/workspaces/fit-dp'
export OMP_PROC_BIND=spread && export OMP_PLACES=threads && ./knfs
Parsed graph with 128583 vertices and 367807 edges. Source is 128581 and sink is 128582.
>> IO Time (CSV Read): 0.143249 seconds.

Kokkos initialized on: N6Kokkos6OpenMPE
>> Graph Build & Init Time: 0.610393 seconds.

[FINISHED] Total Iterations: 13220
>> Algorithm Runtime: 0.226997 seconds.
------------------------------------------
TOTAL Runtime (IO + Init + Algo): 0.980639 seconds.
MAX FLOW IS 800884
make[1]: Leaving directory '/workspaces/fit-dp'
----------------------------------------
>>> RUNNING: input/data/punch/csv_format/punch-us22-08-p.csv
make[1]: Entering directory '/workspaces/fit-dp'
export OMP_PROC_BIND=spread && export OMP_PLACES=threads && ./knfs
Parsed graph with 1837657 vertices and 5139209 edges. Source is 1837655 and sink is 1837656.
>> IO Time (CSV Read): 2.08215 seconds.

Kokkos initialized on: N6Kokkos6OpenMPE
>> Graph Build & Init Time: 9.67648 seconds.

[FINISHED] Total Iterations: 61848
>> Algorithm Runtime: 2.62288 seconds.
------------------------------------------
TOTAL Runtime (IO + Init + Algo): 14.3815 seconds.
MAX FLOW IS 1641830
make[1]: Leaving directory '/workspaces/fit-dp'
----------------------------------------
>>> RUNNING: input/data/punch/csv_format/punch-us22-09-u.csv
make[1]: Entering directory '/workspaces/fit-dp'
export OMP_PROC_BIND=spread && export OMP_PLACES=threads && ./knfs
Parsed graph with 1684311 vertices and 4714830 edges. Source is 1684309 and sink is 1684310.
>> IO Time (CSV Read): 1.70798 seconds.

Kokkos initialized on: N6Kokkos6OpenMPE
>> Graph Build & Init Time: 8.86081 seconds.

[FINISHED] Total Iterations: 1205998
>> Algorithm Runtime: 15.2714 seconds.
------------------------------------------
TOTAL Runtime (IO + Init + Algo): 25.8402 seconds.
MAX FLOW IS 107
make[1]: Leaving directory '/workspaces/fit-dp'
----------------------------------------
>>> RUNNING: input/data/punch/csv_format/punch-us22-04-p.csv
make[1]: Entering directory '/workspaces/fit-dp'
export OMP_PROC_BIND=spread && export OMP_PLACES=threads && ./knfs
Parsed graph with 1453331 vertices and 3960640 edges. Source is 1453329 and sink is 1453330.
>> IO Time (CSV Read): 1.63446 seconds.

Kokkos initialized on: N6Kokkos6OpenMPE
>> Graph Build & Init Time: 7.37323 seconds.

[FINISHED] Total Iterations: 38152
>> Algorithm Runtime: 1.33547 seconds.
------------------------------------------
TOTAL Runtime (IO + Init + Algo): 10.3432 seconds.
MAX FLOW IS 210327
make[1]: Leaving directory '/workspaces/fit-dp'
----------------------------------------
>>> RUNNING: input/data/punch/csv_format/punch-us18-01-p.csv
make[1]: Entering directory '/workspaces/fit-dp'
export OMP_PROC_BIND=spread && export OMP_PLACES=threads && ./knfs
Parsed graph with 86391 vertices and 231233 edges. Source is 86389 and sink is 86390.
>> IO Time (CSV Read): 0.0888462 seconds.

Kokkos initialized on: N6Kokkos6OpenMPE
>> Graph Build & Init Time: 0.373901 seconds.

[FINISHED] Total Iterations: 5825
>> Algorithm Runtime: 0.0981142 seconds.
------------------------------------------
TOTAL Runtime (IO + Init + Algo): 0.560862 seconds.
MAX FLOW IS 530568
make[1]: Leaving directory '/workspaces/fit-dp'
----------------------------------------
>>> RUNNING: input/data/punch/csv_format/punch-us20-02-u.csv
make[1]: Entering directory '/workspaces/fit-dp'
export OMP_PROC_BIND=spread && export OMP_PLACES=threads && ./knfs
Parsed graph with 374410 vertices and 1023881 edges. Source is 374408 and sink is 374409.
>> IO Time (CSV Read): 0.349378 seconds.

Kokkos initialized on: N6Kokkos6OpenMPE
>> Graph Build & Init Time: 1.77584 seconds.

[FINISHED] Total Iterations: 71347
>> Algorithm Runtime: 0.968865 seconds.
------------------------------------------
TOTAL Runtime (IO + Init + Algo): 3.09408 seconds.
MAX FLOW IS 66
make[1]: Leaving directory '/workspaces/fit-dp'
----------------------------------------
>>> RUNNING: input/data/punch/csv_format/punch-eu20-04-u.csv
make[1]: Entering directory '/workspaces/fit-dp'
export OMP_PROC_BIND=spread && export OMP_PLACES=threads && ./knfs
Parsed graph with 600602 vertices and 1685615 edges. Source is 600600 and sink is 600601.
>> IO Time (CSV Read): 0.581 seconds.

Kokkos initialized on: N6Kokkos6OpenMPE
>> Graph Build & Init Time: 3.00649 seconds.

[FINISHED] Total Iterations: 1315996
>> Algorithm Runtime: 15.7361 seconds.
------------------------------------------
TOTAL Runtime (IO + Init + Algo): 19.3236 seconds.
MAX FLOW IS 182
make[1]: Leaving directory '/workspaces/fit-dp'
----------------------------------------
>>> RUNNING: input/data/punch/csv_format/punch-us20-09-u.csv
make[1]: Entering directory '/workspaces/fit-dp'
export OMP_PROC_BIND=spread && export OMP_PLACES=threads && ./knfs
Parsed graph with 292215 vertices and 765002 edges. Source is 292213 and sink is 292214.
>> IO Time (CSV Read): 0.264071 seconds.

Kokkos initialized on: N6Kokkos6OpenMPE
>> Graph Build & Init Time: 1.32557 seconds.

[FINISHED] Total Iterations: 138820
>> Algorithm Runtime: 1.84251 seconds.
------------------------------------------
TOTAL Runtime (IO + Init + Algo): 3.43215 seconds.
MAX FLOW IS 118
make[1]: Leaving directory '/workspaces/fit-dp'
----------------------------------------
>>> RUNNING: input/data/punch/csv_format/punch-eu22-01-p.csv
make[1]: Entering directory '/workspaces/fit-dp'
export OMP_PROC_BIND=spread && export OMP_PLACES=threads && ./knfs
Parsed graph with 1965433 vertices and 5495281 edges. Source is 1965431 and sink is 1965432.
>> IO Time (CSV Read): 2.21513 seconds.

Kokkos initialized on: N6Kokkos6OpenMPE
>> Graph Build & Init Time: 10.3344 seconds.

[FINISHED] Total Iterations: 75315
>> Algorithm Runtime: 2.99088 seconds.
------------------------------------------
TOTAL Runtime (IO + Init + Algo): 15.5404 seconds.
MAX FLOW IS 2963357
make[1]: Leaving directory '/workspaces/fit-dp'
----------------------------------------
>>> RUNNING: input/data/punch/csv_format/punch-us20-06-p.csv
make[1]: Entering directory '/workspaces/fit-dp'
export OMP_PROC_BIND=spread && export OMP_PLACES=threads && ./knfs
Parsed graph with 329054 vertices and 882622 edges. Source is 329052 and sink is 329053.
>> IO Time (CSV Read): 0.339536 seconds.

Kokkos initialized on: N6Kokkos6OpenMPE
>> Graph Build & Init Time: 1.55304 seconds.

[FINISHED] Total Iterations: 28061
>> Algorithm Runtime: 0.594467 seconds.
------------------------------------------
TOTAL Runtime (IO + Init + Algo): 2.48705 seconds.
MAX FLOW IS 620636
make[1]: Leaving directory '/workspaces/fit-dp'
----------------------------------------
>>> RUNNING: input/data/punch/csv_format/punch-eu22-03-p.csv
make[1]: Entering directory '/workspaces/fit-dp'
export OMP_PROC_BIND=spread && export OMP_PLACES=threads && ./knfs
Parsed graph with 650304 vertices and 1806674 edges. Source is 650302 and sink is 650303.
>> IO Time (CSV Read): 0.71333 seconds.

Kokkos initialized on: N6Kokkos6OpenMPE
>> Graph Build & Init Time: 3.22308 seconds.

[FINISHED] Total Iterations: 184075
>> Algorithm Runtime: 2.7776 seconds.
------------------------------------------
TOTAL Runtime (IO + Init + Algo): 6.71401 seconds.
MAX FLOW IS 2272665
make[1]: Leaving directory '/workspaces/fit-dp'
----------------------------------------
>>> RUNNING: input/data/punch/csv_format/punch-us20-10-u.csv
make[1]: Entering directory '/workspaces/fit-dp'
export OMP_PROC_BIND=spread && export OMP_PLACES=threads && ./knfs
Parsed graph with 385632 vertices and 1044787 edges. Source is 385630 and sink is 385631.
>> IO Time (CSV Read): 0.353153 seconds.

Kokkos initialized on: N6Kokkos6OpenMPE
>> Graph Build & Init Time: 1.80868 seconds.

[FINISHED] Total Iterations: 104974
>> Algorithm Runtime: 1.42595 seconds.
------------------------------------------
TOTAL Runtime (IO + Init + Algo): 3.58778 seconds.
MAX FLOW IS 72
make[1]: Leaving directory '/workspaces/fit-dp'
----------------------------------------
>>> RUNNING: input/data/punch/csv_format/punch-us22-09-p.csv
make[1]: Entering directory '/workspaces/fit-dp'
export OMP_PROC_BIND=spread && export OMP_PLACES=threads && ./knfs
Parsed graph with 1684311 vertices and 4714830 edges. Source is 1684309 and sink is 1684310.
>> IO Time (CSV Read): 1.94213 seconds.

Kokkos initialized on: N6Kokkos6OpenMPE
>> Graph Build & Init Time: 8.83018 seconds.

[FINISHED] Total Iterations: 112365
>> Algorithm Runtime: 3.26147 seconds.
------------------------------------------
TOTAL Runtime (IO + Init + Algo): 14.0338 seconds.
MAX FLOW IS 1070999
make[1]: Leaving directory '/workspaces/fit-dp'
----------------------------------------
>>> RUNNING: input/data/punch/csv_format/punch-eu22-06-u.csv
make[1]: Entering directory '/workspaces/fit-dp'
export OMP_PROC_BIND=spread && export OMP_PLACES=threads && ./knfs
Parsed graph with 2151438 vertices and 6102474 edges. Source is 2151436 and sink is 2151437.
>> IO Time (CSV Read): 2.20058 seconds.

Kokkos initialized on: N6Kokkos6OpenMPE
>> Graph Build & Init Time: 11.4908 seconds.

[FINISHED] Total Iterations: 261910
>> Algorithm Runtime: 4.71412 seconds.
------------------------------------------
TOTAL Runtime (IO + Init + Algo): 18.4055 seconds.
MAX FLOW IS 314
make[1]: Leaving directory '/workspaces/fit-dp'
----------------------------------------
>>> RUNNING: input/data/punch/csv_format/punch-us18-03-u.csv
make[1]: Entering directory '/workspaces/fit-dp'
export OMP_PROC_BIND=spread && export OMP_PLACES=threads && ./knfs
Parsed graph with 128746 vertices and 373708 edges. Source is 128744 and sink is 128745.
>> IO Time (CSV Read): 0.130338 seconds.

Kokkos initialized on: N6Kokkos6OpenMPE
>> Graph Build & Init Time: 0.615273 seconds.

[FINISHED] Total Iterations: 24612
>> Algorithm Runtime: 0.426788 seconds.
------------------------------------------
TOTAL Runtime (IO + Init + Algo): 1.1724 seconds.
MAX FLOW IS 120
make[1]: Leaving directory '/workspaces/fit-dp'
----------------------------------------
>>> RUNNING: input/data/punch/csv_format/punch-us20-05-u.csv
make[1]: Entering directory '/workspaces/fit-dp'
export OMP_PROC_BIND=spread && export OMP_PLACES=threads && ./knfs
Parsed graph with 433812 vertices and 1245648 edges. Source is 433810 and sink is 433811.
>> IO Time (CSV Read): 0.432662 seconds.

Kokkos initialized on: N6Kokkos6OpenMPE
>> Graph Build & Init Time: 2.1906 seconds.

[FINISHED] Total Iterations: 61798
>> Algorithm Runtime: 0.954432 seconds.
------------------------------------------
TOTAL Runtime (IO + Init + Algo): 3.5777 seconds.
MAX FLOW IS 90
make[1]: Leaving directory '/workspaces/fit-dp'
----------------------------------------
>>> RUNNING: input/data/punch/csv_format/punch-eu20-06-p.csv
make[1]: Entering directory '/workspaces/fit-dp'
export OMP_PROC_BIND=spread && export OMP_PLACES=threads && ./knfs
Parsed graph with 451020 vertices and 1263561 edges. Source is 451018 and sink is 451019.
>> IO Time (CSV Read): 0.505289 seconds.

Kokkos initialized on: N6Kokkos6OpenMPE
>> Graph Build & Init Time: 2.22577 seconds.

[FINISHED] Total Iterations: 12809
>> Algorithm Runtime: 0.608213 seconds.
------------------------------------------
TOTAL Runtime (IO + Init + Algo): 3.33928 seconds.
MAX FLOW IS 820802
make[1]: Leaving directory '/workspaces/fit-dp'
----------------------------------------
>>> RUNNING: input/data/punch/csv_format/punch-us20-05-p.csv
make[1]: Entering directory '/workspaces/fit-dp'
export OMP_PROC_BIND=spread && export OMP_PLACES=threads && ./knfs
Parsed graph with 433812 vertices and 1245648 edges. Source is 433810 and sink is 433811.
>> IO Time (CSV Read): 0.499313 seconds.

Kokkos initialized on: N6Kokkos6OpenMPE
>> Graph Build & Init Time: 2.18521 seconds.

[FINISHED] Total Iterations: 14235
>> Algorithm Runtime: 0.644549 seconds.
------------------------------------------
TOTAL Runtime (IO + Init + Algo): 3.32907 seconds.
MAX FLOW IS 900894
make[1]: Leaving directory '/workspaces/fit-dp'
----------------------------------------
>>> RUNNING: input/data/punch/csv_format/punch-eu20-07-p.csv
make[1]: Entering directory '/workspaces/fit-dp'
export OMP_PROC_BIND=spread && export OMP_PLACES=threads && ./knfs
Parsed graph with 525329 vertices and 1499790 edges. Source is 525327 and sink is 525328.
>> IO Time (CSV Read): 0.594678 seconds.

Kokkos initialized on: N6Kokkos6OpenMPE
>> Graph Build & Init Time: 2.63695 seconds.

[FINISHED] Total Iterations: 115509
>> Algorithm Runtime: 1.89613 seconds.
------------------------------------------
TOTAL Runtime (IO + Init + Algo): 5.12775 seconds.
MAX FLOW IS 3564424
make[1]: Leaving directory '/workspaces/fit-dp'
----------------------------------------
>>> RUNNING: input/data/punch/csv_format/punch-eu18-06-p.csv
make[1]: Entering directory '/workspaces/fit-dp'
export OMP_PROC_BIND=spread && export OMP_PLACES=threads && ./knfs
Parsed graph with 151080 vertices and 421220 edges. Source is 151078 and sink is 151079.
>> IO Time (CSV Read): 0.164991 seconds.

Kokkos initialized on: N6Kokkos6OpenMPE
>> Graph Build & Init Time: 0.695617 seconds.

[FINISHED] Total Iterations: 4372
>> Algorithm Runtime: 0.124646 seconds.
------------------------------------------
TOTAL Runtime (IO + Init + Algo): 0.985255 seconds.
MAX FLOW IS 1551806
make[1]: Leaving directory '/workspaces/fit-dp'
----------------------------------------
>>> RUNNING: input/data/punch/csv_format/punch-us22-10-u.csv
make[1]: Entering directory '/workspaces/fit-dp'
export OMP_PROC_BIND=spread && export OMP_PLACES=threads && ./knfs
Parsed graph with 1674084 vertices and 4718690 edges. Source is 1674082 and sink is 1674083.
>> IO Time (CSV Read): 1.70483 seconds.

Kokkos initialized on: N6Kokkos6OpenMPE
>> Graph Build & Init Time: 8.76893 seconds.

[FINISHED] Total Iterations: 1041196
>> Algorithm Runtime: 13.5061 seconds.
------------------------------------------
TOTAL Runtime (IO + Init + Algo): 23.9799 seconds.
MAX FLOW IS 60
make[1]: Leaving directory '/workspaces/fit-dp'
----------------------------------------
>>> RUNNING: input/data/3Dseg/csv_format/bone_subxyz.n6c10.max.csv
make[1]: Entering directory '/workspaces/fit-dp'
export OMP_PROC_BIND=spread && export OMP_PLACES=threads && ./knfs
Parsed graph with 983044 vertices and 5734538 edges. Source is 983042 and sink is 983043.
>> IO Time (CSV Read): 2.11946 seconds.

Kokkos initialized on: N6Kokkos6OpenMPE
>> Graph Build & Init Time: 9.65517 seconds.

[FINISHED] Total Iterations: 2627
>> Algorithm Runtime: 0.575417 seconds.
------------------------------------------
TOTAL Runtime (IO + Init + Algo): 12.35 seconds.
MAX FLOW IS 8014
make[1]: Leaving directory '/workspaces/fit-dp'
----------------------------------------
>>> RUNNING: input/data/3Dseg/csv_format/bone_subx.n26c100.max.csv
make[1]: Entering directory '/workspaces/fit-dp'
export OMP_PROC_BIND=spread && export OMP_PLACES=threads && ./knfs
Parsed graph with 3899396 vertices and 63267169 edges. Source is 3899394 and sink is 3899395.
>> IO Time (CSV Read): 24.2231 seconds.

Kokkos initialized on: N6Kokkos6OpenMPE
>> Graph Build & Init Time: 154.086 seconds.

[FINISHED] Total Iterations: 1295
>> Algorithm Runtime: 5.75749 seconds.
------------------------------------------
TOTAL Runtime (IO + Init + Algo): 184.066 seconds.
MAX FLOW IS 353920
make[1]: Leaving directory '/workspaces/fit-dp'
----------------------------------------
>>> RUNNING: input/data/3Dseg/csv_format/liver.n6c100.max.csv
make[1]: Entering directory '/workspaces/fit-dp'
export OMP_PROC_BIND=spread && export OMP_PLACES=threads && ./knfs
Parsed graph with 4161604 vertices and 22008003 edges. Source is 4161602 and sink is 4161603.
>> IO Time (CSV Read): 8.52669 seconds.

Kokkos initialized on: N6Kokkos6OpenMPE
>> Graph Build & Init Time: 39.6858 seconds.

[FINISHED] Total Iterations: 3579
>> Algorithm Runtime: 1.84233 seconds.
------------------------------------------
TOTAL Runtime (IO + Init + Algo): 50.0548 seconds.
MAX FLOW IS 519409
make[1]: Leaving directory '/workspaces/fit-dp'
----------------------------------------
>>> RUNNING: input/data/3Dseg/csv_format/bone_subxyz.n26c10.max.csv
make[1]: Entering directory '/workspaces/fit-dp'
export OMP_PROC_BIND=spread && export OMP_PLACES=threads && ./knfs
Parsed graph with 983044 vertices and 15690873 edges. Source is 983042 and sink is 983043.
>> IO Time (CSV Read): 5.48869 seconds.

Kokkos initialized on: N6Kokkos6OpenMPE
>> Graph Build & Init Time: 36.7035 seconds.

[FINISHED] Total Iterations: 1413
>> Algorithm Runtime: 1.22799 seconds.
------------------------------------------
TOTAL Runtime (IO + Init + Algo): 43.4202 seconds.
MAX FLOW IS 8773
make[1]: Leaving directory '/workspaces/fit-dp'
----------------------------------------
>>> RUNNING: input/data/3Dseg/csv_format/babyface.n6c100.max.csv
make[1]: Entering directory '/workspaces/fit-dp'
export OMP_PROC_BIND=spread && export OMP_PLACES=threads && ./knfs
Parsed graph with 5062504 vertices and 29044746 edges. Source is 5062502 and sink is 5062503.
>> IO Time (CSV Read): 11.1802 seconds.

Kokkos initialized on: N6Kokkos6OpenMPE
>> Graph Build & Init Time: 52.0855 seconds.

[FINISHED] Total Iterations: 6706
>> Algorithm Runtime: 12.1515 seconds.
------------------------------------------
TOTAL Runtime (IO + Init + Algo): 75.4172 seconds.
MAX FLOW IS 222943
make[1]: Leaving directory '/workspaces/fit-dp'
----------------------------------------
>>> RUNNING: input/data/3Dseg/csv_format/bone_subxyz.n26c100.max.csv
make[1]: Entering directory '/workspaces/fit-dp'
export OMP_PROC_BIND=spread && export OMP_PLACES=threads && ./knfs
Parsed graph with 983044 vertices and 15732851 edges. Source is 983042 and sink is 983043.
>> IO Time (CSV Read): 5.84457 seconds.

Kokkos initialized on: N6Kokkos6OpenMPE
>> Graph Build & Init Time: 36.4899 seconds.

[FINISHED] Total Iterations: 1268
>> Algorithm Runtime: 1.25864 seconds.
------------------------------------------
TOTAL Runtime (IO + Init + Algo): 43.5931 seconds.
MAX FLOW IS 98148
make[1]: Leaving directory '/workspaces/fit-dp'
----------------------------------------
>>> RUNNING: input/data/3Dseg/csv_format/bone_subxy.n26c10.max.csv
make[1]: Entering directory '/workspaces/fit-dp'
export OMP_PROC_BIND=spread && export OMP_PLACES=threads && ./knfs
Parsed graph with 1949700 vertices and 31376235 edges. Source is 1949698 and sink is 1949699.
>> IO Time (CSV Read): 11.4325 seconds.

Kokkos initialized on: N6Kokkos6OpenMPE
>> Graph Build & Init Time: 74.8536 seconds.

[FINISHED] Total Iterations: 1746
>> Algorithm Runtime: 2.62384 seconds.
------------------------------------------
TOTAL Runtime (IO + Init + Algo): 88.9099 seconds.
MAX FLOW IS 17292
make[1]: Leaving directory '/workspaces/fit-dp'
----------------------------------------
>>> RUNNING: input/data/3Dseg/csv_format/bone_subxyz_subx.n26c10.max.csv
make[1]: Entering directory '/workspaces/fit-dp'
export OMP_PROC_BIND=spread && export OMP_PLACES=threads && ./knfs
Parsed graph with 491524 vertices and 7792715 edges. Source is 491522 and sink is 491523.
>> IO Time (CSV Read): 2.71557 seconds.

Kokkos initialized on: N6Kokkos6OpenMPE
>> Graph Build & Init Time: 17.8112 seconds.

[FINISHED] Total Iterations: 903
>> Algorithm Runtime: 0.51208 seconds.
------------------------------------------
TOTAL Runtime (IO + Init + Algo): 21.0389 seconds.
MAX FLOW IS 5798
make[1]: Leaving directory '/workspaces/fit-dp'
----------------------------------------
>>> RUNNING: input/data/3Dseg/csv_format/bone_subx.n26c10.max.csv
make[1]: Entering directory '/workspaces/fit-dp'
export OMP_PROC_BIND=spread && export OMP_PLACES=threads && ./knfs
Parsed graph with 3899396 vertices and 1241149 edges. Source is 3899394 and sink is 3899395.
>> IO Time (CSV Read): 0.431041 seconds.

Kokkos initialized on: N6Kokkos6OpenMPE
>> Graph Build & Init Time: 3.13781 seconds.

[FINISHED] Total Iterations: 3
>> Algorithm Runtime: 0.000108989 seconds.
------------------------------------------
TOTAL Runtime (IO + Init + Algo): 3.56896 seconds.
MAX FLOW IS 0
make[1]: Leaving directory '/workspaces/fit-dp'
----------------------------------------
>>> RUNNING: input/data/3Dseg/csv_format/bone.n6c10.max.csv
make[1]: Entering directory '/workspaces/fit-dp'
export OMP_PROC_BIND=spread && export OMP_PLACES=threads && ./knfs
Parsed graph with 7798788 vertices and 45106386 edges. Source is 7798786 and sink is 7798787.
>> IO Time (CSV Read): 17.1502 seconds.

Kokkos initialized on: N6Kokkos6OpenMPE
>> Graph Build & Init Time: 82.5976 seconds.

[FINISHED] Total Iterations: 91698
>> Algorithm Runtime: 5.71257 seconds.
------------------------------------------
TOTAL Runtime (IO + Init + Algo): 105.46 seconds.
MAX FLOW IS 5454
make[1]: Leaving directory '/workspaces/fit-dp'
----------------------------------------
>>> RUNNING: input/data/3Dseg/csv_format/bone_subxyz_subx.n26c100.max.csv
make[1]: Entering directory '/workspaces/fit-dp'
export OMP_PROC_BIND=spread && export OMP_PLACES=threads && ./knfs
Parsed graph with 491524 vertices and 7816838 edges. Source is 491522 and sink is 491523.
>> IO Time (CSV Read): 2.82999 seconds.

Kokkos initialized on: N6Kokkos6OpenMPE
>> Graph Build & Init Time: 17.7926 seconds.

[FINISHED] Total Iterations: 715
>> Algorithm Runtime: 0.498779 seconds.
------------------------------------------
TOTAL Runtime (IO + Init + Algo): 21.1213 seconds.
MAX FLOW IS 64037
make[1]: Leaving directory '/workspaces/fit-dp'
----------------------------------------
>>> RUNNING: input/data/3Dseg/csv_format/bone_subxyz_subx.n6c100.max.csv
make[1]: Entering directory '/workspaces/fit-dp'
export OMP_PROC_BIND=spread && export OMP_PLACES=threads && ./knfs
Parsed graph with 491524 vertices and 2877382 edges. Source is 491522 and sink is 491523.
>> IO Time (CSV Read): 1.07985 seconds.

Kokkos initialized on: N6Kokkos6OpenMPE
>> Graph Build & Init Time: 4.71002 seconds.

[FINISHED] Total Iterations: 2825
>> Algorithm Runtime: 0.254211 seconds.
------------------------------------------
TOTAL Runtime (IO + Init + Algo): 6.04409 seconds.
MAX FLOW IS 56552
make[1]: Leaving directory '/workspaces/fit-dp'
----------------------------------------
>>> RUNNING: input/data/3Dseg/csv_format/babyface.n6c10.max.csv
make[1]: Entering directory '/workspaces/fit-dp'
export OMP_PROC_BIND=spread && export OMP_PLACES=threads && ./knfs
Parsed graph with 5062504 vertices and 28189542 edges. Source is 5062502 and sink is 5062503.
>> IO Time (CSV Read): 10.7163 seconds.

Kokkos initialized on: N6Kokkos6OpenMPE
>> Graph Build & Init Time: 51.2127 seconds.

[FINISHED] Total Iterations: 7857
>> Algorithm Runtime: 10.7944 seconds.
------------------------------------------
TOTAL Runtime (IO + Init + Algo): 72.7234 seconds.
MAX FLOW IS 19448
make[1]: Leaving directory '/workspaces/fit-dp'
----------------------------------------
>>> RUNNING: input/data/3Dseg/csv_format/bone_subxyz.n6c100.max.csv
make[1]: Entering directory '/workspaces/fit-dp'
export OMP_PROC_BIND=spread && export OMP_PLACES=threads && ./knfs
Parsed graph with 983044 vertices and 5776516 edges. Source is 983042 and sink is 983043.
>> IO Time (CSV Read): 2.1824 seconds.

Kokkos initialized on: N6Kokkos6OpenMPE
>> Graph Build & Init Time: 9.68107 seconds.

[FINISHED] Total Iterations: 1971
>> Algorithm Runtime: 0.49646 seconds.
------------------------------------------
TOTAL Runtime (IO + Init + Algo): 12.3599 seconds.
MAX FLOW IS 90645
make[1]: Leaving directory '/workspaces/fit-dp'
----------------------------------------
>>> RUNNING: input/data/3Dseg/csv_format/adhead.n6c100.max.csv
make[1]: Entering directory '/workspaces/fit-dp'
export OMP_PROC_BIND=spread && export OMP_PLACES=threads && ./knfs
Parsed graph with 12582916 vertices and 74245555 edges. Source is 12582914 and sink is 12582915.
>> IO Time (CSV Read): 29.449 seconds.

Kokkos initialized on: N6Kokkos6OpenMPE
>> Graph Build & Init Time: 138.408 seconds.

[FINISHED] Total Iterations: 10089
>> Algorithm Runtime: 17.1511 seconds.
------------------------------------------
TOTAL Runtime (IO + Init + Algo): 185.009 seconds.
MAX FLOW IS 589368
make[1]: Leaving directory '/workspaces/fit-dp'
----------------------------------------
>>> RUNNING: input/data/3Dseg/csv_format/bone_subxyz_subx.n6c10.max.csv
make[1]: Entering directory '/workspaces/fit-dp'
export OMP_PROC_BIND=spread && export OMP_PLACES=threads && ./knfs
Parsed graph with 491524 vertices and 2853259 edges. Source is 491522 and sink is 491523.
>> IO Time (CSV Read): 1.06652 seconds.

Kokkos initialized on: N6Kokkos6OpenMPE
>> Graph Build & Init Time: 4.7008 seconds.

[FINISHED] Total Iterations: 2093
>> Algorithm Runtime: 0.23637 seconds.
------------------------------------------
TOTAL Runtime (IO + Init + Algo): 6.00369 seconds.
MAX FLOW IS 5044
make[1]: Leaving directory '/workspaces/fit-dp'
----------------------------------------
>>> RUNNING: input/data/3Dseg/csv_format/adhead.n26c100.max.csv
make[1]: Entering directory '/workspaces/fit-dp'
export OMP_PROC_BIND=spread && export OMP_PLACES=threads && ./knfs
Parsed graph with 12582915 vertices and 126823147 edges. Source is 12582915 and sink is 12582916.
>> IO Time (CSV Read): 48.2135 seconds.

Kokkos initialized on: N6Kokkos6OpenMPE
>> Graph Build & Init Time: 335.949 seconds.

[FINISHED] Total Iterations: 1
>> Algorithm Runtime: 5.01e-07 seconds.
------------------------------------------
TOTAL Runtime (IO + Init + Algo): 384.162 seconds.
MAX FLOW IS 0
make[1]: Leaving directory '/workspaces/fit-dp'
----------------------------------------
>>> RUNNING: input/data/3Dseg/csv_format/bone_subxyz_subxy.n26c100.max.csv
make[1]: Entering directory '/workspaces/fit-dp'
export OMP_PROC_BIND=spread && export OMP_PLACES=threads && ./knfs
Parsed graph with 245764 vertices and 3876112 edges. Source is 245762 and sink is 245763.
>> IO Time (CSV Read): 1.40461 seconds.

Kokkos initialized on: N6Kokkos6OpenMPE
>> Graph Build & Init Time: 8.59203 seconds.

[FINISHED] Total Iterations: 823
>> Algorithm Runtime: 0.292628 seconds.
------------------------------------------
TOTAL Runtime (IO + Init + Algo): 10.2893 seconds.
MAX FLOW IS 38410
make[1]: Leaving directory '/workspaces/fit-dp'
----------------------------------------
>>> RUNNING: input/data/3Dseg/csv_format/bone_subxyz_subxy.n6c10.max.csv
make[1]: Entering directory '/workspaces/fit-dp'
export OMP_PROC_BIND=spread && export OMP_PLACES=threads && ./knfs
Parsed graph with 245764 vertices and 1418485 edges. Source is 245762 and sink is 245763.
>> IO Time (CSV Read): 0.510213 seconds.

Kokkos initialized on: N6Kokkos6OpenMPE
>> Graph Build & Init Time: 2.29107 seconds.

[FINISHED] Total Iterations: 2165
>> Algorithm Runtime: 0.095624 seconds.
------------------------------------------
TOTAL Runtime (IO + Init + Algo): 2.89691 seconds.
MAX FLOW IS 2891
make[1]: Leaving directory '/workspaces/fit-dp'
----------------------------------------
>>> RUNNING: input/data/3Dseg/csv_format/liver.n26c10.max.csv
make[1]: Entering directory '/workspaces/fit-dp'
export OMP_PROC_BIND=spread && export OMP_PLACES=threads && ./knfs
Parsed graph with 4161604 vertices and 21787831 edges. Source is 4161602 and sink is 4161603.
>> IO Time (CSV Read): 8.11712 seconds.

Kokkos initialized on: N6Kokkos6OpenMPE
>> Graph Build & Init Time: 40.2358 seconds.

[FINISHED] Total Iterations: 2074
>> Algorithm Runtime: 5.48087 seconds.
------------------------------------------
TOTAL Runtime (IO + Init + Algo): 53.8338 seconds.
MAX FLOW IS 56739
make[1]: Leaving directory '/workspaces/fit-dp'
----------------------------------------
>>> RUNNING: input/data/3Dseg/csv_format/adhead.n26c10.max.csv
make[1]: Entering directory '/workspaces/fit-dp'
export OMP_PROC_BIND=spread && export OMP_PLACES=threads && ./knfs
Parsed graph with 12582915 vertices and 123989703 edges. Source is 12582915 and sink is 12582916.
>> IO Time (CSV Read): 46.2362 seconds.

Kokkos initialized on: N6Kokkos6OpenMPE
>> Graph Build & Init Time: 324.982 seconds.

[FINISHED] Total Iterations: 1
>> Algorithm Runtime: 3.8e-07 seconds.
------------------------------------------
TOTAL Runtime (IO + Init + Algo): 371.219 seconds.
MAX FLOW IS 0
make[1]: Leaving directory '/workspaces/fit-dp'
----------------------------------------
>>> RUNNING: input/data/3Dseg/csv_format/bone_subxy.n6c10.max.csv
make[1]: Entering directory '/workspaces/fit-dp'
export OMP_PROC_BIND=spread && export OMP_PLACES=threads && ./knfs
Parsed graph with 1949700 vertices and 11446250 edges. Source is 1949698 and sink is 1949699.
>> IO Time (CSV Read): 4.30595 seconds.

Kokkos initialized on: N6Kokkos6OpenMPE
>> Graph Build & Init Time: 19.9734 seconds.

[FINISHED] Total Iterations: 5498
>> Algorithm Runtime: 1.06414 seconds.
------------------------------------------
TOTAL Runtime (IO + Init + Algo): 25.3435 seconds.
MAX FLOW IS 16405
make[1]: Leaving directory '/workspaces/fit-dp'
----------------------------------------
>>> RUNNING: input/data/3Dseg/csv_format/adhead.n6c10.max.csv
make[1]: Entering directory '/workspaces/fit-dp'
export OMP_PROC_BIND=spread && export OMP_PLACES=threads && ./knfs
Parsed graph with 12582916 vertices and 73385367 edges. Source is 12582914 and sink is 12582915.
>> IO Time (CSV Read): 28.6452 seconds.

Kokkos initialized on: N6Kokkos6OpenMPE
>> Graph Build & Init Time: 137.078 seconds.

[FINISHED] Total Iterations: 8113
>> Algorithm Runtime: 14.0702 seconds.
------------------------------------------
TOTAL Runtime (IO + Init + Algo): 179.793 seconds.
MAX FLOW IS 48373
make[1]: Leaving directory '/workspaces/fit-dp'
----------------------------------------
>>> RUNNING: input/data/3Dseg/csv_format/bone_subxy.n6c100.max.csv
make[1]: Entering directory '/workspaces/fit-dp'
export OMP_PROC_BIND=spread && export OMP_PLACES=threads && ./knfs
Parsed graph with 1949700 vertices and 11520153 edges. Source is 1949698 and sink is 1949699.
>> IO Time (CSV Read): 4.43115 seconds.

Kokkos initialized on: N6Kokkos6OpenMPE
>> Graph Build & Init Time: 20.0405 seconds.

[FINISHED] Total Iterations: 4882
>> Algorithm Runtime: 1.0355 seconds.
------------------------------------------
TOTAL Runtime (IO + Init + Algo): 25.5071 seconds.
MAX FLOW IS 181688
make[1]: Leaving directory '/workspaces/fit-dp'
----------------------------------------
>>> RUNNING: input/data/3Dseg/csv_format/bone.n6c100.max.csv
make[1]: Entering directory '/workspaces/fit-dp'
export OMP_PROC_BIND=spread && export OMP_PLACES=threads && ./knfs
Parsed graph with 7798788 vertices and 45534951 edges. Source is 7798786 and sink is 7798787.
>> IO Time (CSV Read): 17.6702 seconds.

Kokkos initialized on: N6Kokkos6OpenMPE
>> Graph Build & Init Time: 83.4474 seconds.

[FINISHED] Total Iterations: 32722
>> Algorithm Runtime: 6.6344 seconds.
------------------------------------------
TOTAL Runtime (IO + Init + Algo): 107.752 seconds.
MAX FLOW IS 71344
make[1]: Leaving directory '/workspaces/fit-dp'
----------------------------------------
>>> RUNNING: input/data/3Dseg/csv_format/bone_subx.n6c10.max.csv
make[1]: Entering directory '/workspaces/fit-dp'
export OMP_PROC_BIND=spread && export OMP_PLACES=threads && ./knfs
Parsed graph with 3899396 vertices and 22951466 edges. Source is 3899394 and sink is 3899395.
>> IO Time (CSV Read): 8.82388 seconds.

Kokkos initialized on: N6Kokkos6OpenMPE
>> Graph Build & Init Time: 40.9472 seconds.

[FINISHED] Total Iterations: 7390
>> Algorithm Runtime: 2.16872 seconds.
------------------------------------------
TOTAL Runtime (IO + Init + Algo): 51.9398 seconds.
MAX FLOW IS 30590
make[1]: Leaving directory '/workspaces/fit-dp'
----------------------------------------
>>> RUNNING: input/data/3Dseg/csv_format/bone_subxyz_subxy.n26c10.max.csv
make[1]: Entering directory '/workspaces/fit-dp'
export OMP_PROC_BIND=spread && export OMP_PLACES=threads && ./knfs
Parsed graph with 245764 vertices and 3863144 edges. Source is 245762 and sink is 245763.
>> IO Time (CSV Read): 1.35976 seconds.

Kokkos initialized on: N6Kokkos6OpenMPE
>> Graph Build & Init Time: 8.52684 seconds.

[FINISHED] Total Iterations: 1032
>> Algorithm Runtime: 0.29325 seconds.
------------------------------------------
TOTAL Runtime (IO + Init + Algo): 10.1799 seconds.
MAX FLOW IS 3502
make[1]: Leaving directory '/workspaces/fit-dp'
----------------------------------------
>>> RUNNING: input/data/3Dseg/csv_format/liver.n26c100.max.csv
make[1]: Entering directory '/workspaces/fit-dp'
export OMP_PROC_BIND=spread && export OMP_PLACES=threads && ./knfs
Parsed graph with 4161604 vertices and 23208171 edges. Source is 4161602 and sink is 4161603.
>> IO Time (CSV Read): 8.96348 seconds.

Kokkos initialized on: N6Kokkos6OpenMPE
>> Graph Build & Init Time: 42.3684 seconds.

[FINISHED] Total Iterations: 2331
>> Algorithm Runtime: 2.24528 seconds.
------------------------------------------
TOTAL Runtime (IO + Init + Algo): 53.5771 seconds.
MAX FLOW IS 586663
make[1]: Leaving directory '/workspaces/fit-dp'
----------------------------------------
>>> RUNNING: input/data/3Dseg/csv_format/babyface.n26c10.max.csv
make[1]: Entering directory '/workspaces/fit-dp'
export OMP_PROC_BIND=spread && export OMP_PLACES=threads && ./knfs
Parsed graph with 5062505 vertices and 119732262 edges. Source is 5062503 and sink is 5062504.
>> IO Time (CSV Read): 44.0793 seconds.

Kokkos initialized on: N6Kokkos6OpenMPE
>> Graph Build & Init Time: 236.932 seconds.

[FINISHED] Total Iterations: 2936
>> Algorithm Runtime: 14.5411 seconds.
------------------------------------------
TOTAL Runtime (IO + Init + Algo): 295.552 seconds.
MAX FLOW IS 180946
make[1]: Leaving directory '/workspaces/fit-dp'
----------------------------------------
>>> RUNNING: input/data/3Dseg/csv_format/liver.n6c10.max.csv
make[1]: Entering directory '/workspaces/fit-dp'
export OMP_PROC_BIND=spread && export OMP_PLACES=threads && ./knfs
Parsed graph with 4161604 vertices and 20587663 edges. Source is 4161602 and sink is 4161603.
>> IO Time (CSV Read): 7.77525 seconds.

Kokkos initialized on: N6Kokkos6OpenMPE
>> Graph Build & Init Time: 37.1383 seconds.

[FINISHED] Total Iterations: 8946
>> Algorithm Runtime: 3.65948 seconds.
------------------------------------------
TOTAL Runtime (IO + Init + Algo): 48.5731 seconds.
MAX FLOW IS 55100
make[1]: Leaving directory '/workspaces/fit-dp'
----------------------------------------
>>> RUNNING: input/data/dimacs/csv_format/wash-rlg-long.n2048.1163.shuf.csv
make[1]: Entering directory '/workspaces/fit-dp'
export OMP_PROC_BIND=spread && export OMP_PLACES=threads && ./knfs
Parsed graph with 131076 vertices and 393152 edges. Source is 131074 and sink is 131075.
>> IO Time (CSV Read): 0.152206 seconds.

Kokkos initialized on: N6Kokkos6OpenMPE
>> Graph Build & Init Time: 1.28983 seconds.

[FINISHED] Total Iterations: 9147
>> Algorithm Runtime: 0.677417 seconds.
------------------------------------------
TOTAL Runtime (IO + Init + Algo): 2.11946 seconds.
MAX FLOW IS 424317
make[1]: Leaving directory '/workspaces/fit-dp'
----------------------------------------
>>> RUNNING: input/data/dimacs/csv_format/wash-line.n8192-45.1163.shuf.csv
make[1]: Entering directory '/workspaces/fit-dp'
export OMP_PROC_BIND=spread && export OMP_PLACES=threads && ./knfs
Parsed graph with 32772 vertices and 1470493 edges. Source is 32770 and sink is 32771.
>> IO Time (CSV Read): 0.563503 seconds.

Kokkos initialized on: N6Kokkos6OpenMPE
>> Graph Build & Init Time: 5.64352 seconds.

[FINISHED] Total Iterations: 908
>> Algorithm Runtime: 0.0459931 seconds.
------------------------------------------
TOTAL Runtime (IO + Init + Algo): 6.25302 seconds.
MAX FLOW IS 91727261
make[1]: Leaving directory '/workspaces/fit-dp'
----------------------------------------
>>> RUNNING: input/data/dimacs/csv_format/rmf-long.n3.3142.shuf.csv
make[1]: Entering directory '/workspaces/fit-dp'
export OMP_PROC_BIND=spread && export OMP_PLACES=threads && ./knfs
Parsed graph with 130684 vertices and 625533 edges. Source is 130682 and sink is 130683.
>> IO Time (CSV Read): 0.256547 seconds.

Kokkos initialized on: N6Kokkos6OpenMPE
>> Graph Build & Init Time: 1.42655 seconds.

[FINISHED] Total Iterations: 4882
>> Algorithm Runtime: 0.49019 seconds.
------------------------------------------
TOTAL Runtime (IO + Init + Algo): 2.17328 seconds.
MAX FLOW IS 1646580
make[1]: Leaving directory '/workspaces/fit-dp'
----------------------------------------
>>> RUNNING: input/data/dimacs/csv_format/wash-rlg-long.n1024.1163.shuf.csv
make[1]: Entering directory '/workspaces/fit-dp'
export OMP_PROC_BIND=spread && export OMP_PLACES=threads && ./knfs
Parsed graph with 65540 vertices and 196544 edges. Source is 65538 and sink is 65539.
>> IO Time (CSV Read): 0.0732028 seconds.

Kokkos initialized on: N6Kokkos6OpenMPE
>> Graph Build & Init Time: 0.589772 seconds.

[FINISHED] Total Iterations: 7366
>> Algorithm Runtime: 0.313788 seconds.
------------------------------------------
TOTAL Runtime (IO + Init + Algo): 0.976763 seconds.
MAX FLOW IS 429514
make[1]: Leaving directory '/workspaces/fit-dp'
----------------------------------------
>>> RUNNING: input/data/dimacs/csv_format/rmf-wide.n4.3141.shuf.csv
make[1]: Entering directory '/workspaces/fit-dp'
export OMP_PROC_BIND=spread && export OMP_PLACES=threads && ./knfs
Parsed graph with 123212 vertices and 599285 edges. Source is 123210 and sink is 123211.
>> IO Time (CSV Read): 0.250467 seconds.

Kokkos initialized on: N6Kokkos6OpenMPE
>> Graph Build & Init Time: 1.36286 seconds.

[FINISHED] Total Iterations: 646186
>> Algorithm Runtime: 9.555 seconds.
------------------------------------------
TOTAL Runtime (IO + Init + Algo): 11.1683 seconds.
MAX FLOW IS 61216193
make[1]: Leaving directory '/workspaces/fit-dp'
----------------------------------------
>>> RUNNING: input/data/dimacs/csv_format/ac.n1024.1163.shuf.csv
make[1]: Entering directory '/workspaces/fit-dp'
export OMP_PROC_BIND=spread && export OMP_PLACES=threads && ./knfs
Parsed graph with 1026 vertices and 523775 edges. Source is 1024 and sink is 1025.
>> IO Time (CSV Read): 0.173821 seconds.

Kokkos initialized on: N6Kokkos6OpenMPE
>> Graph Build & Init Time: 1.77781 seconds.

[FINISHED] Total Iterations: 185
>> Algorithm Runtime: 0.0613056 seconds.
------------------------------------------
TOTAL Runtime (IO + Init + Algo): 2.01294 seconds.
MAX FLOW IS 51032666
make[1]: Leaving directory '/workspaces/fit-dp'
----------------------------------------
>>> RUNNING: input/data/dimacs/csv_format/rmf-long.n2.3142.shuf.csv
make[1]: Entering directory '/workspaces/fit-dp'
export OMP_PROC_BIND=spread && export OMP_PLACES=threads && ./knfs
Parsed graph with 65538 vertices and 311036 edges. Source is 65536 and sink is 65537.
>> IO Time (CSV Read): 0.124362 seconds.

Kokkos initialized on: N6Kokkos6OpenMPE
>> Graph Build & Init Time: 0.63996 seconds.

[FINISHED] Total Iterations: 3035
>> Algorithm Runtime: 0.21669 seconds.
------------------------------------------
TOTAL Runtime (IO + Init + Algo): 0.981013 seconds.
MAX FLOW IS 1147661
make[1]: Leaving directory '/workspaces/fit-dp'
----------------------------------------
>>> RUNNING: input/data/dimacs/csv_format/rmf-long.n4.3142.shuf.csv
make[1]: Entering directory '/workspaces/fit-dp'
export OMP_PROC_BIND=spread && export OMP_PLACES=threads && ./knfs
Parsed graph with 270850 vertices and 1306603 edges. Source is 270848 and sink is 270849.
>> IO Time (CSV Read): 0.533393 seconds.

Kokkos initialized on: N6Kokkos6OpenMPE
>> Graph Build & Init Time: 3.28633 seconds.

[FINISHED] Total Iterations: 5939
>> Algorithm Runtime: 1.0823 seconds.
------------------------------------------
TOTAL Runtime (IO + Init + Algo): 4.90202 seconds.
MAX FLOW IS 2414963
make[1]: Leaving directory '/workspaces/fit-dp'
----------------------------------------
>>> RUNNING: input/data/dimacs/csv_format/wash-line.n16384-64.1163.shuf.csv
make[1]: Entering directory '/workspaces/fit-dp'
export OMP_PROC_BIND=spread && export OMP_PLACES=threads && ./knfs
Parsed graph with 65540 vertices and 4186076 edges. Source is 65538 and sink is 65539.
>> IO Time (CSV Read): 1.59123 seconds.

Kokkos initialized on: N6Kokkos6OpenMPE
>> Graph Build & Init Time: 18.1376 seconds.

[FINISHED] Total Iterations: 1841
>> Algorithm Runtime: 0.131895 seconds.
------------------------------------------
TOTAL Runtime (IO + Init + Algo): 19.8607 seconds.
MAX FLOW IS 117528785
make[1]: Leaving directory '/workspaces/fit-dp'
----------------------------------------
>>> RUNNING: input/data/dimacs/csv_format/wash-rlg-wide.n2048.1163.shuf.csv
make[1]: Entering directory '/workspaces/fit-dp'
export OMP_PROC_BIND=spread && export OMP_PLACES=threads && ./knfs
Parsed graph with 131076 vertices and 391168 edges. Source is 131074 and sink is 131075.
>> IO Time (CSV Read): 0.147201 seconds.

Kokkos initialized on: N6Kokkos6OpenMPE
>> Graph Build & Init Time: 1.30927 seconds.

[FINISHED] Total Iterations: 1401
>> Algorithm Runtime: 0.316783 seconds.
------------------------------------------
TOTAL Runtime (IO + Init + Algo): 1.77326 seconds.
MAX FLOW IS 16000321
make[1]: Leaving directory '/workspaces/fit-dp'
----------------------------------------
>>> RUNNING: input/data/dimacs/csv_format/ac.n4096.1163.shuf.csv
make[1]: Entering directory '/workspaces/fit-dp'
export OMP_PROC_BIND=spread && export OMP_PLACES=threads && ./knfs
Parsed graph with 4098 vertices and 8386559 edges. Source is 4096 and sink is 4097.
>> IO Time (CSV Read): 2.84457 seconds.

Kokkos initialized on: N6Kokkos6OpenMPE
>> Graph Build & Init Time: 40.1973 seconds.

[FINISHED] Total Iterations: 223
>> Algorithm Runtime: 0.616569 seconds.
------------------------------------------
TOTAL Runtime (IO + Init + Algo): 43.6584 seconds.
MAX FLOW IS 203889697
make[1]: Leaving directory '/workspaces/fit-dp'
----------------------------------------
>>> RUNNING: input/data/dimacs/csv_format/wash-rlg-wide.n1024.1163.shuf.csv
make[1]: Entering directory '/workspaces/fit-dp'
export OMP_PROC_BIND=spread && export OMP_PLACES=threads && ./knfs
Parsed graph with 65540 vertices and 195584 edges. Source is 65538 and sink is 65539.
>> IO Time (CSV Read): 0.0738229 seconds.

Kokkos initialized on: N6Kokkos6OpenMPE
>> Graph Build & Init Time: 0.577906 seconds.

[FINISHED] Total Iterations: 3270
>> Algorithm Runtime: 0.160848 seconds.
------------------------------------------
TOTAL Runtime (IO + Init + Algo): 0.812577 seconds.
MAX FLOW IS 7927987
make[1]: Leaving directory '/workspaces/fit-dp'
----------------------------------------
>>> RUNNING: input/data/dimacs/csv_format/ac.n2048.1163.shuf.csv
make[1]: Entering directory '/workspaces/fit-dp'
export OMP_PROC_BIND=spread && export OMP_PLACES=threads && ./knfs
Parsed graph with 2050 vertices and 2096127 edges. Source is 2048 and sink is 2049.
>> IO Time (CSV Read): 0.715963 seconds.

Kokkos initialized on: N6Kokkos6OpenMPE
>> Graph Build & Init Time: 8.72262 seconds.

[FINISHED] Total Iterations: 307
>> Algorithm Runtime: 0.112578 seconds.
------------------------------------------
TOTAL Runtime (IO + Init + Algo): 9.55116 seconds.
MAX FLOW IS 102688227
make[1]: Leaving directory '/workspaces/fit-dp'
----------------------------------------
>>> RUNNING: input/data/dimacs/csv_format/rmf-wide.n2.3141.shuf.csv
make[1]: Entering directory '/workspaces/fit-dp'
export OMP_PROC_BIND=spread && export OMP_PLACES=threads && ./knfs
Parsed graph with 32770 vertices and 157692 edges. Source is 32768 and sink is 32769.
>> IO Time (CSV Read): 0.0653531 seconds.

Kokkos initialized on: N6Kokkos6OpenMPE
>> Graph Build & Init Time: 0.290643 seconds.

[FINISHED] Total Iterations: 68659
>> Algorithm Runtime: 1.17564 seconds.
------------------------------------------
TOTAL Runtime (IO + Init + Algo): 1.53164 seconds.
MAX FLOW IS 20210626
make[1]: Leaving directory '/workspaces/fit-dp'
----------------------------------------
>>> RUNNING: input/data/dimacs/csv_format/rmf-wide.n3.3141.shuf.csv
make[1]: Entering directory '/workspaces/fit-dp'
export OMP_PROC_BIND=spread && export OMP_PLACES=threads && ./knfs
Parsed graph with 65027 vertices and 314836 edges. Source is 65025 and sink is 65026.
>> IO Time (CSV Read): 0.129487 seconds.

Kokkos initialized on: N6Kokkos6OpenMPE
>> Graph Build & Init Time: 0.650907 seconds.

[FINISHED] Total Iterations: 74264
>> Algorithm Runtime: 1.70253 seconds.
------------------------------------------
TOTAL Runtime (IO + Init + Algo): 2.48292 seconds.
MAX FLOW IS 35760855
make[1]: Leaving directory '/workspaces/fit-dp'
----------------------------------------
>>> RUNNING: input/data/vision/csv_format/BVZ-tsukuba3.csv
make[1]: Entering directory '/workspaces/fit-dp'
export OMP_PROC_BIND=spread && export OMP_PLACES=threads && ./knfs
Parsed graph with 110596 vertices and 499930 edges. Source is 110594 and sink is 110595.
>> IO Time (CSV Read): 0.173906 seconds.

Kokkos initialized on: N6Kokkos6OpenMPE
>> Graph Build & Init Time: 0.862138 seconds.

[FINISHED] Total Iterations: 92
>> Algorithm Runtime: 0.0576268 seconds.
------------------------------------------
TOTAL Runtime (IO + Init + Algo): 1.09367 seconds.
MAX FLOW IS 35379
make[1]: Leaving directory '/workspaces/fit-dp'
----------------------------------------
>>> RUNNING: input/data/vision/csv_format/gardenInc0004L4_L1.inc.csv
make[1]: Entering directory '/workspaces/fit-dp'
export OMP_PROC_BIND=spread && export OMP_PLACES=threads && ./knfs
Parsed graph with 21002 vertices and 171844 edges. Source is 21000 and sink is 21001.
>> IO Time (CSV Read): 0.0590935 seconds.

Kokkos initialized on: N6Kokkos6OpenMPE
>> Graph Build & Init Time: 0.284183 seconds.

[FINISHED] Total Iterations: 84
>> Algorithm Runtime: 0.00669301 seconds.
------------------------------------------
TOTAL Runtime (IO + Init + Algo): 0.34997 seconds.
MAX FLOW IS 15138582
make[1]: Leaving directory '/workspaces/fit-dp'
----------------------------------------
>>> RUNNING: input/data/vision/csv_format/car_16bins.inc.csv
make[1]: Entering directory '/workspaces/fit-dp'
export OMP_PROC_BIND=spread && export OMP_PLACES=threads && ./knfs
Parsed graph with 77375 vertices and 1979104 edges. Source is 77373 and sink is 77374.
>> IO Time (CSV Read): 0.656296 seconds.

Kokkos initialized on: N6Kokkos6OpenMPE
>> Graph Build & Init Time: 2.84742 seconds.

[FINISHED] Total Iterations: 6694
>> Algorithm Runtime: 0.206113 seconds.
------------------------------------------
TOTAL Runtime (IO + Init + Algo): 3.70983 seconds.
MAX FLOW IS 23435775
make[1]: Leaving directory '/workspaces/fit-dp'
----------------------------------------
>>> RUNNING: input/data/vision/csv_format/spider.csv
make[1]: Entering directory '/workspaces/fit-dp'
export OMP_PROC_BIND=spread && export OMP_PLACES=threads && ./knfs
Parsed graph with 270002 vertices and 2426172 edges. Source is 270000 and sink is 270001.
>> IO Time (CSV Read): 0.961975 seconds.

Kokkos initialized on: N6Kokkos6OpenMPE
>> Graph Build & Init Time: 4.36149 seconds.

[FINISHED] Total Iterations: 1871
>> Algorithm Runtime: 0.567968 seconds.
------------------------------------------
TOTAL Runtime (IO + Init + Algo): 5.89144 seconds.
MAX FLOW IS 130968300
make[1]: Leaving directory '/workspaces/fit-dp'
----------------------------------------
>>> RUNNING: input/data/vision/csv_format/BVZ-sawtooth4.csv
make[1]: Entering directory '/workspaces/fit-dp'
export OMP_PROC_BIND=spread && export OMP_PLACES=threads && ./knfs
Parsed graph with 164924 vertices and 779973 edges. Source is 164922 and sink is 164923.
>> IO Time (CSV Read): 0.273989 seconds.

Kokkos initialized on: N6Kokkos6OpenMPE
>> Graph Build & Init Time: 1.35269 seconds.

[FINISHED] Total Iterations: 883
>> Algorithm Runtime: 0.185269 seconds.
------------------------------------------
TOTAL Runtime (IO + Init + Algo): 1.81195 seconds.
MAX FLOW IS 228414
make[1]: Leaving directory '/workspaces/fit-dp'
----------------------------------------
>>> RUNNING: input/data/vision/csv_format/BVZ-sawtooth11.csv
make[1]: Entering directory '/workspaces/fit-dp'
export OMP_PROC_BIND=spread && export OMP_PLACES=threads && ./knfs
Parsed graph with 164924 vertices and 780087 edges. Source is 164922 and sink is 164923.
>> IO Time (CSV Read): 0.275116 seconds.

Kokkos initialized on: N6Kokkos6OpenMPE
>> Graph Build & Init Time: 1.35908 seconds.

[FINISHED] Total Iterations: 1530
>> Algorithm Runtime: 0.122925 seconds.
------------------------------------------
TOTAL Runtime (IO + Init + Algo): 1.75712 seconds.
MAX FLOW IS 295442
make[1]: Leaving directory '/workspaces/fit-dp'
----------------------------------------
>>> RUNNING: input/data/vision/csv_format/videoSegB2.inc.csv
make[1]: Entering directory '/workspaces/fit-dp'
export OMP_PROC_BIND=spread && export OMP_PLACES=threads && ./knfs
Parsed graph with 230404 vertices and 11076759 edges. Source is 230402 and sink is 230403.
>> IO Time (CSV Read): 4.15399 seconds.

Kokkos initialized on: N6Kokkos6OpenMPE
>> Graph Build & Init Time: 13.0451 seconds.

[FINISHED] Total Iterations: 1373
>> Algorithm Runtime: 0.247369 seconds.
------------------------------------------
TOTAL Runtime (IO + Init + Algo): 17.4464 seconds.
MAX FLOW IS 2144157026
make[1]: Leaving directory '/workspaces/fit-dp'
----------------------------------------
>>> RUNNING: input/data/vision/csv_format/BVZ-sawtooth6.csv
make[1]: Entering directory '/workspaces/fit-dp'
export OMP_PROC_BIND=spread && export OMP_PLACES=threads && ./knfs
Parsed graph with 164924 vertices and 773295 edges. Source is 164922 and sink is 164923.
>> IO Time (CSV Read): 0.275376 seconds.

Kokkos initialized on: N6Kokkos6OpenMPE
>> Graph Build & Init Time: 1.35844 seconds.

[FINISHED] Total Iterations: 1020
>> Algorithm Runtime: 0.120332 seconds.
------------------------------------------
TOTAL Runtime (IO + Init + Algo): 1.75415 seconds.
MAX FLOW IS 446535
make[1]: Leaving directory '/workspaces/fit-dp'
----------------------------------------
>>> RUNNING: input/data/vision/csv_format/BVZ-sawtooth18.csv
make[1]: Entering directory '/workspaces/fit-dp'
export OMP_PROC_BIND=spread && export OMP_PLACES=threads && ./knfs
Parsed graph with 164924 vertices and 777217 edges. Source is 164922 and sink is 164923.
>> IO Time (CSV Read): 0.273424 seconds.

Kokkos initialized on: N6Kokkos6OpenMPE
>> Graph Build & Init Time: 1.36977 seconds.

[FINISHED] Total Iterations: 2315
>> Algorithm Runtime: 0.132499 seconds.
------------------------------------------
TOTAL Runtime (IO + Init + Algo): 1.77569 seconds.
MAX FLOW IS 450476
make[1]: Leaving directory '/workspaces/fit-dp'
----------------------------------------
>>> RUNNING: input/data/vision/csv_format/BVZ-venus16.csv
make[1]: Entering directory '/workspaces/fit-dp'
export OMP_PROC_BIND=spread && export OMP_PLACES=threads && ./knfs
Parsed graph with 166226 vertices and 785627 edges. Source is 166224 and sink is 166225.
>> IO Time (CSV Read): 0.277936 seconds.

Kokkos initialized on: N6Kokkos6OpenMPE
>> Graph Build & Init Time: 1.35198 seconds.

[FINISHED] Total Iterations: 1987
>> Algorithm Runtime: 0.209095 seconds.
------------------------------------------
TOTAL Runtime (IO + Init + Algo): 1.83901 seconds.
MAX FLOW IS 206371
make[1]: Leaving directory '/workspaces/fit-dp'
----------------------------------------
>>> RUNNING: input/data/vision/csv_format/KZ2-sawtooth6.csv
make[1]: Entering directory '/workspaces/fit-dp'
export OMP_PROC_BIND=spread && export OMP_PLACES=threads && ./knfs
Parsed graph with 311311 vertices and 1800647 edges. Source is 311309 and sink is 311310.
>> IO Time (CSV Read): 0.640844 seconds.

Kokkos initialized on: N6Kokkos6OpenMPE
>> Graph Build & Init Time: 3.3869 seconds.

[FINISHED] Total Iterations: 268
>> Algorithm Runtime: 0.199692 seconds.
------------------------------------------
TOTAL Runtime (IO + Init + Algo): 4.22744 seconds.
MAX FLOW IS 1128726
make[1]: Leaving directory '/workspaces/fit-dp'
----------------------------------------
>>> RUNNING: input/data/vision/csv_format/BVZ-venus17.csv
make[1]: Entering directory '/workspaces/fit-dp'
export OMP_PROC_BIND=spread && export OMP_PLACES=threads && ./knfs
Parsed graph with 166226 vertices and 785376 edges. Source is 166224 and sink is 166225.
>> IO Time (CSV Read): 0.274797 seconds.

Kokkos initialized on: N6Kokkos6OpenMPE
>> Graph Build & Init Time: 1.37117 seconds.

[FINISHED] Total Iterations: 2348
>> Algorithm Runtime: 0.163634 seconds.
------------------------------------------
TOTAL Runtime (IO + Init + Algo): 1.8096 seconds.
MAX FLOW IS 258000
make[1]: Leaving directory '/workspaces/fit-dp'
----------------------------------------
>>> RUNNING: input/data/vision/csv_format/BVZ-venus20.csv
make[1]: Entering directory '/workspaces/fit-dp'
export OMP_PROC_BIND=spread && export OMP_PLACES=threads && ./knfs
Parsed graph with 166226 vertices and 792080 edges. Source is 166224 and sink is 166225.
>> IO Time (CSV Read): 0.280052 seconds.

Kokkos initialized on: N6Kokkos6OpenMPE
>> Graph Build & Init Time: 1.38119 seconds.

[FINISHED] Total Iterations: 2971
>> Algorithm Runtime: 0.194779 seconds.
------------------------------------------
TOTAL Runtime (IO + Init + Algo): 1.85603 seconds.
MAX FLOW IS 222772
make[1]: Leaving directory '/workspaces/fit-dp'
----------------------------------------
>>> RUNNING: input/data/vision/csv_format/lazybrush-footman.max.csv
make[1]: Entering directory '/workspaces/fit-dp'
export OMP_PROC_BIND=spread && export OMP_PLACES=threads && ./knfs
Parsed graph with 593032 vertices and 2393351 edges. Source is 593030 and sink is 593031.
>> IO Time (CSV Read): 0.931079 seconds.

Kokkos initialized on: N6Kokkos6OpenMPE
>> Graph Build & Init Time: 4.0041 seconds.

[FINISHED] Total Iterations: 48314
>> Algorithm Runtime: 1.16396 seconds.
------------------------------------------
TOTAL Runtime (IO + Init + Algo): 6.09914 seconds.
MAX FLOW IS 986294
make[1]: Leaving directory '/workspaces/fit-dp'
----------------------------------------
>>> RUNNING: input/data/vision/csv_format/office.inc.csv
make[1]: Entering directory '/workspaces/fit-dp'
export OMP_PROC_BIND=spread && export OMP_PLACES=threads && ./knfs
Parsed graph with 86402 vertices and 17665537 edges. Source is 86400 and sink is 86401.
>> IO Time (CSV Read): 6.4162 seconds.

Kokkos initialized on: N6Kokkos6OpenMPE
>> Graph Build & Init Time: 16.946 seconds.

[FINISHED] Total Iterations: 3909
>> Algorithm Runtime: 0.258574 seconds.
------------------------------------------
TOTAL Runtime (IO + Init + Algo): 23.6208 seconds.
MAX FLOW IS 896651911378
make[1]: Leaving directory '/workspaces/fit-dp'
----------------------------------------
>>> RUNNING: input/data/vision/csv_format/gir.inc.csv
make[1]: Entering directory '/workspaces/fit-dp'
export OMP_PROC_BIND=spread && export OMP_PLACES=threads && ./knfs
Parsed graph with 414722 vertices and 12407742 edges. Source is 414720 and sink is 414721.
>> IO Time (CSV Read): 4.81688 seconds.

Kokkos initialized on: N6Kokkos6OpenMPE
>> Graph Build & Init Time: 15.8245 seconds.

[FINISHED] Total Iterations: 1693
>> Algorithm Runtime: 1.05179 seconds.
------------------------------------------
TOTAL Runtime (IO + Init + Algo): 21.6931 seconds.
MAX FLOW IS 295478397410
make[1]: Leaving directory '/workspaces/fit-dp'
----------------------------------------
>>> RUNNING: input/data/vision/csv_format/ferro.csv
make[1]: Entering directory '/workspaces/fit-dp'
export OMP_PROC_BIND=spread && export OMP_PLACES=threads && ./knfs
Parsed graph with 236330 vertices and 2121095 edges. Source is 236328 and sink is 236329.
>> IO Time (CSV Read): 0.837557 seconds.

Kokkos initialized on: N6Kokkos6OpenMPE
>> Graph Build & Init Time: 3.75363 seconds.

[FINISHED] Total Iterations: 2639
>> Algorithm Runtime: 0.411271 seconds.
------------------------------------------
TOTAL Runtime (IO + Init + Algo): 5.00245 seconds.
MAX FLOW IS 139679090
make[1]: Leaving directory '/workspaces/fit-dp'
----------------------------------------
>>> RUNNING: input/data/vision/csv_format/gardenInc0005L4_L0.inc.csv
make[1]: Entering directory '/workspaces/fit-dp'
export OMP_PROC_BIND=spread && export OMP_PLACES=threads && ./knfs
Parsed graph with 21002 vertices and 144164 edges. Source is 21000 and sink is 21001.
>> IO Time (CSV Read): 0.0496366 seconds.

Kokkos initialized on: N6Kokkos6OpenMPE
>> Graph Build & Init Time: 0.247977 seconds.

[FINISHED] Total Iterations: 26
>> Algorithm Runtime: 0.00498512 seconds.
------------------------------------------
TOTAL Runtime (IO + Init + Algo): 0.302599 seconds.
MAX FLOW IS 15175117
make[1]: Leaving directory '/workspaces/fit-dp'
----------------------------------------
>>> RUNNING: input/data/vision/csv_format/KZ2-venus21.csv
make[1]: Entering directory '/workspaces/fit-dp'
export OMP_PROC_BIND=spread && export OMP_PLACES=threads && ./knfs
Parsed graph with 312746 vertices and 1822779 edges. Source is 312744 and sink is 312745.
>> IO Time (CSV Read): 0.646777 seconds.

Kokkos initialized on: N6Kokkos6OpenMPE
>> Graph Build & Init Time: 3.43728 seconds.

[FINISHED] Total Iterations: 483
>> Algorithm Runtime: 0.279119 seconds.
------------------------------------------
TOTAL Runtime (IO + Init + Algo): 4.36317 seconds.
MAX FLOW IS 955441
make[1]: Leaving directory '/workspaces/fit-dp'
----------------------------------------
>>> RUNNING: input/data/vision/csv_format/person_16bins.inc.csv
make[1]: Entering directory '/workspaces/fit-dp'
export OMP_PROC_BIND=spread && export OMP_PLACES=threads && ./knfs
Parsed graph with 110393 vertices and 9856646 edges. Source is 110391 and sink is 110392.
>> IO Time (CSV Read): 3.37686 seconds.

Kokkos initialized on: N6Kokkos6OpenMPE
>> Graph Build & Init Time: 13.8796 seconds.

[FINISHED] Total Iterations: 157
>> Algorithm Runtime: 0.114175 seconds.
------------------------------------------
TOTAL Runtime (IO + Init + Algo): 17.3706 seconds.
MAX FLOW IS 173809161
make[1]: Leaving directory '/workspaces/fit-dp'
----------------------------------------
>>> RUNNING: input/data/vision/csv_format/KZ2-venus10.csv
make[1]: Entering directory '/workspaces/fit-dp'
export OMP_PROC_BIND=spread && export OMP_PLACES=threads && ./knfs
Parsed graph with 315590 vertices and 1843124 edges. Source is 315588 and sink is 315589.
>> IO Time (CSV Read): 0.652955 seconds.

Kokkos initialized on: N6Kokkos6OpenMPE
>> Graph Build & Init Time: 3.4752 seconds.

[FINISHED] Total Iterations: 372
>> Algorithm Runtime: 0.228921 seconds.
------------------------------------------
TOTAL Runtime (IO + Init + Algo): 4.35708 seconds.
MAX FLOW IS 1372754
make[1]: Leaving directory '/workspaces/fit-dp'
----------------------------------------
>>> RUNNING: input/data/vision/csv_format/comp2.csv
make[1]: Entering directory '/workspaces/fit-dp'
export OMP_PROC_BIND=spread && export OMP_PLACES=threads && ./knfs
Parsed graph with 241970 vertices and 2173457 edges. Source is 241968 and sink is 241969.
>> IO Time (CSV Read): 0.85219 seconds.

Kokkos initialized on: N6Kokkos6OpenMPE
>> Graph Build & Init Time: 3.83557 seconds.

[FINISHED] Total Iterations: 1875
>> Algorithm Runtime: 0.402355 seconds.
------------------------------------------
TOTAL Runtime (IO + Init + Algo): 5.09011 seconds.
MAX FLOW IS 130655783
make[1]: Leaving directory '/workspaces/fit-dp'
----------------------------------------
>>> RUNNING: input/data/vision/csv_format/butterfly.csv
make[1]: Entering directory '/workspaces/fit-dp'
export OMP_PROC_BIND=spread && export OMP_PLACES=threads && ./knfs
Parsed graph with 464402 vertices and 4176199 edges. Source is 464400 and sink is 464401.
>> IO Time (CSV Read): 1.62775 seconds.

Kokkos initialized on: N6Kokkos6OpenMPE
>> Graph Build & Init Time: 7.60069 seconds.

[FINISHED] Total Iterations: 2639
>> Algorithm Runtime: 0.826216 seconds.
------------------------------------------
TOTAL Runtime (IO + Init + Algo): 10.0547 seconds.
MAX FLOW IS 220592794
make[1]: Leaving directory '/workspaces/fit-dp'
----------------------------------------
>>> RUNNING: input/data/vision/csv_format/BL06-camel-sml.max.csv
make[1]: Entering directory '/workspaces/fit-dp'
export OMP_PROC_BIND=spread && export OMP_PLACES=threads && ./knfs
Parsed graph with 1209604 vertices and 5836881 edges. Source is 1209602 and sink is 1209603.
>> IO Time (CSV Read): 2.26704 seconds.

Kokkos initialized on: N6Kokkos6OpenMPE
>> Graph Build & Init Time: 11.73 seconds.

[FINISHED] Total Iterations: 412141
>> Algorithm Runtime: 5.17267 seconds.
------------------------------------------
TOTAL Runtime (IO + Init + Algo): 19.1697 seconds.
MAX FLOW IS 73837100
make[1]: Leaving directory '/workspaces/fit-dp'
----------------------------------------
>>> RUNNING: input/data/vision/csv_format/gardenInc0001L4_L2.inc.csv
make[1]: Entering directory '/workspaces/fit-dp'
export OMP_PROC_BIND=spread && export OMP_PLACES=threads && ./knfs
Parsed graph with 21002 vertices and 192419 edges. Source is 21000 and sink is 21001.
>> IO Time (CSV Read): 0.0658627 seconds.

Kokkos initialized on: N6Kokkos6OpenMPE
>> Graph Build & Init Time: 0.313967 seconds.

[FINISHED] Total Iterations: 92
>> Algorithm Runtime: 0.00718892 seconds.
------------------------------------------
TOTAL Runtime (IO + Init + Algo): 0.387018 seconds.
MAX FLOW IS 15045653
make[1]: Leaving directory '/workspaces/fit-dp'
----------------------------------------
>>> RUNNING: input/data/vision/csv_format/car_32bins.csv
make[1]: Entering directory '/workspaces/fit-dp'
export OMP_PROC_BIND=spread && export OMP_PLACES=threads && ./knfs
Parsed graph with 78885 vertices and 820624 edges. Source is 78883 and sink is 78884.
>> IO Time (CSV Read): 0.27328 seconds.

Kokkos initialized on: N6Kokkos6OpenMPE
>> Graph Build & Init Time: 1.37051 seconds.

[FINISHED] Total Iterations: 10063
>> Algorithm Runtime: 0.222527 seconds.
------------------------------------------
TOTAL Runtime (IO + Init + Algo): 1.86632 seconds.
MAX FLOW IS 235137
make[1]: Leaving directory '/workspaces/fit-dp'
----------------------------------------
>>> RUNNING: input/data/vision/csv_format/BVZ-tsukuba5.csv
make[1]: Entering directory '/workspaces/fit-dp'
export OMP_PROC_BIND=spread && export OMP_PLACES=threads && ./knfs
Parsed graph with 110596 vertices and 480316 edges. Source is 110594 and sink is 110595.
>> IO Time (CSV Read): 0.166086 seconds.

Kokkos initialized on: N6Kokkos6OpenMPE
>> Graph Build & Init Time: 0.808383 seconds.

[FINISHED] Total Iterations: 594
>> Algorithm Runtime: 0.0397848 seconds.
------------------------------------------
TOTAL Runtime (IO + Init + Algo): 1.01425 seconds.
MAX FLOW IS 66296
make[1]: Leaving directory '/workspaces/fit-dp'
----------------------------------------
>>> RUNNING: input/data/vision/csv_format/cowInc0004L4_L0.inc.csv
make[1]: Entering directory '/workspaces/fit-dp'
export OMP_PROC_BIND=spread && export OMP_PLACES=threads && ./knfs
Parsed graph with 414722 vertices and 3762619 edges. Source is 414720 and sink is 414721.
>> IO Time (CSV Read): 1.42976 seconds.

Kokkos initialized on: N6Kokkos6OpenMPE
>> Graph Build & Init Time: 7.00142 seconds.

[FINISHED] Total Iterations: 827707
>> Algorithm Runtime: 9.69601 seconds.
------------------------------------------
TOTAL Runtime (IO + Init + Algo): 18.1272 seconds.
MAX FLOW IS 395889859
make[1]: Leaving directory '/workspaces/fit-dp'
----------------------------------------
>>> RUNNING: input/data/vision/csv_format/KZ2-sawtooth11.csv
make[1]: Entering directory '/workspaces/fit-dp'
export OMP_PROC_BIND=spread && export OMP_PLACES=threads && ./knfs
Parsed graph with 314480 vertices and 1847463 edges. Source is 314478 and sink is 314479.
>> IO Time (CSV Read): 0.657267 seconds.

Kokkos initialized on: N6Kokkos6OpenMPE
>> Graph Build & Init Time: 3.47852 seconds.

[FINISHED] Total Iterations: 285
>> Algorithm Runtime: 0.191189 seconds.
------------------------------------------
TOTAL Runtime (IO + Init + Algo): 4.32697 seconds.
MAX FLOW IS 1077502
make[1]: Leaving directory '/workspaces/fit-dp'
----------------------------------------
>>> RUNNING: input/data/vision/csv_format/BVZ-venus13.csv
make[1]: Entering directory '/workspaces/fit-dp'
export OMP_PROC_BIND=spread && export OMP_PLACES=threads && ./knfs
Parsed graph with 166226 vertices and 768705 edges. Source is 166224 and sink is 166225.
>> IO Time (CSV Read): 0.276061 seconds.

Kokkos initialized on: N6Kokkos6OpenMPE
>> Graph Build & Init Time: 1.33301 seconds.

[FINISHED] Total Iterations: 253
>> Algorithm Runtime: 0.0514912 seconds.
------------------------------------------
TOTAL Runtime (IO + Init + Algo): 1.66056 seconds.
MAX FLOW IS 962518
make[1]: Leaving directory '/workspaces/fit-dp'
----------------------------------------
>>> RUNNING: input/data/vision/csv_format/BVZ-tsukuba0.csv
make[1]: Entering directory '/workspaces/fit-dp'
export OMP_PROC_BIND=spread && export OMP_PLACES=threads && ./knfs
Parsed graph with 110596 vertices and 506546 edges. Source is 110594 and sink is 110595.
>> IO Time (CSV Read): 0.180766 seconds.

Kokkos initialized on: N6Kokkos6OpenMPE
>> Graph Build & Init Time: 0.860309 seconds.

[FINISHED] Total Iterations: 10824
>> Algorithm Runtime: 0.252824 seconds.
------------------------------------------
TOTAL Runtime (IO + Init + Algo): 1.2939 seconds.
MAX FLOW IS 34669
make[1]: Leaving directory '/workspaces/fit-dp'
----------------------------------------
>>> RUNNING: input/data/vision/csv_format/KZ2-sawtooth1.csv
make[1]: Entering directory '/workspaces/fit-dp'
export OMP_PROC_BIND=spread && export OMP_PLACES=threads && ./knfs
Parsed graph with 317377 vertices and 1857547 edges. Source is 317375 and sink is 317376.
>> IO Time (CSV Read): 0.666821 seconds.

Kokkos initialized on: N6Kokkos6OpenMPE
>> Graph Build & Init Time: 3.4945 seconds.

[FINISHED] Total Iterations: 281823
>> Algorithm Runtime: 3.5264 seconds.
------------------------------------------
TOTAL Runtime (IO + Init + Algo): 7.68772 seconds.
MAX FLOW IS 815313
make[1]: Leaving directory '/workspaces/fit-dp'
----------------------------------------
>>> RUNNING: input/data/vision/csv_format/videoSegA.csv
make[1]: Entering directory '/workspaces/fit-dp'
export OMP_PROC_BIND=spread && export OMP_PLACES=threads && ./knfs
Parsed graph with 172804 vertices and 1532514 edges. Source is 172802 and sink is 172803.
>> IO Time (CSV Read): 0.588542 seconds.

Kokkos initialized on: N6Kokkos6OpenMPE
>> Graph Build & Init Time: 2.55089 seconds.

[FINISHED] Total Iterations: 560
>> Algorithm Runtime: 0.273501 seconds.
------------------------------------------
TOTAL Runtime (IO + Init + Algo): 3.41293 seconds.
MAX FLOW IS 48835377
make[1]: Leaving directory '/workspaces/fit-dp'
----------------------------------------
>>> RUNNING: input/data/vision/csv_format/KZ2-venus15.csv
make[1]: Entering directory '/workspaces/fit-dp'
export OMP_PROC_BIND=spread && export OMP_PLACES=threads && ./knfs
Parsed graph with 245567 vertices and 1350286 edges. Source is 245565 and sink is 245566.
>> IO Time (CSV Read): 0.483086 seconds.

Kokkos initialized on: N6Kokkos6OpenMPE
>> Graph Build & Init Time: 2.48522 seconds.

[FINISHED] Total Iterations: 182
>> Algorithm Runtime: 0.0969894 seconds.
------------------------------------------
TOTAL Runtime (IO + Init + Algo): 3.0653 seconds.
MAX FLOW IS 1024415
make[1]: Leaving directory '/workspaces/fit-dp'
----------------------------------------
>>> RUNNING: input/data/vision/csv_format/cat.csv
make[1]: Entering directory '/workspaces/fit-dp'
export OMP_PROC_BIND=spread && export OMP_PLACES=threads && ./knfs
Parsed graph with 154403 vertices and 1384999 edges. Source is 154401 and sink is 154402.
>> IO Time (CSV Read): 0.535104 seconds.

Kokkos initialized on: N6Kokkos6OpenMPE
>> Graph Build & Init Time: 2.4206 seconds.

[FINISHED] Total Iterations: 1820
>> Algorithm Runtime: 0.276731 seconds.
------------------------------------------
TOTAL Runtime (IO + Init + Algo): 3.23243 seconds.
MAX FLOW IS 74088055
make[1]: Leaving directory '/workspaces/fit-dp'
----------------------------------------
>>> RUNNING: input/data/vision/csv_format/bug.csv
make[1]: Entering directory '/workspaces/fit-dp'
export OMP_PROC_BIND=spread && export OMP_PLACES=threads && ./knfs
Parsed graph with 154403 vertices and 1386100 edges. Source is 154401 and sink is 154402.
>> IO Time (CSV Read): 0.536573 seconds.

Kokkos initialized on: N6Kokkos6OpenMPE
>> Graph Build & Init Time: 2.43591 seconds.

[FINISHED] Total Iterations: 185
>> Algorithm Runtime: 0.159934 seconds.
------------------------------------------
TOTAL Runtime (IO + Init + Algo): 3.13242 seconds.
MAX FLOW IS 101736300
make[1]: Leaving directory '/workspaces/fit-dp'
----------------------------------------
>>> RUNNING: input/data/vision/csv_format/BVZ-sawtooth17.csv
make[1]: Entering directory '/workspaces/fit-dp'
export OMP_PROC_BIND=spread && export OMP_PLACES=threads && ./knfs
Parsed graph with 164923 vertices and 822972 edges. Source is 164921 and sink is 164922.
>> IO Time (CSV Read): 0.293319 seconds.

Kokkos initialized on: N6Kokkos6OpenMPE
>> Graph Build & Init Time: 1.40902 seconds.

[FINISHED] Total Iterations: 1
>> Algorithm Runtime: 3.81e-07 seconds.
------------------------------------------
TOTAL Runtime (IO + Init + Algo): 1.70234 seconds.
MAX FLOW IS 0
make[1]: Leaving directory '/workspaces/fit-dp'
----------------------------------------
>>> RUNNING: input/data/vision/csv_format/gardenInc0004L4_L0.inc.csv
make[1]: Entering directory '/workspaces/fit-dp'
export OMP_PROC_BIND=spread && export OMP_PLACES=threads && ./knfs
Parsed graph with 21002 vertices and 144263 edges. Source is 21000 and sink is 21001.
>> IO Time (CSV Read): 0.0513317 seconds.

Kokkos initialized on: N6Kokkos6OpenMPE
>> Graph Build & Init Time: 0.250233 seconds.

[FINISHED] Total Iterations: 68
>> Algorithm Runtime: 0.00555249 seconds.
------------------------------------------
TOTAL Runtime (IO + Init + Algo): 0.307117 seconds.
MAX FLOW IS 15138582
make[1]: Leaving directory '/workspaces/fit-dp'
----------------------------------------
>>> RUNNING: input/data/vision/csv_format/BVZ-tsukuba10.csv
make[1]: Entering directory '/workspaces/fit-dp'
export OMP_PROC_BIND=spread && export OMP_PLACES=threads && ./knfs
Parsed graph with 110596 vertices and 488630 edges. Source is 110594 and sink is 110595.
>> IO Time (CSV Read): 0.16738 seconds.

Kokkos initialized on: N6Kokkos6OpenMPE
>> Graph Build & Init Time: 0.842535 seconds.

[FINISHED] Total Iterations: 605
>> Algorithm Runtime: 0.0445034 seconds.
------------------------------------------
TOTAL Runtime (IO + Init + Algo): 1.05442 seconds.
MAX FLOW IS 228497
make[1]: Leaving directory '/workspaces/fit-dp'
----------------------------------------
>>> RUNNING: input/data/vision/csv_format/comp3.csv
make[1]: Entering directory '/workspaces/fit-dp'
export OMP_PROC_BIND=spread && export OMP_PLACES=threads && ./knfs
Parsed graph with 241970 vertices and 2172689 edges. Source is 241968 and sink is 241969.
>> IO Time (CSV Read): 0.870676 seconds.

Kokkos initialized on: N6Kokkos6OpenMPE
>> Graph Build & Init Time: 3.81685 seconds.

[FINISHED] Total Iterations: 5066
>> Algorithm Runtime: 0.598808 seconds.
------------------------------------------
TOTAL Runtime (IO + Init + Algo): 5.28633 seconds.
MAX FLOW IS 155641681
make[1]: Leaving directory '/workspaces/fit-dp'
----------------------------------------
>>> RUNNING: input/data/vision/csv_format/KZ2-venus11.csv
make[1]: Entering directory '/workspaces/fit-dp'
export OMP_PROC_BIND=spread && export OMP_PLACES=threads && ./knfs
Parsed graph with 278749 vertices and 1579264 edges. Source is 278747 and sink is 278748.
>> IO Time (CSV Read): 0.561492 seconds.

Kokkos initialized on: N6Kokkos6OpenMPE
>> Graph Build & Init Time: 2.95333 seconds.

[FINISHED] Total Iterations: 353
>> Algorithm Runtime: 0.116512 seconds.
------------------------------------------
TOTAL Runtime (IO + Init + Algo): 3.63133 seconds.
MAX FLOW IS 1304728
make[1]: Leaving directory '/workspaces/fit-dp'
----------------------------------------
>>> RUNNING: input/data/vision/csv_format/LB07-bunny-med.max.csv
make[1]: Entering directory '/workspaces/fit-dp'
export OMP_PROC_BIND=spread && export OMP_PLACES=threads && ./knfs
Parsed graph with 6311090 vertices and 38739041 edges. Source is 6311088 and sink is 6311089.
>> IO Time (CSV Read): 14.771 seconds.

Kokkos initialized on: N6Kokkos6OpenMPE
>> Graph Build & Init Time: 68.6596 seconds.

[FINISHED] Total Iterations: 2145
>> Algorithm Runtime: 2.78825 seconds.
------------------------------------------
TOTAL Runtime (IO + Init + Algo): 86.2189 seconds.
MAX FLOW IS 3860022
make[1]: Leaving directory '/workspaces/fit-dp'
----------------------------------------
>>> RUNNING: input/data/vision/csv_format/gardenInc0004L4_L3.inc.csv
make[1]: Entering directory '/workspaces/fit-dp'
export OMP_PROC_BIND=spread && export OMP_PLACES=threads && ./knfs
Parsed graph with 21002 vertices and 138229 edges. Source is 21000 and sink is 21001.
>> IO Time (CSV Read): 0.0478288 seconds.

Kokkos initialized on: N6Kokkos6OpenMPE
>> Graph Build & Init Time: 0.240461 seconds.

[FINISHED] Total Iterations: 120
>> Algorithm Runtime: 0.00670731 seconds.
------------------------------------------
TOTAL Runtime (IO + Init + Algo): 0.294997 seconds.
MAX FLOW IS 15136927
make[1]: Leaving directory '/workspaces/fit-dp'
----------------------------------------
>>> RUNNING: input/data/vision/csv_format/gardenInc0003L4_L2.inc.csv
make[1]: Entering directory '/workspaces/fit-dp'
export OMP_PROC_BIND=spread && export OMP_PLACES=threads && ./knfs
Parsed graph with 21002 vertices and 193599 edges. Source is 21000 and sink is 21001.
>> IO Time (CSV Read): 0.0650958 seconds.

Kokkos initialized on: N6Kokkos6OpenMPE
>> Graph Build & Init Time: 0.315735 seconds.

[FINISHED] Total Iterations: 134
>> Algorithm Runtime: 0.00764648 seconds.
------------------------------------------
TOTAL Runtime (IO + Init + Algo): 0.388477 seconds.
MAX FLOW IS 15109978
make[1]: Leaving directory '/workspaces/fit-dp'
----------------------------------------
>>> RUNNING: input/data/vision/csv_format/KZ2-venus12.csv
make[1]: Entering directory '/workspaces/fit-dp'
export OMP_PROC_BIND=spread && export OMP_PLACES=threads && ./knfs
Parsed graph with 316973 vertices and 1852495 edges. Source is 316971 and sink is 316972.
>> IO Time (CSV Read): 0.644439 seconds.

Kokkos initialized on: N6Kokkos6OpenMPE
>> Graph Build & Init Time: 3.49804 seconds.

[FINISHED] Total Iterations: 718
>> Algorithm Runtime: 0.230043 seconds.
------------------------------------------
TOTAL Runtime (IO + Init + Algo): 4.37252 seconds.
MAX FLOW IS 1391384
make[1]: Leaving directory '/workspaces/fit-dp'
----------------------------------------
>>> RUNNING: input/data/vision/csv_format/LB07-bunny-sml.max.csv
make[1]: Entering directory '/workspaces/fit-dp'
export OMP_PROC_BIND=spread && export OMP_PLACES=threads && ./knfs
Parsed graph with 805804 vertices and 5040834 edges. Source is 805802 and sink is 805803.
>> IO Time (CSV Read): 1.88152 seconds.

Kokkos initialized on: N6Kokkos6OpenMPE
>> Graph Build & Init Time: 8.37263 seconds.

[FINISHED] Total Iterations: 380302
>> Algorithm Runtime: 4.84863 seconds.
------------------------------------------
TOTAL Runtime (IO + Init + Algo): 15.1028 seconds.
MAX FLOW IS 961163
make[1]: Leaving directory '/workspaces/fit-dp'
----------------------------------------
>>> RUNNING: input/data/vision/csv_format/cowInc0002L4_L2.inc.csv
make[1]: Entering directory '/workspaces/fit-dp'
export OMP_PROC_BIND=spread && export OMP_PLACES=threads && ./knfs
Parsed graph with 414722 vertices and 3471614 edges. Source is 414720 and sink is 414721.
>> IO Time (CSV Read): 1.29207 seconds.

Kokkos initialized on: N6Kokkos6OpenMPE
>> Graph Build & Init Time: 6.56136 seconds.

[FINISHED] Total Iterations: 164
>> Algorithm Runtime: 0.0945545 seconds.
------------------------------------------
TOTAL Runtime (IO + Init + Algo): 7.94799 seconds.
MAX FLOW IS 395373862
make[1]: Leaving directory '/workspaces/fit-dp'
----------------------------------------
>>> RUNNING: input/data/vision/csv_format/gardenInc0001L4_L3.inc.csv
make[1]: Entering directory '/workspaces/fit-dp'
export OMP_PROC_BIND=spread && export OMP_PLACES=threads && ./knfs
Parsed graph with 21002 vertices and 133094 edges. Source is 21000 and sink is 21001.
>> IO Time (CSV Read): 0.0461948 seconds.

Kokkos initialized on: N6Kokkos6OpenMPE
>> Graph Build & Init Time: 0.226993 seconds.

[FINISHED] Total Iterations: 97
>> Algorithm Runtime: 0.00592846 seconds.
------------------------------------------
TOTAL Runtime (IO + Init + Algo): 0.279117 seconds.
MAX FLOW IS 15045341
make[1]: Leaving directory '/workspaces/fit-dp'
----------------------------------------
>>> RUNNING: input/data/vision/csv_format/KZ2-venus6.csv
make[1]: Entering directory '/workspaces/fit-dp'
export OMP_PROC_BIND=spread && export OMP_PLACES=threads && ./knfs
Parsed graph with 289606 vertices and 1652155 edges. Source is 289604 and sink is 289605.
>> IO Time (CSV Read): 0.588526 seconds.

Kokkos initialized on: N6Kokkos6OpenMPE
>> Graph Build & Init Time: 3.08321 seconds.

[FINISHED] Total Iterations: 272
>> Algorithm Runtime: 0.13264 seconds.
------------------------------------------
TOTAL Runtime (IO + Init + Algo): 3.80438 seconds.
MAX FLOW IS 1205039
make[1]: Leaving directory '/workspaces/fit-dp'
----------------------------------------
>>> RUNNING: input/data/vision/csv_format/person_16bins.csv
make[1]: Entering directory '/workspaces/fit-dp'
export OMP_PROC_BIND=spread && export OMP_PLACES=threads && ./knfs
Parsed graph with 110393 vertices and 1174946 edges. Source is 110391 and sink is 110392.
>> IO Time (CSV Read): 0.405925 seconds.

Kokkos initialized on: N6Kokkos6OpenMPE
>> Graph Build & Init Time: 1.96432 seconds.

[FINISHED] Total Iterations: 145124
>> Algorithm Runtime: 1.88796 seconds.
------------------------------------------
TOTAL Runtime (IO + Init + Algo): 4.25821 seconds.
MAX FLOW IS 175378
make[1]: Leaving directory '/workspaces/fit-dp'
----------------------------------------
>>> RUNNING: input/data/vision/csv_format/BVZ-tsukuba2.csv
make[1]: Entering directory '/workspaces/fit-dp'
export OMP_PROC_BIND=spread && export OMP_PLACES=threads && ./knfs
Parsed graph with 110596 vertices and 500544 edges. Source is 110594 and sink is 110595.
>> IO Time (CSV Read): 0.171375 seconds.

Kokkos initialized on: N6Kokkos6OpenMPE
>> Graph Build & Init Time: 0.837417 seconds.

[FINISHED] Total Iterations: 1874
>> Algorithm Runtime: 0.112114 seconds.
------------------------------------------
TOTAL Runtime (IO + Init + Algo): 1.12091 seconds.
MAX FLOW IS 41538
make[1]: Leaving directory '/workspaces/fit-dp'
----------------------------------------
>>> RUNNING: input/data/vision/csv_format/KZ2-sawtooth16.csv
make[1]: Entering directory '/workspaces/fit-dp'
export OMP_PROC_BIND=spread && export OMP_PLACES=threads && ./knfs
Parsed graph with 312809 vertices and 1837931 edges. Source is 312807 and sink is 312808.
>> IO Time (CSV Read): 0.650534 seconds.

Kokkos initialized on: N6Kokkos6OpenMPE
>> Graph Build & Init Time: 3.47984 seconds.

[FINISHED] Total Iterations: 342
>> Algorithm Runtime: 0.213834 seconds.
------------------------------------------
TOTAL Runtime (IO + Init + Algo): 4.34421 seconds.
MAX FLOW IS 1012950
make[1]: Leaving directory '/workspaces/fit-dp'
----------------------------------------
>>> RUNNING: input/data/vision/csv_format/KZ2-sawtooth18.csv
make[1]: Entering directory '/workspaces/fit-dp'
export OMP_PROC_BIND=spread && export OMP_PLACES=threads && ./knfs
Parsed graph with 303357 vertices and 1740154 edges. Source is 303355 and sink is 303356.
>> IO Time (CSV Read): 0.615592 seconds.

Kokkos initialized on: N6Kokkos6OpenMPE
>> Graph Build & Init Time: 3.31501 seconds.

[FINISHED] Total Iterations: 521481
>> Algorithm Runtime: 6.26228 seconds.
------------------------------------------
TOTAL Runtime (IO + Init + Algo): 10.1929 seconds.
MAX FLOW IS 872769
make[1]: Leaving directory '/workspaces/fit-dp'
----------------------------------------
>>> RUNNING: input/data/vision/csv_format/crab.csv
make[1]: Entering directory '/workspaces/fit-dp'
export OMP_PROC_BIND=spread && export OMP_PLACES=threads && ./knfs
Parsed graph with 293932 vertices and 2653035 edges. Source is 293930 and sink is 293931.
>> IO Time (CSV Read): 1.02349 seconds.

Kokkos initialized on: N6Kokkos6OpenMPE
>> Graph Build & Init Time: 4.80036 seconds.

[FINISHED] Total Iterations: 87917
>> Algorithm Runtime: 1.48181 seconds.
------------------------------------------
TOTAL Runtime (IO + Init + Algo): 7.30566 seconds.
MAX FLOW IS 615073953
make[1]: Leaving directory '/workspaces/fit-dp'
----------------------------------------
>>> RUNNING: input/data/vision/csv_format/BVZ-sawtooth15.csv
make[1]: Entering directory '/workspaces/fit-dp'
export OMP_PROC_BIND=spread && export OMP_PLACES=threads && ./knfs
Parsed graph with 164924 vertices and 775054 edges. Source is 164922 and sink is 164923.
>> IO Time (CSV Read): 0.270386 seconds.

Kokkos initialized on: N6Kokkos6OpenMPE
>> Graph Build & Init Time: 1.35983 seconds.

[FINISHED] Total Iterations: 3126
>> Algorithm Runtime: 0.145394 seconds.
------------------------------------------
TOTAL Runtime (IO + Init + Algo): 1.77561 seconds.
MAX FLOW IS 358186
make[1]: Leaving directory '/workspaces/fit-dp'
----------------------------------------
>>> RUNNING: input/data/vision/csv_format/BVZ-tsukuba8.csv
make[1]: Entering directory '/workspaces/fit-dp'
export OMP_PROC_BIND=spread && export OMP_PLACES=threads && ./knfs
Parsed graph with 110596 vertices and 493191 edges. Source is 110594 and sink is 110595.
>> IO Time (CSV Read): 0.168715 seconds.

Kokkos initialized on: N6Kokkos6OpenMPE
>> Graph Build & Init Time: 0.824486 seconds.

[FINISHED] Total Iterations: 4668
>> Algorithm Runtime: 0.140365 seconds.
------------------------------------------
TOTAL Runtime (IO + Init + Algo): 1.13357 seconds.
MAX FLOW IS 52740
make[1]: Leaving directory '/workspaces/fit-dp'
----------------------------------------
>>> RUNNING: input/data/vision/csv_format/KZ2-sawtooth19.csv
make[1]: Entering directory '/workspaces/fit-dp'
export OMP_PROC_BIND=spread && export OMP_PLACES=threads && ./knfs
Parsed graph with 310614 vertices and 1817311 edges. Source is 310612 and sink is 310613.
>> IO Time (CSV Read): 0.639106 seconds.

Kokkos initialized on: N6Kokkos6OpenMPE
>> Graph Build & Init Time: 3.43698 seconds.

[FINISHED] Total Iterations: 190479
>> Algorithm Runtime: 2.47138 seconds.
------------------------------------------
TOTAL Runtime (IO + Init + Algo): 6.54746 seconds.
MAX FLOW IS 799088
make[1]: Leaving directory '/workspaces/fit-dp'
----------------------------------------
>>> RUNNING: input/data/vision/csv_format/person_64bins.csv
make[1]: Entering directory '/workspaces/fit-dp'
export OMP_PROC_BIND=spread && export OMP_PLACES=threads && ./knfs
Parsed graph with 123358 vertices and 1174946 edges. Source is 123356 and sink is 123357.
>> IO Time (CSV Read): 0.405488 seconds.

Kokkos initialized on: N6Kokkos6OpenMPE
>> Graph Build & Init Time: 2.00704 seconds.

[FINISHED] Total Iterations: 198
>> Algorithm Runtime: 0.169034 seconds.
------------------------------------------
TOTAL Runtime (IO + Init + Algo): 2.58156 seconds.
MAX FLOW IS 170512
make[1]: Leaving directory '/workspaces/fit-dp'
----------------------------------------
>>> RUNNING: input/data/vision/csv_format/BVZ-tsukuba11.csv
make[1]: Entering directory '/workspaces/fit-dp'
export OMP_PROC_BIND=spread && export OMP_PLACES=threads && ./knfs
Parsed graph with 110596 vertices and 502436 edges. Source is 110594 and sink is 110595.
>> IO Time (CSV Read): 0.174142 seconds.

Kokkos initialized on: N6Kokkos6OpenMPE
>> Graph Build & Init Time: 0.848867 seconds.

[FINISHED] Total Iterations: 6732
>> Algorithm Runtime: 0.175341 seconds.
------------------------------------------
TOTAL Runtime (IO + Init + Algo): 1.19835 seconds.
MAX FLOW IS 42123
make[1]: Leaving directory '/workspaces/fit-dp'
----------------------------------------
>>> RUNNING: input/data/vision/csv_format/cowInc0003L4_L0.inc.csv
make[1]: Entering directory '/workspaces/fit-dp'
export OMP_PROC_BIND=spread && export OMP_PLACES=threads && ./knfs
Parsed graph with 414722 vertices and 3766377 edges. Source is 414720 and sink is 414721.
>> IO Time (CSV Read): 1.37917 seconds.

Kokkos initialized on: N6Kokkos6OpenMPE
>> Graph Build & Init Time: 6.98873 seconds.

[FINISHED] Total Iterations: 485
>> Algorithm Runtime: 0.110427 seconds.
------------------------------------------
TOTAL Runtime (IO + Init + Algo): 8.47832 seconds.
MAX FLOW IS 396273121
make[1]: Leaving directory '/workspaces/fit-dp'
----------------------------------------
>>> RUNNING: input/data/vision/csv_format/BVZ-tsukuba12.csv
make[1]: Entering directory '/workspaces/fit-dp'
export OMP_PROC_BIND=spread && export OMP_PLACES=threads && ./knfs
Parsed graph with 110596 vertices and 504093 edges. Source is 110594 and sink is 110595.
>> IO Time (CSV Read): 0.176536 seconds.

Kokkos initialized on: N6Kokkos6OpenMPE
>> Graph Build & Init Time: 0.85454 seconds.

[FINISHED] Total Iterations: 1136
>> Algorithm Runtime: 0.182146 seconds.
------------------------------------------
TOTAL Runtime (IO + Init + Algo): 1.21322 seconds.
MAX FLOW IS 38887
make[1]: Leaving directory '/workspaces/fit-dp'
----------------------------------------
>>> RUNNING: input/data/vision/csv_format/BVZ-sawtooth0.csv
make[1]: Entering directory '/workspaces/fit-dp'
export OMP_PROC_BIND=spread && export OMP_PLACES=threads && ./knfs
Parsed graph with 164924 vertices and 790296 edges. Source is 164922 and sink is 164923.
>> IO Time (CSV Read): 0.283591 seconds.

Kokkos initialized on: N6Kokkos6OpenMPE
>> Graph Build & Init Time: 1.38394 seconds.

[FINISHED] Total Iterations: 2187
>> Algorithm Runtime: 0.213407 seconds.
------------------------------------------
TOTAL Runtime (IO + Init + Algo): 1.88094 seconds.
MAX FLOW IS 265327
make[1]: Leaving directory '/workspaces/fit-dp'
----------------------------------------
>>> RUNNING: input/data/vision/csv_format/BVZ-sawtooth3.csv
make[1]: Entering directory '/workspaces/fit-dp'
export OMP_PROC_BIND=spread && export OMP_PLACES=threads && ./knfs
Parsed graph with 164924 vertices and 773143 edges. Source is 164922 and sink is 164923.
>> IO Time (CSV Read): 0.27798 seconds.

Kokkos initialized on: N6Kokkos6OpenMPE
>> Graph Build & Init Time: 1.36451 seconds.

[FINISHED] Total Iterations: 1494
>> Algorithm Runtime: 0.118743 seconds.
------------------------------------------
TOTAL Runtime (IO + Init + Algo): 1.76123 seconds.
MAX FLOW IS 626883
make[1]: Leaving directory '/workspaces/fit-dp'
----------------------------------------
>>> RUNNING: input/data/vision/csv_format/KZ2-venus19.csv
make[1]: Entering directory '/workspaces/fit-dp'
export OMP_PROC_BIND=spread && export OMP_PLACES=threads && ./knfs
Parsed graph with 158949 vertices and 792336 edges. Source is 158947 and sink is 158948.
>> IO Time (CSV Read): 0.277285 seconds.

Kokkos initialized on: N6Kokkos6OpenMPE
>> Graph Build & Init Time: 1.37733 seconds.

[FINISHED] Total Iterations: 347379
>> Algorithm Runtime: 4.09338 seconds.
------------------------------------------
TOTAL Runtime (IO + Init + Algo): 5.748 seconds.
MAX FLOW IS 202475
make[1]: Leaving directory '/workspaces/fit-dp'
----------------------------------------
>>> RUNNING: input/data/vision/csv_format/cowInc0005L4_L2.inc.csv
make[1]: Entering directory '/workspaces/fit-dp'
export OMP_PROC_BIND=spread && export OMP_PLACES=threads && ./knfs
Parsed graph with 414722 vertices and 3488807 edges. Source is 414720 and sink is 414721.
>> IO Time (CSV Read): 1.30926 seconds.

Kokkos initialized on: N6Kokkos6OpenMPE
>> Graph Build & Init Time: 6.59102 seconds.

[FINISHED] Total Iterations: 254
>> Algorithm Runtime: 0.0967011 seconds.
------------------------------------------
TOTAL Runtime (IO + Init + Algo): 7.99698 seconds.
MAX FLOW IS 394294572
make[1]: Leaving directory '/workspaces/fit-dp'
----------------------------------------
>>> RUNNING: input/data/vision/csv_format/comp.csv
make[1]: Entering directory '/workspaces/fit-dp'
export OMP_PROC_BIND=spread && export OMP_PLACES=threads && ./knfs
Parsed graph with 241970 vertices and 2175354 edges. Source is 241968 and sink is 241969.
>> IO Time (CSV Read): 0.856941 seconds.

Kokkos initialized on: N6Kokkos6OpenMPE
>> Graph Build & Init Time: 3.85909 seconds.

[FINISHED] Total Iterations: 2097
>> Algorithm Runtime: 0.530884 seconds.
------------------------------------------
TOTAL Runtime (IO + Init + Algo): 5.24692 seconds.
MAX FLOW IS 119900553
make[1]: Leaving directory '/workspaces/fit-dp'
----------------------------------------
>>> RUNNING: input/data/vision/csv_format/BVZ-sawtooth16.csv
make[1]: Entering directory '/workspaces/fit-dp'
export OMP_PROC_BIND=spread && export OMP_PLACES=threads && ./knfs
Parsed graph with 164924 vertices and 779304 edges. Source is 164922 and sink is 164923.
>> IO Time (CSV Read): 0.275584 seconds.

Kokkos initialized on: N6Kokkos6OpenMPE
>> Graph Build & Init Time: 1.36297 seconds.

[FINISHED] Total Iterations: 1884
>> Algorithm Runtime: 0.137528 seconds.
------------------------------------------
TOTAL Runtime (IO + Init + Algo): 1.77608 seconds.
MAX FLOW IS 224870
make[1]: Leaving directory '/workspaces/fit-dp'
----------------------------------------
>>> RUNNING: input/data/vision/csv_format/lazybrush-bird.max.csv
make[1]: Entering directory '/workspaces/fit-dp'
export OMP_PROC_BIND=spread && export OMP_PLACES=threads && ./knfs
Parsed graph with 2372116 vertices and 9505709 edges. Source is 2372114 and sink is 2372115.
>> IO Time (CSV Read): 3.7768 seconds.

Kokkos initialized on: N6Kokkos6OpenMPE
>> Graph Build & Init Time: 16.9925 seconds.

[FINISHED] Total Iterations: 89950
>> Algorithm Runtime: 9.62219 seconds.
------------------------------------------
TOTAL Runtime (IO + Init + Algo): 30.3914 seconds.
MAX FLOW IS 980970
make[1]: Leaving directory '/workspaces/fit-dp'
----------------------------------------
>>> RUNNING: input/data/vision/csv_format/BVZ-venus10.csv
make[1]: Entering directory '/workspaces/fit-dp'
export OMP_PROC_BIND=spread && export OMP_PLACES=threads && ./knfs
Parsed graph with 166226 vertices and 776835 edges. Source is 166224 and sink is 166225.
>> IO Time (CSV Read): 0.275792 seconds.

Kokkos initialized on: N6Kokkos6OpenMPE
>> Graph Build & Init Time: 1.34847 seconds.

[FINISHED] Total Iterations: 990
>> Algorithm Runtime: 0.0952646 seconds.
------------------------------------------
TOTAL Runtime (IO + Init + Algo): 1.71952 seconds.
MAX FLOW IS 426371
make[1]: Leaving directory '/workspaces/fit-dp'
----------------------------------------
>>> RUNNING: input/data/vision/csv_format/KZ2-sawtooth0.csv
make[1]: Entering directory '/workspaces/fit-dp'
export OMP_PROC_BIND=spread && export OMP_PLACES=threads && ./knfs
Parsed graph with 317906 vertices and 1859819 edges. Source is 317904 and sink is 317905.
>> IO Time (CSV Read): 0.655709 seconds.

Kokkos initialized on: N6Kokkos6OpenMPE
>> Graph Build & Init Time: 3.54451 seconds.

[FINISHED] Total Iterations: 459354
>> Algorithm Runtime: 5.62653 seconds.
------------------------------------------
TOTAL Runtime (IO + Init + Algo): 9.82674 seconds.
MAX FLOW IS 765307
make[1]: Leaving directory '/workspaces/fit-dp'
----------------------------------------
>>> RUNNING: input/data/vision/csv_format/KZ2-venus18.csv
make[1]: Entering directory '/workspaces/fit-dp'
export OMP_PROC_BIND=spread && export OMP_PLACES=threads && ./knfs
Parsed graph with 308887 vertices and 1797657 edges. Source is 308885 and sink is 308886.
>> IO Time (CSV Read): 0.631504 seconds.

Kokkos initialized on: N6Kokkos6OpenMPE
>> Graph Build & Init Time: 3.39355 seconds.

[FINISHED] Total Iterations: 294
>> Algorithm Runtime: 0.254601 seconds.
------------------------------------------
TOTAL Runtime (IO + Init + Algo): 4.27966 seconds.
MAX FLOW IS 1099446
make[1]: Leaving directory '/workspaces/fit-dp'
----------------------------------------
>>> RUNNING: input/data/vision/csv_format/BVZ-venus21.csv
make[1]: Entering directory '/workspaces/fit-dp'
export OMP_PROC_BIND=spread && export OMP_PLACES=threads && ./knfs
Parsed graph with 166226 vertices and 790315 edges. Source is 166224 and sink is 166225.
>> IO Time (CSV Read): 0.277397 seconds.

Kokkos initialized on: N6Kokkos6OpenMPE
>> Graph Build & Init Time: 1.4042 seconds.

[FINISHED] Total Iterations: 628
>> Algorithm Runtime: 0.127873 seconds.
------------------------------------------
TOTAL Runtime (IO + Init + Algo): 1.80947 seconds.
MAX FLOW IS 310114
make[1]: Leaving directory '/workspaces/fit-dp'
----------------------------------------
>>> RUNNING: input/data/vision/csv_format/cowInc0005L4_L0.inc.csv
make[1]: Entering directory '/workspaces/fit-dp'
export OMP_PROC_BIND=spread && export OMP_PLACES=threads && ./knfs
Parsed graph with 414722 vertices and 3760245 edges. Source is 414720 and sink is 414721.
>> IO Time (CSV Read): 1.37189 seconds.

Kokkos initialized on: N6Kokkos6OpenMPE
>> Graph Build & Init Time: 6.98115 seconds.

[FINISHED] Total Iterations: 286
>> Algorithm Runtime: 0.124618 seconds.
------------------------------------------
TOTAL Runtime (IO + Init + Algo): 8.47766 seconds.
MAX FLOW IS 394294572
make[1]: Leaving directory '/workspaces/fit-dp'
----------------------------------------
>>> RUNNING: input/data/vision/csv_format/gardenInc0005L4_L2.inc.csv
make[1]: Entering directory '/workspaces/fit-dp'
export OMP_PROC_BIND=spread && export OMP_PLACES=threads && ./knfs
Parsed graph with 21002 vertices and 196311 edges. Source is 21000 and sink is 21001.
>> IO Time (CSV Read): 0.0665818 seconds.

Kokkos initialized on: N6Kokkos6OpenMPE
>> Graph Build & Init Time: 0.318165 seconds.

[FINISHED] Total Iterations: 103
>> Algorithm Runtime: 0.00738536 seconds.
------------------------------------------
TOTAL Runtime (IO + Init + Algo): 0.392132 seconds.
MAX FLOW IS 15175039
make[1]: Leaving directory '/workspaces/fit-dp'
----------------------------------------
>>> RUNNING: input/data/vision/csv_format/videoSegA2.csv
make[1]: Entering directory '/workspaces/fit-dp'
export OMP_PROC_BIND=spread && export OMP_PLACES=threads && ./knfs
Parsed graph with 172804 vertices and 1532514 edges. Source is 172802 and sink is 172803.
>> IO Time (CSV Read): 0.593656 seconds.

Kokkos initialized on: N6Kokkos6OpenMPE
>> Graph Build & Init Time: 2.55363 seconds.

[FINISHED] Total Iterations: 578
>> Algorithm Runtime: 0.310133 seconds.
------------------------------------------
TOTAL Runtime (IO + Init + Algo): 3.45742 seconds.
MAX FLOW IS 44693164
make[1]: Leaving directory '/workspaces/fit-dp'
----------------------------------------
>>> RUNNING: input/data/vision/csv_format/KZ2-venus1.csv
make[1]: Entering directory '/workspaces/fit-dp'
export OMP_PROC_BIND=spread && export OMP_PLACES=threads && ./knfs
Parsed graph with 322864 vertices and 1900150 edges. Source is 322862 and sink is 322863.
>> IO Time (CSV Read): 0.677249 seconds.

Kokkos initialized on: N6Kokkos6OpenMPE
>> Graph Build & Init Time: 3.57574 seconds.

[FINISHED] Total Iterations: 630
>> Algorithm Runtime: 0.239388 seconds.
------------------------------------------
TOTAL Runtime (IO + Init + Algo): 4.49238 seconds.
MAX FLOW IS 1190123
make[1]: Leaving directory '/workspaces/fit-dp'
----------------------------------------
>>> RUNNING: input/data/vision/csv_format/BVZ-venus9.csv
make[1]: Entering directory '/workspaces/fit-dp'
export OMP_PROC_BIND=spread && export OMP_PLACES=threads && ./knfs
Parsed graph with 166226 vertices and 777232 edges. Source is 166224 and sink is 166225.
>> IO Time (CSV Read): 0.275496 seconds.

Kokkos initialized on: N6Kokkos6OpenMPE
>> Graph Build & Init Time: 1.34739 seconds.

[FINISHED] Total Iterations: 914
>> Algorithm Runtime: 0.0930921 seconds.
------------------------------------------
TOTAL Runtime (IO + Init + Algo): 1.71598 seconds.
MAX FLOW IS 440319
make[1]: Leaving directory '/workspaces/fit-dp'
----------------------------------------
>>> RUNNING: input/data/vision/csv_format/gardenInc0005L4_L1.inc.csv
make[1]: Entering directory '/workspaces/fit-dp'
export OMP_PROC_BIND=spread && export OMP_PLACES=threads && ./knfs
Parsed graph with 21002 vertices and 171164 edges. Source is 21000 and sink is 21001.
>> IO Time (CSV Read): 0.0591488 seconds.

Kokkos initialized on: N6Kokkos6OpenMPE
>> Graph Build & Init Time: 0.282386 seconds.

[FINISHED] Total Iterations: 103
>> Algorithm Runtime: 0.00689306 seconds.
------------------------------------------
TOTAL Runtime (IO + Init + Algo): 0.348428 seconds.
MAX FLOW IS 15175057
make[1]: Leaving directory '/workspaces/fit-dp'
----------------------------------------
>>> RUNNING: input/data/vision/csv_format/cowInc0004L4_L2.inc.csv
make[1]: Entering directory '/workspaces/fit-dp'
export OMP_PROC_BIND=spread && export OMP_PLACES=threads && ./knfs
Parsed graph with 414722 vertices and 3483922 edges. Source is 414720 and sink is 414721.
>> IO Time (CSV Read): 1.31668 seconds.

Kokkos initialized on: N6Kokkos6OpenMPE
>> Graph Build & Init Time: 6.58748 seconds.

[FINISHED] Total Iterations: 263
>> Algorithm Runtime: 0.100142 seconds.
------------------------------------------
TOTAL Runtime (IO + Init + Algo): 8.0043 seconds.
MAX FLOW IS 395889859
make[1]: Leaving directory '/workspaces/fit-dp'
----------------------------------------
>>> RUNNING: input/data/vision/csv_format/cowInc0005L4_L3.inc.csv
make[1]: Entering directory '/workspaces/fit-dp'
export OMP_PROC_BIND=spread && export OMP_PLACES=threads && ./knfs
Parsed graph with 414722 vertices and 3818725 edges. Source is 414720 and sink is 414721.
>> IO Time (CSV Read): 1.40766 seconds.

Kokkos initialized on: N6Kokkos6OpenMPE
>> Graph Build & Init Time: 7.08042 seconds.

[FINISHED] Total Iterations: 229
>> Algorithm Runtime: 0.10525 seconds.
------------------------------------------
TOTAL Runtime (IO + Init + Algo): 8.59333 seconds.
MAX FLOW IS 394294572
make[1]: Leaving directory '/workspaces/fit-dp'
----------------------------------------
>>> RUNNING: input/data/vision/csv_format/KZ2-sawtooth14.csv
make[1]: Entering directory '/workspaces/fit-dp'
export OMP_PROC_BIND=spread && export OMP_PLACES=threads && ./knfs
Parsed graph with 311474 vertices and 1819270 edges. Source is 311472 and sink is 311473.
>> IO Time (CSV Read): 0.647701 seconds.

Kokkos initialized on: N6Kokkos6OpenMPE
>> Graph Build & Init Time: 3.43685 seconds.

[FINISHED] Total Iterations: 218
>> Algorithm Runtime: 0.207526 seconds.
------------------------------------------
TOTAL Runtime (IO + Init + Algo): 4.29208 seconds.
MAX FLOW IS 1086902
make[1]: Leaving directory '/workspaces/fit-dp'
----------------------------------------
>>> RUNNING: input/data/vision/csv_format/KZ2-venus5.csv
make[1]: Entering directory '/workspaces/fit-dp'
export OMP_PROC_BIND=spread && export OMP_PLACES=threads && ./knfs
Parsed graph with 314935 vertices and 1834390 edges. Source is 314933 and sink is 314934.
>> IO Time (CSV Read): 0.643821 seconds.

Kokkos initialized on: N6Kokkos6OpenMPE
>> Graph Build & Init Time: 3.43316 seconds.

[FINISHED] Total Iterations: 36346
>> Algorithm Runtime: 0.565285 seconds.
------------------------------------------
TOTAL Runtime (IO + Init + Algo): 4.64227 seconds.
MAX FLOW IS 1447420
make[1]: Leaving directory '/workspaces/fit-dp'
----------------------------------------
>>> RUNNING: input/data/vision/csv_format/BVZ-sawtooth14.csv
make[1]: Entering directory '/workspaces/fit-dp'
export OMP_PROC_BIND=spread && export OMP_PLACES=threads && ./knfs
Parsed graph with 164924 vertices and 774558 edges. Source is 164922 and sink is 164923.
>> IO Time (CSV Read): 0.276759 seconds.

Kokkos initialized on: N6Kokkos6OpenMPE
>> Graph Build & Init Time: 1.34292 seconds.

[FINISHED] Total Iterations: 1578
>> Algorithm Runtime: 0.12161 seconds.
------------------------------------------
TOTAL Runtime (IO + Init + Algo): 1.74129 seconds.
MAX FLOW IS 309992
make[1]: Leaving directory '/workspaces/fit-dp'
----------------------------------------
>>> RUNNING: input/data/vision/csv_format/KZ2-sawtooth2.csv
make[1]: Entering directory '/workspaces/fit-dp'
export OMP_PROC_BIND=spread && export OMP_PLACES=threads && ./knfs
Parsed graph with 301272 vertices and 1709902 edges. Source is 301270 and sink is 301271.
>> IO Time (CSV Read): 0.622687 seconds.

Kokkos initialized on: N6Kokkos6OpenMPE
>> Graph Build & Init Time: 3.23227 seconds.

[FINISHED] Total Iterations: 329
>> Algorithm Runtime: 0.188177 seconds.
------------------------------------------
TOTAL Runtime (IO + Init + Algo): 4.04313 seconds.
MAX FLOW IS 892594
make[1]: Leaving directory '/workspaces/fit-dp'
----------------------------------------
>>> RUNNING: input/data/vision/csv_format/car_64bins.csv
make[1]: Entering directory '/workspaces/fit-dp'
export OMP_PROC_BIND=spread && export OMP_PLACES=threads && ./knfs
Parsed graph with 84398 vertices and 820624 edges. Source is 84396 and sink is 84397.
>> IO Time (CSV Read): 0.280635 seconds.

Kokkos initialized on: N6Kokkos6OpenMPE
>> Graph Build & Init Time: 1.38448 seconds.

[FINISHED] Total Iterations: 384
>> Algorithm Runtime: 0.0906339 seconds.
------------------------------------------
TOTAL Runtime (IO + Init + Algo): 1.75575 seconds.
MAX FLOW IS 209507
make[1]: Leaving directory '/workspaces/fit-dp'
----------------------------------------
>>> RUNNING: input/data/vision/csv_format/flamingo.csv
make[1]: Entering directory '/workspaces/fit-dp'
export OMP_PROC_BIND=spread && export OMP_PLACES=threads && ./knfs
Parsed graph with 301058 vertices and 2704285 edges. Source is 301056 and sink is 301057.
>> IO Time (CSV Read): 1.05298 seconds.

Kokkos initialized on: N6Kokkos6OpenMPE
>> Graph Build & Init Time: 4.82877 seconds.

[FINISHED] Total Iterations: 10906
>> Algorithm Runtime: 0.564484 seconds.
------------------------------------------
TOTAL Runtime (IO + Init + Algo): 6.44623 seconds.
MAX FLOW IS 204950852
make[1]: Leaving directory '/workspaces/fit-dp'
----------------------------------------
>>> RUNNING: input/data/vision/csv_format/KZ2-venus8.csv
make[1]: Entering directory '/workspaces/fit-dp'
export OMP_PROC_BIND=spread && export OMP_PLACES=threads && ./knfs
Parsed graph with 320250 vertices and 1885786 edges. Source is 320248 and sink is 320249.
>> IO Time (CSV Read): 0.659734 seconds.

Kokkos initialized on: N6Kokkos6OpenMPE
>> Graph Build & Init Time: 3.54002 seconds.

[FINISHED] Total Iterations: 337
>> Algorithm Runtime: 0.150973 seconds.
------------------------------------------
TOTAL Runtime (IO + Init + Algo): 4.35073 seconds.
MAX FLOW IS 1416172
make[1]: Leaving directory '/workspaces/fit-dp'
----------------------------------------
>>> RUNNING: input/data/vision/csv_format/BVZ-venus12.csv
make[1]: Entering directory '/workspaces/fit-dp'
export OMP_PROC_BIND=spread && export OMP_PLACES=threads && ./knfs
Parsed graph with 166226 vertices and 773511 edges. Source is 166224 and sink is 166225.
>> IO Time (CSV Read): 0.272926 seconds.

Kokkos initialized on: N6Kokkos6OpenMPE
>> Graph Build & Init Time: 1.34034 seconds.

[FINISHED] Total Iterations: 2016
>> Algorithm Runtime: 0.174264 seconds.
------------------------------------------
TOTAL Runtime (IO + Init + Algo): 1.78753 seconds.
MAX FLOW IS 320399
make[1]: Leaving directory '/workspaces/fit-dp'
----------------------------------------
>>> RUNNING: input/data/vision/csv_format/cowInc0004L4_L1.inc.csv
make[1]: Entering directory '/workspaces/fit-dp'
export OMP_PROC_BIND=spread && export OMP_PLACES=threads && ./knfs
Parsed graph with 414722 vertices and 2155523 edges. Source is 414720 and sink is 414721.
>> IO Time (CSV Read): 0.793261 seconds.

Kokkos initialized on: N6Kokkos6OpenMPE
>> Graph Build & Init Time: 4.41462 seconds.

[FINISHED] Total Iterations: 347
>> Algorithm Runtime: 0.083879 seconds.
------------------------------------------
TOTAL Runtime (IO + Init + Algo): 5.29176 seconds.
MAX FLOW IS 395889859
make[1]: Leaving directory '/workspaces/fit-dp'
----------------------------------------
>>> RUNNING: input/data/vision/csv_format/gardenInc0001L4_L1.inc.csv
make[1]: Entering directory '/workspaces/fit-dp'
export OMP_PROC_BIND=spread && export OMP_PLACES=threads && ./knfs
Parsed graph with 21002 vertices and 181514 edges. Source is 21000 and sink is 21001.
>> IO Time (CSV Read): 0.0619514 seconds.

Kokkos initialized on: N6Kokkos6OpenMPE
>> Graph Build & Init Time: 0.29656 seconds.

[FINISHED] Total Iterations: 97
>> Algorithm Runtime: 0.00690336 seconds.
------------------------------------------
TOTAL Runtime (IO + Init + Algo): 0.365414 seconds.
MAX FLOW IS 15051622
make[1]: Leaving directory '/workspaces/fit-dp'
----------------------------------------
>>> RUNNING: input/data/vision/csv_format/gardenInc0002L4_L0.inc.csv
make[1]: Entering directory '/workspaces/fit-dp'
export OMP_PROC_BIND=spread && export OMP_PLACES=threads && ./knfs
Parsed graph with 21002 vertices and 141963 edges. Source is 21000 and sink is 21001.
>> IO Time (CSV Read): 0.0494321 seconds.

Kokkos initialized on: N6Kokkos6OpenMPE
>> Graph Build & Init Time: 0.248694 seconds.

[FINISHED] Total Iterations: 23
>> Algorithm Runtime: 0.00489759 seconds.
------------------------------------------
TOTAL Runtime (IO + Init + Algo): 0.303023 seconds.
MAX FLOW IS 15068858
make[1]: Leaving directory '/workspaces/fit-dp'
----------------------------------------
>>> RUNNING: input/data/vision/csv_format/BVZ-tsukuba15.csv
make[1]: Entering directory '/workspaces/fit-dp'
export OMP_PROC_BIND=spread && export OMP_PLACES=threads && ./knfs
Parsed graph with 110596 vertices and 512201 edges. Source is 110594 and sink is 110595.
>> IO Time (CSV Read): 0.185054 seconds.

Kokkos initialized on: N6Kokkos6OpenMPE
>> Graph Build & Init Time: 0.867157 seconds.

[FINISHED] Total Iterations: 73
>> Algorithm Runtime: 0.0655143 seconds.
------------------------------------------
TOTAL Runtime (IO + Init + Algo): 1.11772 seconds.
MAX FLOW IS 33349
make[1]: Leaving directory '/workspaces/fit-dp'
----------------------------------------
>>> RUNNING: input/data/vision/csv_format/KZ2-sawtooth17.csv
make[1]: Entering directory '/workspaces/fit-dp'
export OMP_PROC_BIND=spread && export OMP_PLACES=threads && ./knfs
Parsed graph with 158464 vertices and 789909 edges. Source is 158462 and sink is 158463.
>> IO Time (CSV Read): 0.269773 seconds.

Kokkos initialized on: N6Kokkos6OpenMPE
>> Graph Build & Init Time: 1.37095 seconds.

[FINISHED] Total Iterations: 188413
>> Algorithm Runtime: 2.30722 seconds.
------------------------------------------
TOTAL Runtime (IO + Init + Algo): 3.94794 seconds.
MAX FLOW IS 240262
make[1]: Leaving directory '/workspaces/fit-dp'
----------------------------------------
>>> RUNNING: input/data/vision/csv_format/butterfly2.csv
make[1]: Entering directory '/workspaces/fit-dp'
export OMP_PROC_BIND=spread && export OMP_PLACES=threads && ./knfs
Parsed graph with 154403 vertices and 1385256 edges. Source is 154401 and sink is 154402.
>> IO Time (CSV Read): 0.536073 seconds.

Kokkos initialized on: N6Kokkos6OpenMPE
>> Graph Build & Init Time: 2.43825 seconds.

[FINISHED] Total Iterations: 1634
>> Algorithm Runtime: 0.131295 seconds.
------------------------------------------
TOTAL Runtime (IO + Init + Algo): 3.10562 seconds.
MAX FLOW IS 129902303
make[1]: Leaving directory '/workspaces/fit-dp'
----------------------------------------
>>> RUNNING: input/data/vision/csv_format/car_16bins.csv
make[1]: Entering directory '/workspaces/fit-dp'
export OMP_PROC_BIND=spread && export OMP_PLACES=threads && ./knfs
Parsed graph with 77375 vertices and 820624 edges. Source is 77373 and sink is 77374.
>> IO Time (CSV Read): 0.277978 seconds.

Kokkos initialized on: N6Kokkos6OpenMPE
>> Graph Build & Init Time: 1.35855 seconds.

[FINISHED] Total Iterations: 471
>> Algorithm Runtime: 0.110907 seconds.
------------------------------------------
TOTAL Runtime (IO + Init + Algo): 1.74744 seconds.
MAX FLOW IS 249147
make[1]: Leaving directory '/workspaces/fit-dp'
----------------------------------------
>>> RUNNING: input/data/vision/csv_format/KZ2-venus16.csv
make[1]: Entering directory '/workspaces/fit-dp'
export OMP_PROC_BIND=spread && export OMP_PLACES=threads && ./knfs
Parsed graph with 319384 vertices and 1891918 edges. Source is 319382 and sink is 319383.
>> IO Time (CSV Read): 0.666955 seconds.

Kokkos initialized on: N6Kokkos6OpenMPE
>> Graph Build & Init Time: 3.58148 seconds.

[FINISHED] Total Iterations: 687
>> Algorithm Runtime: 0.244496 seconds.
------------------------------------------
TOTAL Runtime (IO + Init + Algo): 4.49293 seconds.
MAX FLOW IS 1191442
make[1]: Leaving directory '/workspaces/fit-dp'
----------------------------------------
>>> RUNNING: input/data/vision/csv_format/KZ2-venus13.csv
make[1]: Entering directory '/workspaces/fit-dp'
export OMP_PROC_BIND=spread && export OMP_PLACES=threads && ./knfs
Parsed graph with 266050 vertices and 1487090 edges. Source is 266048 and sink is 266049.
>> IO Time (CSV Read): 0.530886 seconds.

Kokkos initialized on: N6Kokkos6OpenMPE
>> Graph Build & Init Time: 2.76362 seconds.

[FINISHED] Total Iterations: 228
>> Algorithm Runtime: 0.0984086 seconds.
------------------------------------------
TOTAL Runtime (IO + Init + Algo): 3.39291 seconds.
MAX FLOW IS 1215083
make[1]: Leaving directory '/workspaces/fit-dp'
----------------------------------------
>>> RUNNING: input/data/vision/csv_format/lazybrush-mangagirl.max.csv
make[1]: Entering directory '/workspaces/fit-dp'
export OMP_PROC_BIND=spread && export OMP_PLACES=threads && ./knfs
Parsed graph with 593032 vertices and 2379695 edges. Source is 593030 and sink is 593031.
>> IO Time (CSV Read): 0.926437 seconds.

Kokkos initialized on: N6Kokkos6OpenMPE
>> Graph Build & Init Time: 4.00001 seconds.

[FINISHED] Total Iterations: 129995
>> Algorithm Runtime: 2.17351 seconds.
------------------------------------------
TOTAL Runtime (IO + Init + Algo): 7.09995 seconds.
MAX FLOW IS 328155
make[1]: Leaving directory '/workspaces/fit-dp'
----------------------------------------
>>> RUNNING: input/data/vision/csv_format/BVZ-venus14.csv
make[1]: Entering directory '/workspaces/fit-dp'
export OMP_PROC_BIND=spread && export OMP_PLACES=threads && ./knfs
Parsed graph with 166226 vertices and 777431 edges. Source is 166224 and sink is 166225.
>> IO Time (CSV Read): 0.276442 seconds.

Kokkos initialized on: N6Kokkos6OpenMPE
>> Graph Build & Init Time: 1.34936 seconds.

[FINISHED] Total Iterations: 554
>> Algorithm Runtime: 0.0946098 seconds.
------------------------------------------
TOTAL Runtime (IO + Init + Algo): 1.72042 seconds.
MAX FLOW IS 429212
make[1]: Leaving directory '/workspaces/fit-dp'
----------------------------------------
>>> RUNNING: input/data/vision/csv_format/car_32bins.inc.csv
make[1]: Entering directory '/workspaces/fit-dp'
export OMP_PROC_BIND=spread && export OMP_PLACES=threads && ./knfs
Parsed graph with 78885 vertices and 1979104 edges. Source is 78883 and sink is 78884.
>> IO Time (CSV Read): 0.666725 seconds.

Kokkos initialized on: N6Kokkos6OpenMPE
>> Graph Build & Init Time: 2.84631 seconds.

[FINISHED] Total Iterations: 1102
>> Algorithm Runtime: 0.129437 seconds.
------------------------------------------
TOTAL Runtime (IO + Init + Algo): 3.64247 seconds.
MAX FLOW IS 23402994
make[1]: Leaving directory '/workspaces/fit-dp'
----------------------------------------
>>> RUNNING: input/data/vision/csv_format/gardenInc0002L4_L3.inc.csv
make[1]: Entering directory '/workspaces/fit-dp'
export OMP_PROC_BIND=spread && export OMP_PLACES=threads && ./knfs
Parsed graph with 21002 vertices and 138558 edges. Source is 21000 and sink is 21001.
>> IO Time (CSV Read): 0.0481757 seconds.

Kokkos initialized on: N6Kokkos6OpenMPE
>> Graph Build & Init Time: 0.236682 seconds.

[FINISHED] Total Iterations: 82
>> Algorithm Runtime: 0.00604873 seconds.
------------------------------------------
TOTAL Runtime (IO + Init + Algo): 0.290906 seconds.
MAX FLOW IS 15068256
make[1]: Leaving directory '/workspaces/fit-dp'
----------------------------------------
>>> RUNNING: input/data/vision/csv_format/BL06-gargoyle-sml.max.csv
make[1]: Entering directory '/workspaces/fit-dp'
export OMP_PROC_BIND=spread && export OMP_PLACES=threads && ./knfs
Parsed graph with 1105924 vertices and 5464155 edges. Source is 1105922 and sink is 1105923.
>> IO Time (CSV Read): 2.09561 seconds.

Kokkos initialized on: N6Kokkos6OpenMPE
>> Graph Build & Init Time: 10.9726 seconds.

[FINISHED] Total Iterations: 913
>> Algorithm Runtime: 0.407864 seconds.
------------------------------------------
TOTAL Runtime (IO + Init + Algo): 13.476 seconds.
MAX FLOW IS 27795369
make[1]: Leaving directory '/workspaces/fit-dp'
----------------------------------------
>>> RUNNING: input/data/vision/csv_format/BVZ-venus3.csv
make[1]: Entering directory '/workspaces/fit-dp'
export OMP_PROC_BIND=spread && export OMP_PLACES=threads && ./knfs
Parsed graph with 166226 vertices and 781183 edges. Source is 166224 and sink is 166225.
>> IO Time (CSV Read): 0.279709 seconds.

Kokkos initialized on: N6Kokkos6OpenMPE
>> Graph Build & Init Time: 1.35866 seconds.

[FINISHED] Total Iterations: 1417
>> Algorithm Runtime: 0.132029 seconds.
------------------------------------------
TOTAL Runtime (IO + Init + Algo): 1.77039 seconds.
MAX FLOW IS 409082
make[1]: Leaving directory '/workspaces/fit-dp'
----------------------------------------
>>> RUNNING: input/data/vision/csv_format/KZ2-venus2.csv
make[1]: Entering directory '/workspaces/fit-dp'
export OMP_PROC_BIND=spread && export OMP_PLACES=threads && ./knfs
Parsed graph with 324992 vertices and 1927105 edges. Source is 324990 and sink is 324991.
>> IO Time (CSV Read): 0.682518 seconds.

Kokkos initialized on: N6Kokkos6OpenMPE
>> Graph Build & Init Time: 3.60765 seconds.

[FINISHED] Total Iterations: 612
>> Algorithm Runtime: 0.298531 seconds.
------------------------------------------
TOTAL Runtime (IO + Init + Algo): 4.5887 seconds.
MAX FLOW IS 1250663
make[1]: Leaving directory '/workspaces/fit-dp'
----------------------------------------
>>> RUNNING: input/data/vision/csv_format/lazybrush-hmdman.max.csv
make[1]: Entering directory '/workspaces/fit-dp'
export OMP_PROC_BIND=spread && export OMP_PLACES=threads && ./knfs
Parsed graph with 593032 vertices and 2417190 edges. Source is 593030 and sink is 593031.
>> IO Time (CSV Read): 0.929207 seconds.

Kokkos initialized on: N6Kokkos6OpenMPE
>> Graph Build & Init Time: 3.97222 seconds.

[FINISHED] Total Iterations: 1597562
>> Algorithm Runtime: 19.2943 seconds.
------------------------------------------
TOTAL Runtime (IO + Init + Algo): 24.1958 seconds.
MAX FLOW IS 212332
make[1]: Leaving directory '/workspaces/fit-dp'
----------------------------------------
>>> RUNNING: input/data/vision/csv_format/BL06-camel-med.max.csv
make[1]: Entering directory '/workspaces/fit-dp'
export OMP_PROC_BIND=spread && export OMP_PLACES=threads && ./knfs
Parsed graph with 9676804 vertices and 47518825 edges. Source is 9676802 and sink is 9676803.
>> IO Time (CSV Read): 18.8996 seconds.

Kokkos initialized on: N6Kokkos6OpenMPE
>> Graph Build & Init Time: 100.406 seconds.

[FINISHED] Total Iterations: 1504
>> Algorithm Runtime: 4.47091 seconds.
------------------------------------------
TOTAL Runtime (IO + Init + Algo): 123.777 seconds.
MAX FLOW IS 315513166
make[1]: Leaving directory '/workspaces/fit-dp'
----------------------------------------
>>> RUNNING: input/data/vision/csv_format/BVZ-sawtooth10.csv
make[1]: Entering directory '/workspaces/fit-dp'
export OMP_PROC_BIND=spread && export OMP_PLACES=threads && ./knfs
Parsed graph with 164924 vertices and 767144 edges. Source is 164922 and sink is 164923.
>> IO Time (CSV Read): 0.273643 seconds.

Kokkos initialized on: N6Kokkos6OpenMPE
>> Graph Build & Init Time: 1.3592 seconds.

[FINISHED] Total Iterations: 1309
>> Algorithm Runtime: 0.120007 seconds.
------------------------------------------
TOTAL Runtime (IO + Init + Algo): 1.75285 seconds.
MAX FLOW IS 682797
make[1]: Leaving directory '/workspaces/fit-dp'
----------------------------------------
>>> RUNNING: input/data/vision/csv_format/KZ2-sawtooth15.csv
make[1]: Entering directory '/workspaces/fit-dp'
export OMP_PROC_BIND=spread && export OMP_PLACES=threads && ./knfs
Parsed graph with 307927 vertices and 1779544 edges. Source is 307925 and sink is 307926.
>> IO Time (CSV Read): 0.630329 seconds.

Kokkos initialized on: N6Kokkos6OpenMPE
>> Graph Build & Init Time: 3.3566 seconds.

[FINISHED] Total Iterations: 286
>> Algorithm Runtime: 0.186025 seconds.
------------------------------------------
TOTAL Runtime (IO + Init + Algo): 4.17296 seconds.
MAX FLOW IS 990633
make[1]: Leaving directory '/workspaces/fit-dp'
----------------------------------------
>>> RUNNING: input/data/vision/csv_format/cowInc0002L4_L0.inc.csv
make[1]: Entering directory '/workspaces/fit-dp'
export OMP_PROC_BIND=spread && export OMP_PLACES=threads && ./knfs
Parsed graph with 414722 vertices and 3764004 edges. Source is 414720 and sink is 414721.
>> IO Time (CSV Read): 1.38682 seconds.

Kokkos initialized on: N6Kokkos6OpenMPE
>> Graph Build & Init Time: 6.98412 seconds.

[FINISHED] Total Iterations: 479
>> Algorithm Runtime: 0.109563 seconds.
------------------------------------------
TOTAL Runtime (IO + Init + Algo): 8.48051 seconds.
MAX FLOW IS 395373862
make[1]: Leaving directory '/workspaces/fit-dp'
----------------------------------------
>>> RUNNING: input/data/vision/csv_format/KZ2-sawtooth8.csv
make[1]: Entering directory '/workspaces/fit-dp'
export OMP_PROC_BIND=spread && export OMP_PLACES=threads && ./knfs
Parsed graph with 307472 vertices and 1764234 edges. Source is 307470 and sink is 307471.
>> IO Time (CSV Read): 0.628669 seconds.

Kokkos initialized on: N6Kokkos6OpenMPE
>> Graph Build & Init Time: 3.36414 seconds.

[FINISHED] Total Iterations: 405
>> Algorithm Runtime: 0.185425 seconds.
------------------------------------------
TOTAL Runtime (IO + Init + Algo): 4.17823 seconds.
MAX FLOW IS 1244078
make[1]: Leaving directory '/workspaces/fit-dp'
----------------------------------------
>>> RUNNING: input/data/vision/csv_format/KZ2-venus4.csv
make[1]: Entering directory '/workspaces/fit-dp'
export OMP_PROC_BIND=spread && export OMP_PLACES=threads && ./knfs
Parsed graph with 319376 vertices and 1864053 edges. Source is 319374 and sink is 319375.
>> IO Time (CSV Read): 0.671447 seconds.

Kokkos initialized on: N6Kokkos6OpenMPE
>> Graph Build & Init Time: 3.49608 seconds.

[FINISHED] Total Iterations: 634
>> Algorithm Runtime: 0.22607 seconds.
------------------------------------------
TOTAL Runtime (IO + Init + Algo): 4.39359 seconds.
MAX FLOW IS 1416884
make[1]: Leaving directory '/workspaces/fit-dp'
----------------------------------------
>>> RUNNING: input/data/vision/csv_format/gardenInc0003L4_L0.inc.csv
make[1]: Entering directory '/workspaces/fit-dp'
export OMP_PROC_BIND=spread && export OMP_PLACES=threads && ./knfs
Parsed graph with 21002 vertices and 143030 edges. Source is 21000 and sink is 21001.
>> IO Time (CSV Read): 0.0509268 seconds.

Kokkos initialized on: N6Kokkos6OpenMPE
>> Graph Build & Init Time: 0.246425 seconds.

[FINISHED] Total Iterations: 28
>> Algorithm Runtime: 0.00498595 seconds.
------------------------------------------
TOTAL Runtime (IO + Init + Algo): 0.302338 seconds.
MAX FLOW IS 15111142
make[1]: Leaving directory '/workspaces/fit-dp'
----------------------------------------
>>> RUNNING: input/data/vision/csv_format/flamingo2.csv
make[1]: Entering directory '/workspaces/fit-dp'
export OMP_PROC_BIND=spread && export OMP_PLACES=threads && ./knfs
Parsed graph with 480002 vertices and 4314276 edges. Source is 480000 and sink is 480001.
>> IO Time (CSV Read): 1.70316 seconds.

Kokkos initialized on: N6Kokkos6OpenMPE
>> Graph Build & Init Time: 7.79657 seconds.

[FINISHED] Total Iterations: 2875
>> Algorithm Runtime: 1.00192 seconds.
------------------------------------------
TOTAL Runtime (IO + Init + Algo): 10.5016 seconds.
MAX FLOW IS 230277985
make[1]: Leaving directory '/workspaces/fit-dp'
----------------------------------------
>>> RUNNING: input/data/vision/csv_format/KZ2-venus3.csv
make[1]: Entering directory '/workspaces/fit-dp'
export OMP_PROC_BIND=spread && export OMP_PLACES=threads && ./knfs
Parsed graph with 319324 vertices and 1864183 edges. Source is 319322 and sink is 319323.
>> IO Time (CSV Read): 0.657492 seconds.

Kokkos initialized on: N6Kokkos6OpenMPE
>> Graph Build & Init Time: 3.49415 seconds.

[FINISHED] Total Iterations: 477
>> Algorithm Runtime: 0.225413 seconds.
------------------------------------------
TOTAL Runtime (IO + Init + Algo): 4.37705 seconds.
MAX FLOW IS 1338431
make[1]: Leaving directory '/workspaces/fit-dp'
----------------------------------------
>>> RUNNING: input/data/vision/csv_format/BVZ-tsukuba4.csv
make[1]: Entering directory '/workspaces/fit-dp'
export OMP_PROC_BIND=spread && export OMP_PLACES=threads && ./knfs
Parsed graph with 110596 vertices and 488242 edges. Source is 110594 and sink is 110595.
>> IO Time (CSV Read): 0.16533 seconds.

Kokkos initialized on: N6Kokkos6OpenMPE
>> Graph Build & Init Time: 0.808844 seconds.

[FINISHED] Total Iterations: 1967
>> Algorithm Runtime: 0.0841439 seconds.
------------------------------------------
TOTAL Runtime (IO + Init + Algo): 1.05832 seconds.
MAX FLOW IS 47978
make[1]: Leaving directory '/workspaces/fit-dp'
----------------------------------------
>>> RUNNING: input/data/vision/csv_format/gardenInc0002L4_L2.inc.csv
make[1]: Entering directory '/workspaces/fit-dp'
export OMP_PROC_BIND=spread && export OMP_PLACES=threads && ./knfs
Parsed graph with 21002 vertices and 192577 edges. Source is 21000 and sink is 21001.
>> IO Time (CSV Read): 0.0700144 seconds.

Kokkos initialized on: N6Kokkos6OpenMPE
>> Graph Build & Init Time: 0.319021 seconds.

[FINISHED] Total Iterations: 82
>> Algorithm Runtime: 0.00722047 seconds.
------------------------------------------
TOTAL Runtime (IO + Init + Algo): 0.396255 seconds.
MAX FLOW IS 15069004
make[1]: Leaving directory '/workspaces/fit-dp'
----------------------------------------
>>> RUNNING: input/data/vision/csv_format/BVZ-venus18.csv
make[1]: Entering directory '/workspaces/fit-dp'
export OMP_PROC_BIND=spread && export OMP_PLACES=threads && ./knfs
Parsed graph with 166226 vertices and 785511 edges. Source is 166224 and sink is 166225.
>> IO Time (CSV Read): 0.277534 seconds.

Kokkos initialized on: N6Kokkos6OpenMPE
>> Graph Build & Init Time: 1.36404 seconds.

[FINISHED] Total Iterations: 1309
>> Algorithm Runtime: 0.140129 seconds.
------------------------------------------
TOTAL Runtime (IO + Init + Algo): 1.7817 seconds.
MAX FLOW IS 416474
make[1]: Leaving directory '/workspaces/fit-dp'
----------------------------------------
>>> RUNNING: input/data/vision/csv_format/cowInc0003L4_L3.inc.csv
make[1]: Entering directory '/workspaces/fit-dp'
export OMP_PROC_BIND=spread && export OMP_PLACES=threads && ./knfs
Parsed graph with 414722 vertices and 3808059 edges. Source is 414720 and sink is 414721.
>> IO Time (CSV Read): 1.4136 seconds.

Kokkos initialized on: N6Kokkos6OpenMPE
>> Graph Build & Init Time: 7.066 seconds.

[FINISHED] Total Iterations: 418
>> Algorithm Runtime: 0.11444 seconds.
------------------------------------------
TOTAL Runtime (IO + Init + Algo): 8.59404 seconds.
MAX FLOW IS 396273121
make[1]: Leaving directory '/workspaces/fit-dp'
----------------------------------------
>>> RUNNING: input/data/vision/csv_format/cowInc0003L4_L1.inc.csv
make[1]: Entering directory '/workspaces/fit-dp'
export OMP_PROC_BIND=spread && export OMP_PLACES=threads && ./knfs
Parsed graph with 414722 vertices and 2167834 edges. Source is 414720 and sink is 414721.
>> IO Time (CSV Read): 0.798467 seconds.

Kokkos initialized on: N6Kokkos6OpenMPE
>> Graph Build & Init Time: 4.44446 seconds.

[FINISHED] Total Iterations: 351
>> Algorithm Runtime: 0.0860599 seconds.
------------------------------------------
TOTAL Runtime (IO + Init + Algo): 5.32898 seconds.
MAX FLOW IS 396273121
make[1]: Leaving directory '/workspaces/fit-dp'
----------------------------------------
>>> RUNNING: input/data/vision/csv_format/BVZ-sawtooth19.csv
make[1]: Entering directory '/workspaces/fit-dp'
export OMP_PROC_BIND=spread && export OMP_PLACES=threads && ./knfs
Parsed graph with 164924 vertices and 786668 edges. Source is 164922 and sink is 164923.
>> IO Time (CSV Read): 0.280622 seconds.

Kokkos initialized on: N6Kokkos6OpenMPE
>> Graph Build & Init Time: 1.38616 seconds.

[FINISHED] Total Iterations: 3295
>> Algorithm Runtime: 0.210611 seconds.
------------------------------------------
TOTAL Runtime (IO + Init + Algo): 1.8774 seconds.
MAX FLOW IS 244246
make[1]: Leaving directory '/workspaces/fit-dp'
----------------------------------------
>>> RUNNING: input/data/vision/csv_format/cowInc0003L4_L2.inc.csv
make[1]: Entering directory '/workspaces/fit-dp'
export OMP_PROC_BIND=spread && export OMP_PLACES=threads && ./knfs
Parsed graph with 414722 vertices and 3468665 edges. Source is 414720 and sink is 414721.
>> IO Time (CSV Read): 1.32229 seconds.

Kokkos initialized on: N6Kokkos6OpenMPE
>> Graph Build & Init Time: 6.58062 seconds.

[FINISHED] Total Iterations: 362
>> Algorithm Runtime: 0.0973368 seconds.
------------------------------------------
TOTAL Runtime (IO + Init + Algo): 8.00025 seconds.
MAX FLOW IS 396273121
make[1]: Leaving directory '/workspaces/fit-dp'
----------------------------------------
>>> RUNNING: input/data/vision/csv_format/KZ2-venus14.csv
make[1]: Entering directory '/workspaces/fit-dp'
export OMP_PROC_BIND=spread && export OMP_PLACES=threads && ./knfs
Parsed graph with 310872 vertices and 1810690 edges. Source is 310870 and sink is 310871.
>> IO Time (CSV Read): 0.642202 seconds.

Kokkos initialized on: N6Kokkos6OpenMPE
>> Graph Build & Init Time: 3.43408 seconds.

[FINISHED] Total Iterations: 238
>> Algorithm Runtime: 0.179621 seconds.
------------------------------------------
TOTAL Runtime (IO + Init + Algo): 4.2559 seconds.
MAX FLOW IS 1300215
make[1]: Leaving directory '/workspaces/fit-dp'
----------------------------------------
>>> RUNNING: input/data/vision/csv_format/KZ2-venus0.csv
make[1]: Entering directory '/workspaces/fit-dp'
export OMP_PROC_BIND=spread && export OMP_PLACES=threads && ./knfs
Parsed graph with 320289 vertices and 1869299 edges. Source is 320287 and sink is 320288.
>> IO Time (CSV Read): 0.660083 seconds.

Kokkos initialized on: N6Kokkos6OpenMPE
>> Graph Build & Init Time: 3.51232 seconds.

[FINISHED] Total Iterations: 610
>> Algorithm Runtime: 0.274344 seconds.
------------------------------------------
TOTAL Runtime (IO + Init + Algo): 4.44675 seconds.
MAX FLOW IS 1143986
make[1]: Leaving directory '/workspaces/fit-dp'
----------------------------------------
>>> RUNNING: input/data/vision/csv_format/KZ2-venus17.csv
make[1]: Entering directory '/workspaces/fit-dp'
export OMP_PROC_BIND=spread && export OMP_PLACES=threads && ./knfs
Parsed graph with 316336 vertices and 1859247 edges. Source is 316334 and sink is 316335.
>> IO Time (CSV Read): 0.65898 seconds.

Kokkos initialized on: N6Kokkos6OpenMPE
>> Graph Build & Init Time: 3.51432 seconds.

[FINISHED] Total Iterations: 404
>> Algorithm Runtime: 0.231776 seconds.
------------------------------------------
TOTAL Runtime (IO + Init + Algo): 4.40508 seconds.
MAX FLOW IS 1140589
make[1]: Leaving directory '/workspaces/fit-dp'
----------------------------------------
>>> RUNNING: input/data/vision/csv_format/cowInc0002L4_L3.inc.csv
make[1]: Entering directory '/workspaces/fit-dp'
export OMP_PROC_BIND=spread && export OMP_PLACES=threads && ./knfs
Parsed graph with 414722 vertices and 3786347 edges. Source is 414720 and sink is 414721.
>> IO Time (CSV Read): 1.40684 seconds.

Kokkos initialized on: N6Kokkos6OpenMPE
>> Graph Build & Init Time: 7.03291 seconds.

[FINISHED] Total Iterations: 383
>> Algorithm Runtime: 0.117972 seconds.
------------------------------------------
TOTAL Runtime (IO + Init + Algo): 8.55772 seconds.
MAX FLOW IS 395373862
make[1]: Leaving directory '/workspaces/fit-dp'
----------------------------------------
>>> RUNNING: input/data/vision/csv_format/BVZ-venus11.csv
make[1]: Entering directory '/workspaces/fit-dp'
export OMP_PROC_BIND=spread && export OMP_PLACES=threads && ./knfs
Parsed graph with 166226 vertices and 767355 edges. Source is 166224 and sink is 166225.
>> IO Time (CSV Read): 0.26606 seconds.

Kokkos initialized on: N6Kokkos6OpenMPE
>> Graph Build & Init Time: 1.33809 seconds.

[FINISHED] Total Iterations: 262
>> Algorithm Runtime: 0.0562839 seconds.
------------------------------------------
TOTAL Runtime (IO + Init + Algo): 1.66043 seconds.
MAX FLOW IS 817973
make[1]: Leaving directory '/workspaces/fit-dp'
----------------------------------------
>>> RUNNING: input/data/vision/csv_format/BVZ-venus2.csv
make[1]: Entering directory '/workspaces/fit-dp'
export OMP_PROC_BIND=spread && export OMP_PLACES=threads && ./knfs
Parsed graph with 166226 vertices and 787987 edges. Source is 166224 and sink is 166225.
>> IO Time (CSV Read): 0.279118 seconds.

Kokkos initialized on: N6Kokkos6OpenMPE
>> Graph Build & Init Time: 1.36002 seconds.

[FINISHED] Total Iterations: 1824
>> Algorithm Runtime: 0.129888 seconds.
------------------------------------------
TOTAL Runtime (IO + Init + Algo): 1.76902 seconds.
MAX FLOW IS 234220
make[1]: Leaving directory '/workspaces/fit-dp'
----------------------------------------
>>> RUNNING: input/data/vision/csv_format/cowInc0005L4_L1.inc.csv
make[1]: Entering directory '/workspaces/fit-dp'
export OMP_PROC_BIND=spread && export OMP_PLACES=threads && ./knfs
Parsed graph with 414722 vertices and 2141856 edges. Source is 414720 and sink is 414721.
>> IO Time (CSV Read): 0.787157 seconds.

Kokkos initialized on: N6Kokkos6OpenMPE
>> Graph Build & Init Time: 4.38626 seconds.

[FINISHED] Total Iterations: 218
>> Algorithm Runtime: 0.143097 seconds.
------------------------------------------
TOTAL Runtime (IO + Init + Algo): 5.31651 seconds.
MAX FLOW IS 394294572
make[1]: Leaving directory '/workspaces/fit-dp'
----------------------------------------
>>> RUNNING: input/data/vision/csv_format/gir0000.csv
make[1]: Entering directory '/workspaces/fit-dp'
export OMP_PROC_BIND=spread && export OMP_PLACES=threads && ./knfs
Parsed graph with 414722 vertices and 3730133 edges. Source is 414720 and sink is 414721.
>> IO Time (CSV Read): 1.46451 seconds.

Kokkos initialized on: N6Kokkos6OpenMPE
>> Graph Build & Init Time: 6.76407 seconds.

[FINISHED] Total Iterations: 2043
>> Algorithm Runtime: 0.565942 seconds.
------------------------------------------
TOTAL Runtime (IO + Init + Algo): 8.79453 seconds.
MAX FLOW IS 183906490
make[1]: Leaving directory '/workspaces/fit-dp'
----------------------------------------
>>> RUNNING: input/data/vision/csv_format/BVZ-venus0.csv
make[1]: Entering directory '/workspaces/fit-dp'
export OMP_PROC_BIND=spread && export OMP_PLACES=threads && ./knfs
Parsed graph with 166226 vertices and 787946 edges. Source is 166224 and sink is 166225.
>> IO Time (CSV Read): 0.277593 seconds.

Kokkos initialized on: N6Kokkos6OpenMPE
>> Graph Build & Init Time: 1.37888 seconds.

[FINISHED] Total Iterations: 300619
>> Algorithm Runtime: 3.62901 seconds.
------------------------------------------
TOTAL Runtime (IO + Init + Algo): 5.28549 seconds.
MAX FLOW IS 358231
make[1]: Leaving directory '/workspaces/fit-dp'
----------------------------------------
>>> RUNNING: input/data/vision/csv_format/highway.inc.csv
make[1]: Entering directory '/workspaces/fit-dp'
export OMP_PROC_BIND=spread && export OMP_PLACES=threads && ./knfs
Parsed graph with 76802 vertices and 15301257 edges. Source is 76800 and sink is 76801.
>> IO Time (CSV Read): 5.40799 seconds.

Kokkos initialized on: N6Kokkos6OpenMPE
>> Graph Build & Init Time: 14.4819 seconds.

[FINISHED] Total Iterations: 2566
>> Algorithm Runtime: 0.199764 seconds.
------------------------------------------
TOTAL Runtime (IO + Init + Algo): 20.0896 seconds.
MAX FLOW IS 805859619279
make[1]: Leaving directory '/workspaces/fit-dp'
----------------------------------------
>>> RUNNING: input/data/vision/csv_format/BVZ-venus7.csv
make[1]: Entering directory '/workspaces/fit-dp'
export OMP_PROC_BIND=spread && export OMP_PLACES=threads && ./knfs
Parsed graph with 166226 vertices and 775025 edges. Source is 166224 and sink is 166225.
>> IO Time (CSV Read): 0.276059 seconds.

Kokkos initialized on: N6Kokkos6OpenMPE
>> Graph Build & Init Time: 1.33895 seconds.

[FINISHED] Total Iterations: 1171
>> Algorithm Runtime: 0.0951818 seconds.
------------------------------------------
TOTAL Runtime (IO + Init + Algo): 1.71019 seconds.
MAX FLOW IS 248042
make[1]: Leaving directory '/workspaces/fit-dp'
----------------------------------------
>>> RUNNING: input/data/vision/csv_format/gardenInc0004L4_L2.inc.csv
make[1]: Entering directory '/workspaces/fit-dp'
export OMP_PROC_BIND=spread && export OMP_PLACES=threads && ./knfs
Parsed graph with 21002 vertices and 195120 edges. Source is 21000 and sink is 21001.
>> IO Time (CSV Read): 0.0662186 seconds.

Kokkos initialized on: N6Kokkos6OpenMPE
>> Graph Build & Init Time: 0.3189 seconds.

[FINISHED] Total Iterations: 84
>> Algorithm Runtime: 0.0071206 seconds.
------------------------------------------
TOTAL Runtime (IO + Init + Algo): 0.39224 seconds.
MAX FLOW IS 15138462
make[1]: Leaving directory '/workspaces/fit-dp'
----------------------------------------
>>> RUNNING: input/data/vision/csv_format/KZ2-sawtooth4.csv
make[1]: Entering directory '/workspaces/fit-dp'
export OMP_PROC_BIND=spread && export OMP_PLACES=threads && ./knfs
Parsed graph with 317870 vertices and 1871000 edges. Source is 317868 and sink is 317869.
>> IO Time (CSV Read): 0.663892 seconds.

Kokkos initialized on: N6Kokkos6OpenMPE
>> Graph Build & Init Time: 3.5192 seconds.

[FINISHED] Total Iterations: 371
>> Algorithm Runtime: 0.216822 seconds.
------------------------------------------
TOTAL Runtime (IO + Init + Algo): 4.39991 seconds.
MAX FLOW IS 1047510
make[1]: Leaving directory '/workspaces/fit-dp'
----------------------------------------
>>> RUNNING: input/data/vision/csv_format/KZ2-sawtooth7.csv
make[1]: Entering directory '/workspaces/fit-dp'
export OMP_PROC_BIND=spread && export OMP_PLACES=threads && ./knfs
Parsed graph with 302436 vertices and 1715499 edges. Source is 302434 and sink is 302435.
>> IO Time (CSV Read): 0.613318 seconds.

Kokkos initialized on: N6Kokkos6OpenMPE
>> Graph Build & Init Time: 3.23869 seconds.

[FINISHED] Total Iterations: 330
>> Algorithm Runtime: 0.172574 seconds.
------------------------------------------
TOTAL Runtime (IO + Init + Algo): 4.02458 seconds.
MAX FLOW IS 1125051
make[1]: Leaving directory '/workspaces/fit-dp'
----------------------------------------
>>> RUNNING: input/data/vision/csv_format/BVZ-venus4.csv
make[1]: Entering directory '/workspaces/fit-dp'
export OMP_PROC_BIND=spread && export OMP_PLACES=threads && ./knfs
Parsed graph with 166226 vertices and 775301 edges. Source is 166224 and sink is 166225.
>> IO Time (CSV Read): 0.27362 seconds.

Kokkos initialized on: N6Kokkos6OpenMPE
>> Graph Build & Init Time: 1.35789 seconds.

[FINISHED] Total Iterations: 734
>> Algorithm Runtime: 0.0852721 seconds.
------------------------------------------
TOTAL Runtime (IO + Init + Algo): 1.71678 seconds.
MAX FLOW IS 371745
make[1]: Leaving directory '/workspaces/fit-dp'
----------------------------------------
>>> RUNNING: input/data/vision/csv_format/BVZ-sawtooth5.csv
make[1]: Entering directory '/workspaces/fit-dp'
export OMP_PROC_BIND=spread && export OMP_PLACES=threads && ./knfs
Parsed graph with 164924 vertices and 776800 edges. Source is 164922 and sink is 164923.
>> IO Time (CSV Read): 0.277062 seconds.

Kokkos initialized on: N6Kokkos6OpenMPE
>> Graph Build & Init Time: 1.3663 seconds.

[FINISHED] Total Iterations: 323209
>> Algorithm Runtime: 3.89719 seconds.
------------------------------------------
TOTAL Runtime (IO + Init + Algo): 5.54054 seconds.
MAX FLOW IS 741827
make[1]: Leaving directory '/workspaces/fit-dp'
----------------------------------------
>>> RUNNING: input/data/vision/csv_format/beetle.csv
make[1]: Entering directory '/workspaces/fit-dp'
export OMP_PROC_BIND=spread && export OMP_PLACES=threads && ./knfs
Parsed graph with 200706 vertices and 1802504 edges. Source is 200704 and sink is 200705.
>> IO Time (CSV Read): 0.717208 seconds.

Kokkos initialized on: N6Kokkos6OpenMPE
>> Graph Build & Init Time: 3.18622 seconds.

[FINISHED] Total Iterations: 1044
>> Algorithm Runtime: 0.391003 seconds.
------------------------------------------
TOTAL Runtime (IO + Init + Algo): 4.29443 seconds.
MAX FLOW IS 106104509
make[1]: Leaving directory '/workspaces/fit-dp'
----------------------------------------
>>> RUNNING: input/data/vision/csv_format/KZ2-sawtooth10.csv
make[1]: Entering directory '/workspaces/fit-dp'
export OMP_PROC_BIND=spread && export OMP_PLACES=threads && ./knfs
Parsed graph with 300206 vertices and 1702913 edges. Source is 300204 and sink is 300205.
>> IO Time (CSV Read): 0.604677 seconds.

Kokkos initialized on: N6Kokkos6OpenMPE
>> Graph Build & Init Time: 3.22545 seconds.

[FINISHED] Total Iterations: 198
>> Algorithm Runtime: 0.201837 seconds.
------------------------------------------
TOTAL Runtime (IO + Init + Algo): 4.03197 seconds.
MAX FLOW IS 1097044
make[1]: Leaving directory '/workspaces/fit-dp'
----------------------------------------
>>> RUNNING: input/data/vision/csv_format/gardenInc0003L4_L3.inc.csv
make[1]: Entering directory '/workspaces/fit-dp'
export OMP_PROC_BIND=spread && export OMP_PLACES=threads && ./knfs
Parsed graph with 21002 vertices and 139260 edges. Source is 21000 and sink is 21001.
>> IO Time (CSV Read): 0.0501058 seconds.

Kokkos initialized on: N6Kokkos6OpenMPE
>> Graph Build & Init Time: 0.236892 seconds.

[FINISHED] Total Iterations: 134
>> Algorithm Runtime: 0.00659273 seconds.
------------------------------------------
TOTAL Runtime (IO + Init + Algo): 0.29359 seconds.
MAX FLOW IS 15109238
make[1]: Leaving directory '/workspaces/fit-dp'
----------------------------------------
>>> RUNNING: input/data/vision/csv_format/lazybrush-mangadinner.max.csv
make[1]: Entering directory '/workspaces/fit-dp'
export OMP_PROC_BIND=spread && export OMP_PLACES=threads && ./knfs
Parsed graph with 593032 vertices and 2397723 edges. Source is 593030 and sink is 593031.
>> IO Time (CSV Read): 0.912464 seconds.

Kokkos initialized on: N6Kokkos6OpenMPE
>> Graph Build & Init Time: 4.00305 seconds.

[FINISHED] Total Iterations: 298999
>> Algorithm Runtime: 4.85771 seconds.
------------------------------------------
TOTAL Runtime (IO + Init + Algo): 9.77322 seconds.
MAX FLOW IS 150280
make[1]: Leaving directory '/workspaces/fit-dp'
----------------------------------------
>>> RUNNING: input/data/vision/csv_format/gardenInc0003L4_L1.inc.csv
make[1]: Entering directory '/workspaces/fit-dp'
export OMP_PROC_BIND=spread && export OMP_PLACES=threads && ./knfs
Parsed graph with 21002 vertices and 172379 edges. Source is 21000 and sink is 21001.
>> IO Time (CSV Read): 0.0607034 seconds.

Kokkos initialized on: N6Kokkos6OpenMPE
>> Graph Build & Init Time: 0.286434 seconds.

[FINISHED] Total Iterations: 134
>> Algorithm Runtime: 0.00714562 seconds.
------------------------------------------
TOTAL Runtime (IO + Init + Algo): 0.354283 seconds.
MAX FLOW IS 15110932
make[1]: Leaving directory '/workspaces/fit-dp'
----------------------------------------
>>> RUNNING: input/data/vision/csv_format/cowInc0002L4_L1.inc.csv
make[1]: Entering directory '/workspaces/fit-dp'
export OMP_PROC_BIND=spread && export OMP_PLACES=threads && ./knfs
Parsed graph with 414722 vertices and 2189911 edges. Source is 414720 and sink is 414721.
>> IO Time (CSV Read): 0.815006 seconds.

Kokkos initialized on: N6Kokkos6OpenMPE
>> Graph Build & Init Time: 4.47143 seconds.

[FINISHED] Total Iterations: 557
>> Algorithm Runtime: 0.0892773 seconds.
------------------------------------------
TOTAL Runtime (IO + Init + Algo): 5.37571 seconds.
MAX FLOW IS 395373862
make[1]: Leaving directory '/workspaces/fit-dp'
----------------------------------------
>>> RUNNING: input/data/vision/csv_format/BVZ-venus5.csv
make[1]: Entering directory '/workspaces/fit-dp'
export OMP_PROC_BIND=spread && export OMP_PLACES=threads && ./knfs
Parsed graph with 166226 vertices and 773397 edges. Source is 166224 and sink is 166225.
>> IO Time (CSV Read): 0.276251 seconds.

Kokkos initialized on: N6Kokkos6OpenMPE
>> Graph Build & Init Time: 1.33927 seconds.

[FINISHED] Total Iterations: 620
>> Algorithm Runtime: 0.160283 seconds.
------------------------------------------
TOTAL Runtime (IO + Init + Algo): 1.7758 seconds.
MAX FLOW IS 392123
make[1]: Leaving directory '/workspaces/fit-dp'
----------------------------------------
>>> RUNNING: input/data/vision/csv_format/BVZ-sawtooth13.csv
make[1]: Entering directory '/workspaces/fit-dp'
export OMP_PROC_BIND=spread && export OMP_PLACES=threads && ./knfs
Parsed graph with 164924 vertices and 795676 edges. Source is 164922 and sink is 164923.
>> IO Time (CSV Read): 0.28258 seconds.

Kokkos initialized on: N6Kokkos6OpenMPE
>> Graph Build & Init Time: 1.3912 seconds.

[FINISHED] Total Iterations: 6233
>> Algorithm Runtime: 0.117337 seconds.
------------------------------------------
TOTAL Runtime (IO + Init + Algo): 1.79111 seconds.
MAX FLOW IS 1306125
make[1]: Leaving directory '/workspaces/fit-dp'
----------------------------------------
>>> RUNNING: input/data/vision/csv_format/BVZ-venus6.csv
make[1]: Entering directory '/workspaces/fit-dp'
export OMP_PROC_BIND=spread && export OMP_PLACES=threads && ./knfs
Parsed graph with 166226 vertices and 776476 edges. Source is 166224 and sink is 166225.
>> IO Time (CSV Read): 0.275821 seconds.

Kokkos initialized on: N6Kokkos6OpenMPE
>> Graph Build & Init Time: 1.35631 seconds.

[FINISHED] Total Iterations: 353
>> Algorithm Runtime: 0.0597495 seconds.
------------------------------------------
TOTAL Runtime (IO + Init + Algo): 1.69188 seconds.
MAX FLOW IS 475274
make[1]: Leaving directory '/workspaces/fit-dp'
----------------------------------------
>>> RUNNING: input/data/vision/csv_format/BL06-gargoyle-med.max.csv
make[1]: Entering directory '/workspaces/fit-dp'
export OMP_PROC_BIND=spread && export OMP_PLACES=threads && ./knfs
Parsed graph with 8847364 vertices and 44048632 edges. Source is 8847362 and sink is 8847363.
>> IO Time (CSV Read): 17.3704 seconds.

Kokkos initialized on: N6Kokkos6OpenMPE
>> Graph Build & Init Time: 94.3396 seconds.

[FINISHED] Total Iterations: 2672
>> Algorithm Runtime: 4.58646 seconds.
------------------------------------------
TOTAL Runtime (IO + Init + Algo): 116.296 seconds.
MAX FLOW IS 78065579
make[1]: Leaving directory '/workspaces/fit-dp'
----------------------------------------
>>> RUNNING: input/data/vision/csv_format/videoSegA2.inc.csv
make[1]: Entering directory '/workspaces/fit-dp'
export OMP_PROC_BIND=spread && export OMP_PLACES=threads && ./knfs
Parsed graph with 172804 vertices and 17112142 edges. Source is 172802 and sink is 172803.
>> IO Time (CSV Read): 6.37925 seconds.

Kokkos initialized on: N6Kokkos6OpenMPE
>> Graph Build & Init Time: 18.2362 seconds.

[FINISHED] Total Iterations: 3129
>> Algorithm Runtime: 0.442238 seconds.
------------------------------------------
TOTAL Runtime (IO + Init + Algo): 25.0577 seconds.
MAX FLOW IS 2121629360
make[1]: Leaving directory '/workspaces/fit-dp'
----------------------------------------
>>> RUNNING: input/data/vision/csv_format/KZ2-sawtooth9.csv
make[1]: Entering directory '/workspaces/fit-dp'
export OMP_PROC_BIND=spread && export OMP_PLACES=threads && ./knfs
Parsed graph with 262428 vertices and 1445552 edges. Source is 262426 and sink is 262427.
>> IO Time (CSV Read): 0.510842 seconds.

Kokkos initialized on: N6Kokkos6OpenMPE
>> Graph Build & Init Time: 2.70518 seconds.

[FINISHED] Total Iterations: 160
>> Algorithm Runtime: 0.114354 seconds.
------------------------------------------
TOTAL Runtime (IO + Init + Algo): 3.33038 seconds.
MAX FLOW IS 909362
make[1]: Leaving directory '/workspaces/fit-dp'
----------------------------------------
>>> RUNNING: input/data/vision/csv_format/KZ2-venus20.csv
make[1]: Entering directory '/workspaces/fit-dp'
export OMP_PROC_BIND=spread && export OMP_PLACES=threads && ./knfs
Parsed graph with 315630 vertices and 1856106 edges. Source is 315628 and sink is 315629.
>> IO Time (CSV Read): 0.654026 seconds.

Kokkos initialized on: N6Kokkos6OpenMPE
>> Graph Build & Init Time: 3.5138 seconds.

[FINISHED] Total Iterations: 91
>> Algorithm Runtime: 0.209611 seconds.
------------------------------------------
TOTAL Runtime (IO + Init + Algo): 4.37743 seconds.
MAX FLOW IS 989615
make[1]: Leaving directory '/workspaces/fit-dp'
----------------------------------------
>>> RUNNING: input/data/vision/csv_format/lazybrush-elephant.max.csv
make[1]: Entering directory '/workspaces/fit-dp'
export OMP_PROC_BIND=spread && export OMP_PLACES=threads && ./knfs
Parsed graph with 2370064 vertices and 9492348 edges. Source is 2370062 and sink is 2370063.
>> IO Time (CSV Read): 3.73831 seconds.

Kokkos initialized on: N6Kokkos6OpenMPE
>> Graph Build & Init Time: 16.8324 seconds.

[FINISHED] Total Iterations: 61010
>> Algorithm Runtime: 7.83922 seconds.
------------------------------------------
TOTAL Runtime (IO + Init + Algo): 28.4099 seconds.
MAX FLOW IS 617577
make[1]: Leaving directory '/workspaces/fit-dp'
----------------------------------------
>>> RUNNING: input/data/vision/csv_format/KZ2-sawtooth3.csv
make[1]: Entering directory '/workspaces/fit-dp'
export OMP_PROC_BIND=spread && export OMP_PLACES=threads && ./knfs
Parsed graph with 301669 vertices and 1709942 edges. Source is 301667 and sink is 301668.
>> IO Time (CSV Read): 0.614447 seconds.

Kokkos initialized on: N6Kokkos6OpenMPE
>> Graph Build & Init Time: 3.21671 seconds.

[FINISHED] Total Iterations: 424
>> Algorithm Runtime: 0.187606 seconds.
------------------------------------------
TOTAL Runtime (IO + Init + Algo): 4.01876 seconds.
MAX FLOW IS 974587
make[1]: Leaving directory '/workspaces/fit-dp'
----------------------------------------
>>> RUNNING: input/data/vision/csv_format/pedestrians.inc.csv
make[1]: Entering directory '/workspaces/fit-dp'
export OMP_PROC_BIND=spread && export OMP_PLACES=threads && ./knfs
Parsed graph with 86402 vertices and 18683570 edges. Source is 86400 and sink is 86401.
>> IO Time (CSV Read): 6.84495 seconds.

Kokkos initialized on: N6Kokkos6OpenMPE
>> Graph Build & Init Time: 17.5571 seconds.

[FINISHED] Total Iterations: 71
>> Algorithm Runtime: 0.135506 seconds.
------------------------------------------
TOTAL Runtime (IO + Init + Algo): 24.5375 seconds.
MAX FLOW IS 158448834714
make[1]: Leaving directory '/workspaces/fit-dp'
----------------------------------------
>>> RUNNING: input/data/vision/csv_format/videoSegB.csv
make[1]: Entering directory '/workspaces/fit-dp'
export OMP_PROC_BIND=spread && export OMP_PLACES=threads && ./knfs
Parsed graph with 230404 vertices and 2044726 edges. Source is 230402 and sink is 230403.
>> IO Time (CSV Read): 0.79499 seconds.

Kokkos initialized on: N6Kokkos6OpenMPE
>> Graph Build & Init Time: 3.44315 seconds.

[FINISHED] Total Iterations: 321
>> Algorithm Runtime: 0.0912584 seconds.
------------------------------------------
TOTAL Runtime (IO + Init + Algo): 4.3294 seconds.
MAX FLOW IS 7586320
make[1]: Leaving directory '/workspaces/fit-dp'
----------------------------------------
>>> RUNNING: input/data/vision/csv_format/BVZ-venus19.csv
make[1]: Entering directory '/workspaces/fit-dp'
export OMP_PROC_BIND=spread && export OMP_PLACES=threads && ./knfs
Parsed graph with 166225 vertices and 829476 edges. Source is 166223 and sink is 166224.
>> IO Time (CSV Read): 0.29837 seconds.

Kokkos initialized on: N6Kokkos6OpenMPE
>> Graph Build & Init Time: 1.4217 seconds.

[FINISHED] Total Iterations: 1
>> Algorithm Runtime: 4.01e-07 seconds.
------------------------------------------
TOTAL Runtime (IO + Init + Algo): 1.72007 seconds.
MAX FLOW IS 0
make[1]: Leaving directory '/workspaces/fit-dp'
----------------------------------------
>>> RUNNING: input/data/vision/csv_format/KZ2-sawtooth13.csv
make[1]: Entering directory '/workspaces/fit-dp'
export OMP_PROC_BIND=spread && export OMP_PLACES=threads && ./knfs
Parsed graph with 237217 vertices and 1280496 edges. Source is 237215 and sink is 237216.
>> IO Time (CSV Read): 0.450109 seconds.

Kokkos initialized on: N6Kokkos6OpenMPE
>> Graph Build & Init Time: 2.35752 seconds.

[FINISHED] Total Iterations: 845575
>> Algorithm Runtime: 9.91696 seconds.
------------------------------------------
TOTAL Runtime (IO + Init + Algo): 12.7246 seconds.
MAX FLOW IS 841868
make[1]: Leaving directory '/workspaces/fit-dp'
----------------------------------------
>>> RUNNING: input/data/vision/csv_format/BVZ-venus15.csv
make[1]: Entering directory '/workspaces/fit-dp'
export OMP_PROC_BIND=spread && export OMP_PLACES=threads && ./knfs
Parsed graph with 166226 vertices and 793560 edges. Source is 166224 and sink is 166225.
>> IO Time (CSV Read): 0.275805 seconds.

Kokkos initialized on: N6Kokkos6OpenMPE
>> Graph Build & Init Time: 1.35898 seconds.

[FINISHED] Total Iterations: 204722
>> Algorithm Runtime: 2.40926 seconds.
------------------------------------------
TOTAL Runtime (IO + Init + Algo): 4.04404 seconds.
MAX FLOW IS 1111363
make[1]: Leaving directory '/workspaces/fit-dp'
----------------------------------------
>>> RUNNING: input/data/vision/csv_format/videoSegA.inc.csv
make[1]: Entering directory '/workspaces/fit-dp'
export OMP_PROC_BIND=spread && export OMP_PLACES=threads && ./knfs
Parsed graph with 172804 vertices and 17055574 edges. Source is 172802 and sink is 172803.
>> IO Time (CSV Read): 6.45174 seconds.

Kokkos initialized on: N6Kokkos6OpenMPE
>> Graph Build & Init Time: 18.2254 seconds.

[FINISHED] Total Iterations: 1451
>> Algorithm Runtime: 0.487202 seconds.
------------------------------------------
TOTAL Runtime (IO + Init + Algo): 25.1644 seconds.
MAX FLOW IS 2126831543
make[1]: Leaving directory '/workspaces/fit-dp'
----------------------------------------
>>> RUNNING: input/data/vision/csv_format/KZ2-sawtooth12.csv
make[1]: Entering directory '/workspaces/fit-dp'
export OMP_PROC_BIND=spread && export OMP_PLACES=threads && ./knfs
Parsed graph with 313418 vertices and 1834793 edges. Source is 313416 and sink is 313417.
>> IO Time (CSV Read): 0.649808 seconds.

Kokkos initialized on: N6Kokkos6OpenMPE
>> Graph Build & Init Time: 3.4793 seconds.

[FINISHED] Total Iterations: 153
>> Algorithm Runtime: 0.183794 seconds.
------------------------------------------
TOTAL Runtime (IO + Init + Algo): 4.3129 seconds.
MAX FLOW IS 1069147
make[1]: Leaving directory '/workspaces/fit-dp'
----------------------------------------
>>> RUNNING: input/data/vision/csv_format/videoSegB.inc.csv
make[1]: Entering directory '/workspaces/fit-dp'
export OMP_PROC_BIND=spread && export OMP_PLACES=threads && ./knfs
Parsed graph with 230404 vertices and 11035840 edges. Source is 230402 and sink is 230403.
>> IO Time (CSV Read): 4.17618 seconds.

Kokkos initialized on: N6Kokkos6OpenMPE
>> Graph Build & Init Time: 12.9972 seconds.

[FINISHED] Total Iterations: 2471
>> Algorithm Runtime: 0.306282 seconds.
------------------------------------------
TOTAL Runtime (IO + Init + Algo): 17.4797 seconds.
MAX FLOW IS 2112367274
make[1]: Leaving directory '/workspaces/fit-dp'
----------------------------------------
>>> RUNNING: input/data/vision/csv_format/BVZ-venus1.csv
make[1]: Entering directory '/workspaces/fit-dp'
export OMP_PROC_BIND=spread && export OMP_PLACES=threads && ./knfs
Parsed graph with 166226 vertices and 787716 edges. Source is 166224 and sink is 166225.
>> IO Time (CSV Read): 0.277978 seconds.

Kokkos initialized on: N6Kokkos6OpenMPE
>> Graph Build & Init Time: 1.37072 seconds.

[FINISHED] Total Iterations: 932
>> Algorithm Runtime: 0.200126 seconds.
------------------------------------------
TOTAL Runtime (IO + Init + Algo): 1.84882 seconds.
MAX FLOW IS 273141
make[1]: Leaving directory '/workspaces/fit-dp'
----------------------------------------
>>> RUNNING: input/data/vision/csv_format/gardenInc0001L4_L0.inc.csv
make[1]: Entering directory '/workspaces/fit-dp'
export OMP_PROC_BIND=spread && export OMP_PLACES=threads && ./knfs
Parsed graph with 21002 vertices and 141714 edges. Source is 21000 and sink is 21001.
>> IO Time (CSV Read): 0.0501847 seconds.

Kokkos initialized on: N6Kokkos6OpenMPE
>> Graph Build & Init Time: 0.245647 seconds.

[FINISHED] Total Iterations: 37
>> Algorithm Runtime: 0.00507424 seconds.
------------------------------------------
TOTAL Runtime (IO + Init + Algo): 0.300906 seconds.
MAX FLOW IS 15051622
make[1]: Leaving directory '/workspaces/fit-dp'
----------------------------------------
>>> RUNNING: input/data/vision/csv_format/KZ2-venus9.csv
make[1]: Entering directory '/workspaces/fit-dp'
export OMP_PROC_BIND=spread && export OMP_PLACES=threads && ./knfs
Parsed graph with 316578 vertices and 1849322 edges. Source is 316576 and sink is 316577.
>> IO Time (CSV Read): 0.642601 seconds.

Kokkos initialized on: N6Kokkos6OpenMPE
>> Graph Build & Init Time: 3.47547 seconds.

[FINISHED] Total Iterations: 258
>> Algorithm Runtime: 0.238248 seconds.
------------------------------------------
TOTAL Runtime (IO + Init + Algo): 4.35631 seconds.
MAX FLOW IS 1393567
make[1]: Leaving directory '/workspaces/fit-dp'
----------------------------------------
>>> RUNNING: input/data/vision/csv_format/BVZ-sawtooth7.csv
make[1]: Entering directory '/workspaces/fit-dp'
export OMP_PROC_BIND=spread && export OMP_PLACES=threads && ./knfs
Parsed graph with 164924 vertices and 766285 edges. Source is 164922 and sink is 164923.
>> IO Time (CSV Read): 0.272844 seconds.

Kokkos initialized on: N6Kokkos6OpenMPE
>> Graph Build & Init Time: 1.3581 seconds.

[FINISHED] Total Iterations: 508
>> Algorithm Runtime: 0.0748481 seconds.
------------------------------------------
TOTAL Runtime (IO + Init + Algo): 1.70579 seconds.
MAX FLOW IS 587813
make[1]: Leaving directory '/workspaces/fit-dp'
----------------------------------------
>>> RUNNING: input/data/vision/csv_format/KZ2-venus7.csv
make[1]: Entering directory '/workspaces/fit-dp'
export OMP_PROC_BIND=spread && export OMP_PLACES=threads && ./knfs
Parsed graph with 321511 vertices and 1898639 edges. Source is 321509 and sink is 321510.
>> IO Time (CSV Read): 0.662006 seconds.

Kokkos initialized on: N6Kokkos6OpenMPE
>> Graph Build & Init Time: 3.60931 seconds.

[FINISHED] Total Iterations: 643
>> Algorithm Runtime: 0.229829 seconds.
------------------------------------------
TOTAL Runtime (IO + Init + Algo): 4.50115 seconds.
MAX FLOW IS 1496941
make[1]: Leaving directory '/workspaces/fit-dp'
----------------------------------------
>>> RUNNING: input/data/vision/csv_format/gardenInc0002L4_L1.inc.csv
make[1]: Entering directory '/workspaces/fit-dp'
export OMP_PROC_BIND=spread && export OMP_PLACES=threads && ./knfs
Parsed graph with 21002 vertices and 175005 edges. Source is 21000 and sink is 21001.
>> IO Time (CSV Read): 0.0598838 seconds.

Kokkos initialized on: N6Kokkos6OpenMPE
>> Graph Build & Init Time: 0.28814 seconds.

[FINISHED] Total Iterations: 82
>> Algorithm Runtime: 0.00668355 seconds.
------------------------------------------
TOTAL Runtime (IO + Init + Algo): 0.354708 seconds.
MAX FLOW IS 15068948
make[1]: Leaving directory '/workspaces/fit-dp'
----------------------------------------
>>> RUNNING: input/data/vision/csv_format/BVZ-sawtooth2.csv
make[1]: Entering directory '/workspaces/fit-dp'
export OMP_PROC_BIND=spread && export OMP_PLACES=threads && ./knfs
Parsed graph with 164924 vertices and 777798 edges. Source is 164922 and sink is 164923.
>> IO Time (CSV Read): 0.276391 seconds.

Kokkos initialized on: N6Kokkos6OpenMPE
>> Graph Build & Init Time: 1.37516 seconds.

[FINISHED] Total Iterations: 1163
>> Algorithm Runtime: 0.110876 seconds.
------------------------------------------
TOTAL Runtime (IO + Init + Algo): 1.76243 seconds.
MAX FLOW IS 615774
make[1]: Leaving directory '/workspaces/fit-dp'
----------------------------------------
>>> RUNNING: input/data/vision/csv_format/BVZ-sawtooth8.csv
make[1]: Entering directory '/workspaces/fit-dp'
export OMP_PROC_BIND=spread && export OMP_PLACES=threads && ./knfs
Parsed graph with 164924 vertices and 764591 edges. Source is 164922 and sink is 164923.
>> IO Time (CSV Read): 0.268139 seconds.

Kokkos initialized on: N6Kokkos6OpenMPE
>> Graph Build & Init Time: 1.34144 seconds.

[FINISHED] Total Iterations: 359
>> Algorithm Runtime: 0.130606 seconds.
------------------------------------------
TOTAL Runtime (IO + Init + Algo): 1.74019 seconds.
MAX FLOW IS 482773
make[1]: Leaving directory '/workspaces/fit-dp'
----------------------------------------
>>> RUNNING: input/data/vision/csv_format/BVZ-tsukuba7.csv
make[1]: Entering directory '/workspaces/fit-dp'
export OMP_PROC_BIND=spread && export OMP_PLACES=threads && ./knfs
Parsed graph with 110596 vertices and 495749 edges. Source is 110594 and sink is 110595.
>> IO Time (CSV Read): 0.169891 seconds.

Kokkos initialized on: N6Kokkos6OpenMPE
>> Graph Build & Init Time: 0.823006 seconds.

[FINISHED] Total Iterations: 33935
>> Algorithm Runtime: 0.455584 seconds.
------------------------------------------
TOTAL Runtime (IO + Init + Algo): 1.44848 seconds.
MAX FLOW IS 40480
make[1]: Leaving directory '/workspaces/fit-dp'
----------------------------------------
>>> RUNNING: input/data/vision/csv_format/BVZ-sawtooth12.csv
make[1]: Entering directory '/workspaces/fit-dp'
export OMP_PROC_BIND=spread && export OMP_PLACES=threads && ./knfs
Parsed graph with 164924 vertices and 777967 edges. Source is 164922 and sink is 164923.
>> IO Time (CSV Read): 0.28373 seconds.

Kokkos initialized on: N6Kokkos6OpenMPE
>> Graph Build & Init Time: 1.35845 seconds.

[FINISHED] Total Iterations: 889
>> Algorithm Runtime: 0.132321 seconds.
------------------------------------------
TOTAL Runtime (IO + Init + Algo): 1.7745 seconds.
MAX FLOW IS 300331
make[1]: Leaving directory '/workspaces/fit-dp'
----------------------------------------
>>> RUNNING: input/data/vision/csv_format/BVZ-tsukuba6.csv
make[1]: Entering directory '/workspaces/fit-dp'
export OMP_PROC_BIND=spread && export OMP_PLACES=threads && ./knfs
Parsed graph with 110596 vertices and 484604 edges. Source is 110594 and sink is 110595.
>> IO Time (CSV Read): 0.167006 seconds.

Kokkos initialized on: N6Kokkos6OpenMPE
>> Graph Build & Init Time: 0.832876 seconds.

[FINISHED] Total Iterations: 553
>> Algorithm Runtime: 0.0392985 seconds.
------------------------------------------
TOTAL Runtime (IO + Init + Algo): 1.03918 seconds.
MAX FLOW IS 183990
make[1]: Leaving directory '/workspaces/fit-dp'
----------------------------------------
>>> RUNNING: input/data/vision/csv_format/lazybrush-doctor.max.csv
make[1]: Entering directory '/workspaces/fit-dp'
export OMP_PROC_BIND=spread && export OMP_PLACES=threads && ./knfs
Parsed graph with 2373272 vertices and 9522523 edges. Source is 2373270 and sink is 2373271.
>> IO Time (CSV Read): 3.79682 seconds.

Kokkos initialized on: N6Kokkos6OpenMPE
>> Graph Build & Init Time: 16.935 seconds.

[FINISHED] Total Iterations: 704204
>> Algorithm Runtime: 13.6011 seconds.
------------------------------------------
TOTAL Runtime (IO + Init + Algo): 34.3329 seconds.
MAX FLOW IS 37718
make[1]: Leaving directory '/workspaces/fit-dp'
----------------------------------------
>>> RUNNING: input/data/vision/csv_format/BVZ-tsukuba14.csv
make[1]: Entering directory '/workspaces/fit-dp'
export OMP_PROC_BIND=spread && export OMP_PLACES=threads && ./knfs
Parsed graph with 110596 vertices and 507443 edges. Source is 110594 and sink is 110595.
>> IO Time (CSV Read): 0.177028 seconds.

Kokkos initialized on: N6Kokkos6OpenMPE
>> Graph Build & Init Time: 0.860841 seconds.

[FINISHED] Total Iterations: 4619
>> Algorithm Runtime: 0.17992 seconds.
------------------------------------------
TOTAL Runtime (IO + Init + Algo): 1.21779 seconds.
MAX FLOW IS 50438
make[1]: Leaving directory '/workspaces/fit-dp'
----------------------------------------
>>> RUNNING: input/data/vision/csv_format/BVZ-venus8.csv
make[1]: Entering directory '/workspaces/fit-dp'
export OMP_PROC_BIND=spread && export OMP_PLACES=threads && ./knfs
Parsed graph with 166226 vertices and 779091 edges. Source is 166224 and sink is 166225.
>> IO Time (CSV Read): 0.271141 seconds.

Kokkos initialized on: N6Kokkos6OpenMPE
>> Graph Build & Init Time: 1.34611 seconds.

[FINISHED] Total Iterations: 794
>> Algorithm Runtime: 0.16223 seconds.
------------------------------------------
TOTAL Runtime (IO + Init + Algo): 1.77949 seconds.
MAX FLOW IS 319166
make[1]: Leaving directory '/workspaces/fit-dp'
----------------------------------------
>>> RUNNING: input/data/vision/csv_format/BVZ-sawtooth1.csv
make[1]: Entering directory '/workspaces/fit-dp'
export OMP_PROC_BIND=spread && export OMP_PLACES=threads && ./knfs
Parsed graph with 164924 vertices and 789014 edges. Source is 164922 and sink is 164923.
>> IO Time (CSV Read): 0.281773 seconds.

Kokkos initialized on: N6Kokkos6OpenMPE
>> Graph Build & Init Time: 1.3811 seconds.

[FINISHED] Total Iterations: 1029
>> Algorithm Runtime: 0.146287 seconds.
------------------------------------------
TOTAL Runtime (IO + Init + Algo): 1.80916 seconds.
MAX FLOW IS 275253
make[1]: Leaving directory '/workspaces/fit-dp'
----------------------------------------
>>> RUNNING: input/data/vision/csv_format/BVZ-tsukuba1.csv
make[1]: Entering directory '/workspaces/fit-dp'
export OMP_PROC_BIND=spread && export OMP_PLACES=threads && ./knfs
Parsed graph with 110596 vertices and 506694 edges. Source is 110594 and sink is 110595.
>> IO Time (CSV Read): 0.175376 seconds.

Kokkos initialized on: N6Kokkos6OpenMPE
>> Graph Build & Init Time: 0.873155 seconds.

[FINISHED] Total Iterations: 478
>> Algorithm Runtime: 0.0740401 seconds.
------------------------------------------
TOTAL Runtime (IO + Init + Algo): 1.12257 seconds.
MAX FLOW IS 252801
make[1]: Leaving directory '/workspaces/fit-dp'
----------------------------------------
>>> RUNNING: input/data/vision/csv_format/candeeiro.csv
make[1]: Entering directory '/workspaces/fit-dp'
export OMP_PROC_BIND=spread && export OMP_PLACES=threads && ./knfs
Parsed graph with 308738 vertices and 2772924 edges. Source is 308736 and sink is 308737.
>> IO Time (CSV Read): 1.07687 seconds.

Kokkos initialized on: N6Kokkos6OpenMPE
>> Graph Build & Init Time: 5.01189 seconds.

[FINISHED] Total Iterations: 3223
>> Algorithm Runtime: 0.532977 seconds.
------------------------------------------
TOTAL Runtime (IO + Init + Algo): 6.62174 seconds.
MAX FLOW IS 195548642
make[1]: Leaving directory '/workspaces/fit-dp'
----------------------------------------
>>> RUNNING: input/data/vision/csv_format/BVZ-tsukuba13.csv
make[1]: Entering directory '/workspaces/fit-dp'
export OMP_PROC_BIND=spread && export OMP_PLACES=threads && ./knfs
Parsed graph with 110595 vertices and 551616 edges. Source is 110593 and sink is 110594.
>> IO Time (CSV Read): 0.19761 seconds.

Kokkos initialized on: N6Kokkos6OpenMPE
>> Graph Build & Init Time: 0.931151 seconds.

[FINISHED] Total Iterations: 1
>> Algorithm Runtime: 3.71e-07 seconds.
------------------------------------------
TOTAL Runtime (IO + Init + Algo): 1.12876 seconds.
MAX FLOW IS 0
make[1]: Leaving directory '/workspaces/fit-dp'
----------------------------------------
>>> RUNNING: input/data/vision/csv_format/cowInc0004L4_L3.inc.csv
make[1]: Entering directory '/workspaces/fit-dp'
export OMP_PROC_BIND=spread && export OMP_PLACES=threads && ./knfs
Parsed graph with 414722 vertices and 3808137 edges. Source is 414720 and sink is 414721.
>> IO Time (CSV Read): 1.40703 seconds.

Kokkos initialized on: N6Kokkos6OpenMPE
>> Graph Build & Init Time: 7.06891 seconds.

[FINISHED] Total Iterations: 326
>> Algorithm Runtime: 0.112455 seconds.
------------------------------------------
TOTAL Runtime (IO + Init + Algo): 8.58839 seconds.
MAX FLOW IS 395889859
make[1]: Leaving directory '/workspaces/fit-dp'
----------------------------------------
>>> RUNNING: input/data/vision/csv_format/KZ2-sawtooth5.csv
make[1]: Entering directory '/workspaces/fit-dp'
export OMP_PROC_BIND=spread && export OMP_PLACES=threads && ./knfs
Parsed graph with 289057 vertices and 1625964 edges. Source is 289055 and sink is 289056.
>> IO Time (CSV Read): 0.576735 seconds.

Kokkos initialized on: N6Kokkos6OpenMPE
>> Graph Build & Init Time: 3.0716 seconds.

[FINISHED] Total Iterations: 164
>> Algorithm Runtime: 0.156343 seconds.
------------------------------------------
TOTAL Runtime (IO + Init + Algo): 3.80468 seconds.
MAX FLOW IS 943963
make[1]: Leaving directory '/workspaces/fit-dp'
----------------------------------------
>>> RUNNING: input/data/vision/csv_format/BVZ-sawtooth9.csv
make[1]: Entering directory '/workspaces/fit-dp'
export OMP_PROC_BIND=spread && export OMP_PLACES=threads && ./knfs
Parsed graph with 164924 vertices and 772741 edges. Source is 164922 and sink is 164923.
>> IO Time (CSV Read): 0.272379 seconds.

Kokkos initialized on: N6Kokkos6OpenMPE
>> Graph Build & Init Time: 1.35593 seconds.

[FINISHED] Total Iterations: 305
>> Algorithm Runtime: 0.0573825 seconds.
------------------------------------------
TOTAL Runtime (IO + Init + Algo): 1.68569 seconds.
MAX FLOW IS 877333
make[1]: Leaving directory '/workspaces/fit-dp'
----------------------------------------
>>> RUNNING: input/data/vision/csv_format/BVZ-tsukuba9.csv
make[1]: Entering directory '/workspaces/fit-dp'
export OMP_PROC_BIND=spread && export OMP_PLACES=threads && ./knfs
Parsed graph with 110596 vertices and 519074 edges. Source is 110594 and sink is 110595.
>> IO Time (CSV Read): 0.176056 seconds.

Kokkos initialized on: N6Kokkos6OpenMPE
>> Graph Build & Init Time: 0.877572 seconds.

[FINISHED] Total Iterations: 166993
>> Algorithm Runtime: 1.9804 seconds.
------------------------------------------
TOTAL Runtime (IO + Init + Algo): 3.03403 seconds.
MAX FLOW IS 290845
make[1]: Leaving directory '/workspaces/fit-dp'
----------------------------------------
>>> RUNNING: input/data/vision/csv_format/gardenInc0005L4_L3.inc.csv
make[1]: Entering directory '/workspaces/fit-dp'
export OMP_PROC_BIND=spread && export OMP_PLACES=threads && ./knfs
Parsed graph with 21002 vertices and 138646 edges. Source is 21000 and sink is 21001.
>> IO Time (CSV Read): 0.0477482 seconds.

Kokkos initialized on: N6Kokkos6OpenMPE
>> Graph Build & Init Time: 0.235631 seconds.

[FINISHED] Total Iterations: 146
>> Algorithm Runtime: 0.00697966 seconds.
------------------------------------------
TOTAL Runtime (IO + Init + Algo): 0.290359 seconds.
MAX FLOW IS 15174741
make[1]: Leaving directory '/workspaces/fit-dp'
----------------------------------------
>>> RUNNING: input/data/bisection/csv_format/cal-1804434-0002-024.csv
make[1]: Entering directory '/workspaces/fit-dp'
export OMP_PROC_BIND=spread && export OMP_PLACES=threads && ./knfs
Parsed graph with 1804436 vertices and 4442814 edges. Source is 1804434 and sink is 1804435.
>> IO Time (CSV Read): 1.61223 seconds.

Kokkos initialized on: N6Kokkos6OpenMPE
>> Graph Build & Init Time: 8.77774 seconds.

[FINISHED] Total Iterations: 338156
>> Algorithm Runtime: 5.29562 seconds.
------------------------------------------
TOTAL Runtime (IO + Init + Algo): 15.6856 seconds.
MAX FLOW IS 24
make[1]: Leaving directory '/workspaces/fit-dp'
----------------------------------------
>>> RUNNING: input/data/bisection/csv_format/nl-2159462-0014-032.csv
make[1]: Entering directory '/workspaces/fit-dp'
export OMP_PROC_BIND=spread && export OMP_PLACES=threads && ./knfs
Parsed graph with 2159464 vertices and 4766792 edges. Source is 2159462 and sink is 2159463.
>> IO Time (CSV Read): 1.74168 seconds.

Kokkos initialized on: N6Kokkos6OpenMPE
>> Graph Build & Init Time: 10.0137 seconds.

[FINISHED] Total Iterations: 95516
>> Algorithm Runtime: 2.17432 seconds.
------------------------------------------
TOTAL Runtime (IO + Init + Algo): 13.9297 seconds.
MAX FLOW IS 32
make[1]: Leaving directory '/workspaces/fit-dp'
----------------------------------------
>>> RUNNING: input/data/bisection/csv_format/cal-1804434-0006-037.csv
make[1]: Entering directory '/workspaces/fit-dp'
export OMP_PROC_BIND=spread && export OMP_PLACES=threads && ./knfs
Parsed graph with 1804436 vertices and 4442673 edges. Source is 1804434 and sink is 1804435.
>> IO Time (CSV Read): 1.64016 seconds.

Kokkos initialized on: N6Kokkos6OpenMPE
>> Graph Build & Init Time: 8.7505 seconds.

[FINISHED] Total Iterations: 2037254
>> Algorithm Runtime: 24.8193 seconds.
------------------------------------------
TOTAL Runtime (IO + Init + Algo): 35.2099 seconds.
MAX FLOW IS 37
make[1]: Leaving directory '/workspaces/fit-dp'
----------------------------------------
>>> RUNNING: input/data/bisection/csv_format/lux-106797-0078-008.csv
make[1]: Entering directory '/workspaces/fit-dp'
export OMP_PROC_BIND=spread && export OMP_PLACES=threads && ./knfs
Parsed graph with 106799 vertices and 223683 edges. Source is 106797 and sink is 106798.
>> IO Time (CSV Read): 0.0748649 seconds.

Kokkos initialized on: N6Kokkos6OpenMPE
>> Graph Build & Init Time: 0.391264 seconds.

[FINISHED] Total Iterations: 50766
>> Algorithm Runtime: 0.707551 seconds.
------------------------------------------
TOTAL Runtime (IO + Init + Algo): 1.17368 seconds.
MAX FLOW IS 8
make[1]: Leaving directory '/workspaces/fit-dp'
----------------------------------------
>>> RUNNING: input/data/bisection/csv_format/rgg18-260352-0032-319.csv
make[1]: Entering directory '/workspaces/fit-dp'
export OMP_PROC_BIND=spread && export OMP_PLACES=threads && ./knfs
Parsed graph with 260354 vertices and 3066560 edges. Source is 260352 and sink is 260353.
>> IO Time (CSV Read): 1.12823 seconds.

Kokkos initialized on: N6Kokkos6OpenMPE
>> Graph Build & Init Time: 5.82674 seconds.

[FINISHED] Total Iterations: 1754
>> Algorithm Runtime: 0.371511 seconds.
------------------------------------------
TOTAL Runtime (IO + Init + Algo): 7.32648 seconds.
MAX FLOW IS 319
make[1]: Leaving directory '/workspaces/fit-dp'
----------------------------------------
>>> RUNNING: input/data/bisection/csv_format/cal-1804434-0001-024.csv
make[1]: Entering directory '/workspaces/fit-dp'
export OMP_PROC_BIND=spread && export OMP_PLACES=threads && ./knfs
Parsed graph with 1804436 vertices and 4442570 edges. Source is 1804434 and sink is 1804435.
>> IO Time (CSV Read): 1.64125 seconds.

Kokkos initialized on: N6Kokkos6OpenMPE
>> Graph Build & Init Time: 8.77703 seconds.

[FINISHED] Total Iterations: 406142
>> Algorithm Runtime: 6.03866 seconds.
------------------------------------------
TOTAL Runtime (IO + Init + Algo): 16.4569 seconds.
MAX FLOW IS 24
make[1]: Leaving directory '/workspaces/fit-dp'
----------------------------------------
>>> RUNNING: input/data/bisection/csv_format/cal-1804434-0007-019.csv
make[1]: Entering directory '/workspaces/fit-dp'
export OMP_PROC_BIND=spread && export OMP_PLACES=threads && ./knfs
Parsed graph with 1804436 vertices and 4442673 edges. Source is 1804434 and sink is 1804435.
>> IO Time (CSV Read): 1.64915 seconds.

Kokkos initialized on: N6Kokkos6OpenMPE
>> Graph Build & Init Time: 8.74629 seconds.

[FINISHED] Total Iterations: 247496
>> Algorithm Runtime: 4.22586 seconds.
------------------------------------------
TOTAL Runtime (IO + Init + Algo): 14.6213 seconds.
MAX FLOW IS 19
make[1]: Leaving directory '/workspaces/fit-dp'
----------------------------------------
>>> RUNNING: input/data/bisection/csv_format/lux-108312-0026-010.csv
make[1]: Entering directory '/workspaces/fit-dp'
export OMP_PROC_BIND=spread && export OMP_PLACES=threads && ./knfs
Parsed graph with 108314 vertices and 226703 edges. Source is 108312 and sink is 108313.
>> IO Time (CSV Read): 0.0761762 seconds.

Kokkos initialized on: N6Kokkos6OpenMPE
>> Graph Build & Init Time: 0.394695 seconds.

[FINISHED] Total Iterations: 67263
>> Algorithm Runtime: 0.980146 seconds.
------------------------------------------
TOTAL Runtime (IO + Init + Algo): 1.45102 seconds.
MAX FLOW IS 10
make[1]: Leaving directory '/workspaces/fit-dp'
----------------------------------------
>>> RUNNING: input/data/bisection/csv_format/nl-2159462-0276-041.csv
make[1]: Entering directory '/workspaces/fit-dp'
export OMP_PROC_BIND=spread && export OMP_PLACES=threads && ./knfs
Parsed graph with 2159464 vertices and 4777401 edges. Source is 2159462 and sink is 2159463.
>> IO Time (CSV Read): 1.73135 seconds.

Kokkos initialized on: N6Kokkos6OpenMPE
>> Graph Build & Init Time: 10.1731 seconds.

[FINISHED] Total Iterations: 91126
>> Algorithm Runtime: 2.47232 seconds.
------------------------------------------
TOTAL Runtime (IO + Init + Algo): 14.3768 seconds.
MAX FLOW IS 41
make[1]: Leaving directory '/workspaces/fit-dp'
----------------------------------------
>>> RUNNING: input/data/bisection/csv_format/rgg18-260352-0013-161.csv
make[1]: Entering directory '/workspaces/fit-dp'
export OMP_PROC_BIND=spread && export OMP_PLACES=threads && ./knfs
Parsed graph with 260354 vertices and 3066564 edges. Source is 260352 and sink is 260353.
>> IO Time (CSV Read): 1.04332 seconds.

Kokkos initialized on: N6Kokkos6OpenMPE
>> Graph Build & Init Time: 5.85809 seconds.

[FINISHED] Total Iterations: 844
>> Algorithm Runtime: 0.272656 seconds.
------------------------------------------
TOTAL Runtime (IO + Init + Algo): 7.17406 seconds.
MAX FLOW IS 161
make[1]: Leaving directory '/workspaces/fit-dp'
----------------------------------------
>>> RUNNING: input/data/bisection/csv_format/horse-48112-0017-266.csv
make[1]: Entering directory '/workspaces/fit-dp'
export OMP_PROC_BIND=spread && export OMP_PLACES=threads && ./knfs
Parsed graph with 48114 vertices and 288669 edges. Source is 48112 and sink is 48113.
>> IO Time (CSV Read): 0.097978 seconds.

Kokkos initialized on: N6Kokkos6OpenMPE
>> Graph Build & Init Time: 0.478843 seconds.

[FINISHED] Total Iterations: 1457
>> Algorithm Runtime: 0.0615598 seconds.
------------------------------------------
TOTAL Runtime (IO + Init + Algo): 0.638381 seconds.
MAX FLOW IS 266
make[1]: Leaving directory '/workspaces/fit-dp'
----------------------------------------
>>> RUNNING: input/data/bisection/csv_format/rgg17-129426-0013-221.csv
make[1]: Entering directory '/workspaces/fit-dp'
export OMP_PROC_BIND=spread && export OMP_PLACES=threads && ./knfs
Parsed graph with 129428 vertices and 1432744 edges. Source is 129426 and sink is 129427.
>> IO Time (CSV Read): 0.472335 seconds.

Kokkos initialized on: N6Kokkos6OpenMPE
>> Graph Build & Init Time: 2.6419 seconds.

[FINISHED] Total Iterations: 1910
>> Algorithm Runtime: 0.180101 seconds.
------------------------------------------
TOTAL Runtime (IO + Init + Algo): 3.29434 seconds.
MAX FLOW IS 221
make[1]: Leaving directory '/workspaces/fit-dp'
----------------------------------------
>>> RUNNING: input/data/bisection/csv_format/alue7065-33338-0005-060.csv
make[1]: Entering directory '/workspaces/fit-dp'
export OMP_PROC_BIND=spread && export OMP_PLACES=threads && ./knfs
Parsed graph with 33340 vertices and 107992 edges. Source is 33338 and sink is 33339.
>> IO Time (CSV Read): 0.0361653 seconds.

Kokkos initialized on: N6Kokkos6OpenMPE
>> Graph Build & Init Time: 0.172052 seconds.

[FINISHED] Total Iterations: 8350
>> Algorithm Runtime: 0.124259 seconds.
------------------------------------------
TOTAL Runtime (IO + Init + Algo): 0.332476 seconds.
MAX FLOW IS 60
make[1]: Leaving directory '/workspaces/fit-dp'
----------------------------------------
>>> RUNNING: input/data/bisection/csv_format/horse-48112-0101-120.csv
make[1]: Entering directory '/workspaces/fit-dp'
export OMP_PROC_BIND=spread && export OMP_PLACES=threads && ./knfs
Parsed graph with 48114 vertices and 288668 edges. Source is 48112 and sink is 48113.
>> IO Time (CSV Read): 0.096939 seconds.

Kokkos initialized on: N6Kokkos6OpenMPE
>> Graph Build & Init Time: 0.477153 seconds.

[FINISHED] Total Iterations: 3551
>> Algorithm Runtime: 0.0834275 seconds.
------------------------------------------
TOTAL Runtime (IO + Init + Algo): 0.657519 seconds.
MAX FLOW IS 120
make[1]: Leaving directory '/workspaces/fit-dp'
----------------------------------------
>>> RUNNING: input/data/bisection/csv_format/nj2010-166269-0001-118.csv
make[1]: Entering directory '/workspaces/fit-dp'
export OMP_PROC_BIND=spread && export OMP_PLACES=threads && ./knfs
Parsed graph with 166271 vertices and 813528 edges. Source is 166269 and sink is 166270.
>> IO Time (CSV Read): 0.27771 seconds.

Kokkos initialized on: N6Kokkos6OpenMPE
>> Graph Build & Init Time: 1.50102 seconds.

[FINISHED] Total Iterations: 5525
>> Algorithm Runtime: 0.168655 seconds.
------------------------------------------
TOTAL Runtime (IO + Init + Algo): 1.94738 seconds.
MAX FLOW IS 118
make[1]: Leaving directory '/workspaces/fit-dp'
----------------------------------------
>>> RUNNING: input/data/bisection/csv_format/rgg17-129426-0039-312.csv
make[1]: Entering directory '/workspaces/fit-dp'
export OMP_PROC_BIND=spread && export OMP_PLACES=threads && ./knfs
Parsed graph with 129428 vertices and 1432744 edges. Source is 129426 and sink is 129427.
>> IO Time (CSV Read): 0.485002 seconds.

Kokkos initialized on: N6Kokkos6OpenMPE
>> Graph Build & Init Time: 2.63395 seconds.

[FINISHED] Total Iterations: 2293
>> Algorithm Runtime: 0.154668 seconds.
------------------------------------------
TOTAL Runtime (IO + Init + Algo): 3.27362 seconds.
MAX FLOW IS 312
make[1]: Leaving directory '/workspaces/fit-dp'
----------------------------------------
>>> RUNNING: input/data/bisection/csv_format/rgg17-129426-0036-104.csv
make[1]: Entering directory '/workspaces/fit-dp'
export OMP_PROC_BIND=spread && export OMP_PLACES=threads && ./knfs
Parsed graph with 129428 vertices and 1432744 edges. Source is 129426 and sink is 129427.
>> IO Time (CSV Read): 0.475043 seconds.

Kokkos initialized on: N6Kokkos6OpenMPE
>> Graph Build & Init Time: 2.64955 seconds.

[FINISHED] Total Iterations: 1087
>> Algorithm Runtime: 0.197093 seconds.
------------------------------------------
TOTAL Runtime (IO + Init + Algo): 3.32168 seconds.
MAX FLOW IS 104
make[1]: Leaving directory '/workspaces/fit-dp'
----------------------------------------
>>> RUNNING: input/data/bisection/csv_format/nl-2159462-0124-048.csv
make[1]: Entering directory '/workspaces/fit-dp'
export OMP_PROC_BIND=spread && export OMP_PLACES=threads && ./knfs
Parsed graph with 2159464 vertices and 4767721 edges. Source is 2159462 and sink is 2159463.
>> IO Time (CSV Read): 1.71811 seconds.

Kokkos initialized on: N6Kokkos6OpenMPE
>> Graph Build & Init Time: 9.96604 seconds.

[FINISHED] Total Iterations: 343633
>> Algorithm Runtime: 4.80871 seconds.
------------------------------------------
TOTAL Runtime (IO + Init + Algo): 16.4929 seconds.
MAX FLOW IS 48
make[1]: Leaving directory '/workspaces/fit-dp'
----------------------------------------
>>> RUNNING: input/data/bisection/csv_format/alue7065-33338-0012-083.csv
make[1]: Entering directory '/workspaces/fit-dp'
export OMP_PROC_BIND=spread && export OMP_PLACES=threads && ./knfs
Parsed graph with 33340 vertices and 107992 edges. Source is 33338 and sink is 33339.
>> IO Time (CSV Read): 0.0403471 seconds.

Kokkos initialized on: N6Kokkos6OpenMPE
>> Graph Build & Init Time: 0.171543 seconds.

[FINISHED] Total Iterations: 3342
>> Algorithm Runtime: 0.0626083 seconds.
------------------------------------------
TOTAL Runtime (IO + Init + Algo): 0.274499 seconds.
MAX FLOW IS 83
make[1]: Leaving directory '/workspaces/fit-dp'
----------------------------------------
>>> RUNNING: input/data/bisection/csv_format/horse-48112-0044-197.csv
make[1]: Entering directory '/workspaces/fit-dp'
export OMP_PROC_BIND=spread && export OMP_PLACES=threads && ./knfs
Parsed graph with 48114 vertices and 288666 edges. Source is 48112 and sink is 48113.
>> IO Time (CSV Read): 0.097185 seconds.

Kokkos initialized on: N6Kokkos6OpenMPE
>> Graph Build & Init Time: 0.474811 seconds.

[FINISHED] Total Iterations: 21224
>> Algorithm Runtime: 0.35616 seconds.
------------------------------------------
TOTAL Runtime (IO + Init + Algo): 0.928155 seconds.
MAX FLOW IS 197
make[1]: Leaving directory '/workspaces/fit-dp'
----------------------------------------
>>> RUNNING: input/data/bisection/csv_format/lux-108726-0033-009.csv
make[1]: Entering directory '/workspaces/fit-dp'
export OMP_PROC_BIND=spread && export OMP_PLACES=threads && ./knfs
Parsed graph with 108728 vertices and 227731 edges. Source is 108726 and sink is 108727.
>> IO Time (CSV Read): 0.0758839 seconds.

Kokkos initialized on: N6Kokkos6OpenMPE
>> Graph Build & Init Time: 0.402247 seconds.

[FINISHED] Total Iterations: 22602
>> Algorithm Runtime: 0.450381 seconds.
------------------------------------------
TOTAL Runtime (IO + Init + Algo): 0.928511 seconds.
MAX FLOW IS 9
make[1]: Leaving directory '/workspaces/fit-dp'
----------------------------------------
>>> RUNNING: input/data/bisection/csv_format/rgg18-260352-0020-471.csv
make[1]: Entering directory '/workspaces/fit-dp'
export OMP_PROC_BIND=spread && export OMP_PLACES=threads && ./knfs
Parsed graph with 260354 vertices and 3066562 edges. Source is 260352 and sink is 260353.
>> IO Time (CSV Read): 1.03755 seconds.

Kokkos initialized on: N6Kokkos6OpenMPE
>> Graph Build & Init Time: 5.83925 seconds.

[FINISHED] Total Iterations: 1839
>> Algorithm Runtime: 0.301858 seconds.
------------------------------------------
TOTAL Runtime (IO + Init + Algo): 7.17866 seconds.
MAX FLOW IS 471
make[1]: Leaving directory '/workspaces/fit-dp'
----------------------------------------
>>> RUNNING: input/data/bisection/csv_format/nl-2159462-0031-021.csv
make[1]: Entering directory '/workspaces/fit-dp'
export OMP_PROC_BIND=spread && export OMP_PLACES=threads && ./knfs
Parsed graph with 2159464 vertices and 4766792 edges. Source is 2159462 and sink is 2159463.
>> IO Time (CSV Read): 1.72491 seconds.

Kokkos initialized on: N6Kokkos6OpenMPE
>> Graph Build & Init Time: 9.98319 seconds.

[FINISHED] Total Iterations: 2630937
>> Algorithm Runtime: 31.8786 seconds.
------------------------------------------
TOTAL Runtime (IO + Init + Algo): 43.5867 seconds.
MAX FLOW IS 21
make[1]: Leaving directory '/workspaces/fit-dp'
----------------------------------------
>>> RUNNING: input/data/bisection/csv_format/rgg17-129426-0046-169.csv
make[1]: Entering directory '/workspaces/fit-dp'
export OMP_PROC_BIND=spread && export OMP_PLACES=threads && ./knfs
Parsed graph with 129428 vertices and 1432741 edges. Source is 129426 and sink is 129427.
>> IO Time (CSV Read): 0.482717 seconds.

Kokkos initialized on: N6Kokkos6OpenMPE
>> Graph Build & Init Time: 2.64067 seconds.

[FINISHED] Total Iterations: 988
>> Algorithm Runtime: 0.147059 seconds.
------------------------------------------
TOTAL Runtime (IO + Init + Algo): 3.27044 seconds.
MAX FLOW IS 169
make[1]: Leaving directory '/workspaces/fit-dp'
----------------------------------------
>>> RUNNING: input/data/bisection/csv_format/nj2010-165230-0050-113.csv
make[1]: Entering directory '/workspaces/fit-dp'
export OMP_PROC_BIND=spread && export OMP_PLACES=threads && ./knfs
Parsed graph with 165232 vertices and 810032 edges. Source is 165230 and sink is 165231.
>> IO Time (CSV Read): 0.270637 seconds.

Kokkos initialized on: N6Kokkos6OpenMPE
>> Graph Build & Init Time: 1.5045 seconds.

[FINISHED] Total Iterations: 3079
>> Algorithm Runtime: 0.0970462 seconds.
------------------------------------------
TOTAL Runtime (IO + Init + Algo): 1.87218 seconds.
MAX FLOW IS 113
make[1]: Leaving directory '/workspaces/fit-dp'
----------------------------------------
>>> RUNNING: input/data/bisection/csv_format/horse-48112-0100-120.csv
make[1]: Entering directory '/workspaces/fit-dp'
export OMP_PROC_BIND=spread && export OMP_PLACES=threads && ./knfs
Parsed graph with 48114 vertices and 288667 edges. Source is 48112 and sink is 48113.
>> IO Time (CSV Read): 0.0977804 seconds.

Kokkos initialized on: N6Kokkos6OpenMPE
>> Graph Build & Init Time: 0.476086 seconds.

[FINISHED] Total Iterations: 2430
>> Algorithm Runtime: 0.0713993 seconds.
------------------------------------------
TOTAL Runtime (IO + Init + Algo): 0.645266 seconds.
MAX FLOW IS 120
make[1]: Leaving directory '/workspaces/fit-dp'
----------------------------------------
>>> RUNNING: input/data/bisection/csv_format/rgg18-260352-0014-305.csv
make[1]: Entering directory '/workspaces/fit-dp'
export OMP_PROC_BIND=spread && export OMP_PLACES=threads && ./knfs
Parsed graph with 260354 vertices and 3066564 edges. Source is 260352 and sink is 260353.
>> IO Time (CSV Read): 1.02905 seconds.

Kokkos initialized on: N6Kokkos6OpenMPE
>> Graph Build & Init Time: 5.8624 seconds.

[FINISHED] Total Iterations: 1076
>> Algorithm Runtime: 0.247389 seconds.
------------------------------------------
TOTAL Runtime (IO + Init + Algo): 7.13884 seconds.
MAX FLOW IS 305
make[1]: Leaving directory '/workspaces/fit-dp'
----------------------------------------
>>> RUNNING: input/data/bisection/csv_format/nj2010-165230-0032-166.csv
make[1]: Entering directory '/workspaces/fit-dp'
export OMP_PROC_BIND=spread && export OMP_PLACES=threads && ./knfs
Parsed graph with 165232 vertices and 808420 edges. Source is 165230 and sink is 165231.
>> IO Time (CSV Read): 0.276875 seconds.

Kokkos initialized on: N6Kokkos6OpenMPE
>> Graph Build & Init Time: 1.50546 seconds.

[FINISHED] Total Iterations: 5510
>> Algorithm Runtime: 0.165701 seconds.
------------------------------------------
TOTAL Runtime (IO + Init + Algo): 1.94804 seconds.
MAX FLOW IS 166
make[1]: Leaving directory '/workspaces/fit-dp'
----------------------------------------
>>> RUNNING: input/data/bisection/csv_format/nl-2159462-0023-029.csv
make[1]: Entering directory '/workspaces/fit-dp'
export OMP_PROC_BIND=spread && export OMP_PLACES=threads && ./knfs
Parsed graph with 2159464 vertices and 4766793 edges. Source is 2159462 and sink is 2159463.
>> IO Time (CSV Read): 1.72462 seconds.

Kokkos initialized on: N6Kokkos6OpenMPE
>> Graph Build & Init Time: 9.98377 seconds.

[FINISHED] Total Iterations: 1186353
>> Algorithm Runtime: 14.9123 seconds.
------------------------------------------
TOTAL Runtime (IO + Init + Algo): 26.6207 seconds.
MAX FLOW IS 29
make[1]: Leaving directory '/workspaces/fit-dp'
----------------------------------------
>>> RUNNING: input/data/bisection/csv_format/cal-1804434-0003-043.csv
make[1]: Entering directory '/workspaces/fit-dp'
export OMP_PROC_BIND=spread && export OMP_PLACES=threads && ./knfs
Parsed graph with 1804436 vertices and 4442814 edges. Source is 1804434 and sink is 1804435.
>> IO Time (CSV Read): 1.63119 seconds.

Kokkos initialized on: N6Kokkos6OpenMPE
>> Graph Build & Init Time: 8.76603 seconds.

[FINISHED] Total Iterations: 4928186
>> Algorithm Runtime: 58.5727 seconds.
------------------------------------------
TOTAL Runtime (IO + Init + Algo): 68.9699 seconds.
MAX FLOW IS 43
make[1]: Leaving directory '/workspaces/fit-dp'
----------------------------------------
>>> RUNNING: input/data/bisection/csv_format/nl-2159462-0197-040.csv
make[1]: Entering directory '/workspaces/fit-dp'
export OMP_PROC_BIND=spread && export OMP_PLACES=threads && ./knfs
Parsed graph with 2159464 vertices and 4776015 edges. Source is 2159462 and sink is 2159463.
>> IO Time (CSV Read): 1.74315 seconds.

Kokkos initialized on: N6Kokkos6OpenMPE
>> Graph Build & Init Time: 10.1674 seconds.

[FINISHED] Total Iterations: 77782
>> Algorithm Runtime: 1.93617 seconds.
------------------------------------------
TOTAL Runtime (IO + Init + Algo): 13.8468 seconds.
MAX FLOW IS 40
make[1]: Leaving directory '/workspaces/fit-dp'
----------------------------------------
>>> RUNNING: input/data/bisection/csv_format/alue7065-33338-0004-042.csv
make[1]: Entering directory '/workspaces/fit-dp'
export OMP_PROC_BIND=spread && export OMP_PLACES=threads && ./knfs
Parsed graph with 33340 vertices and 107993 edges. Source is 33338 and sink is 33339.
>> IO Time (CSV Read): 0.0356573 seconds.

Kokkos initialized on: N6Kokkos6OpenMPE
>> Graph Build & Init Time: 0.173102 seconds.

[FINISHED] Total Iterations: 6697
>> Algorithm Runtime: 0.0930916 seconds.
------------------------------------------
TOTAL Runtime (IO + Init + Algo): 0.301851 seconds.
MAX FLOW IS 42
make[1]: Leaving directory '/workspaces/fit-dp'
----------------------------------------
>>> RUNNING: input/data/bisection/csv_format/rgg18-260352-0057-489.csv
make[1]: Entering directory '/workspaces/fit-dp'
export OMP_PROC_BIND=spread && export OMP_PLACES=threads && ./knfs
Parsed graph with 260354 vertices and 3066562 edges. Source is 260352 and sink is 260353.
>> IO Time (CSV Read): 1.03555 seconds.

Kokkos initialized on: N6Kokkos6OpenMPE
>> Graph Build & Init Time: 5.85194 seconds.

[FINISHED] Total Iterations: 1884
>> Algorithm Runtime: 0.296727 seconds.
------------------------------------------
TOTAL Runtime (IO + Init + Algo): 7.18422 seconds.
MAX FLOW IS 489
make[1]: Leaving directory '/workspaces/fit-dp'
----------------------------------------
>>> RUNNING: input/data/bisection/csv_format/alue7065-33338-0002-042.csv
make[1]: Entering directory '/workspaces/fit-dp'
export OMP_PROC_BIND=spread && export OMP_PLACES=threads && ./knfs
Parsed graph with 33340 vertices and 107992 edges. Source is 33338 and sink is 33339.
>> IO Time (CSV Read): 0.0360552 seconds.

Kokkos initialized on: N6Kokkos6OpenMPE
>> Graph Build & Init Time: 0.173868 seconds.

[FINISHED] Total Iterations: 9816
>> Algorithm Runtime: 0.128277 seconds.
------------------------------------------
TOTAL Runtime (IO + Init + Algo): 0.3382 seconds.
MAX FLOW IS 42
make[1]: Leaving directory '/workspaces/fit-dp'
----------------------------------------
>>> RUNNING: input/data/bisection/csv_format/cal-1800721-0008-018.csv
make[1]: Entering directory '/workspaces/fit-dp'
export OMP_PROC_BIND=spread && export OMP_PLACES=threads && ./knfs
Parsed graph with 1800723 vertices and 4434236 edges. Source is 1800721 and sink is 1800722.
>> IO Time (CSV Read): 1.62378 seconds.

Kokkos initialized on: N6Kokkos6OpenMPE
>> Graph Build & Init Time: 8.77055 seconds.

[FINISHED] Total Iterations: 1282587
>> Algorithm Runtime: 16.2482 seconds.
------------------------------------------
TOTAL Runtime (IO + Init + Algo): 26.6425 seconds.
MAX FLOW IS 18
make[1]: Leaving directory '/workspaces/fit-dp'
----------------------------------------
>>> RUNNING: input/data/bisection/csv_format/cal-1800721-0010-037.csv
make[1]: Entering directory '/workspaces/fit-dp'
export OMP_PROC_BIND=spread && export OMP_PLACES=threads && ./knfs
Parsed graph with 1800723 vertices and 4434228 edges. Source is 1800721 and sink is 1800722.
>> IO Time (CSV Read): 1.61366 seconds.

Kokkos initialized on: N6Kokkos6OpenMPE
>> Graph Build & Init Time: 8.75516 seconds.

[FINISHED] Total Iterations: 2447720
>> Algorithm Runtime: 29.794 seconds.
------------------------------------------
TOTAL Runtime (IO + Init + Algo): 40.1628 seconds.
MAX FLOW IS 37
make[1]: Leaving directory '/workspaces/fit-dp'
----------------------------------------
>>> RUNNING: input/data/bisection/csv_format/nl-2159462-0208-018.csv
make[1]: Entering directory '/workspaces/fit-dp'
export OMP_PROC_BIND=spread && export OMP_PLACES=threads && ./knfs
Parsed graph with 2159464 vertices and 4766793 edges. Source is 2159462 and sink is 2159463.
>> IO Time (CSV Read): 1.7195 seconds.

Kokkos initialized on: N6Kokkos6OpenMPE
>> Graph Build & Init Time: 10.0499 seconds.

[FINISHED] Total Iterations: 69726
>> Algorithm Runtime: 1.88125 seconds.
------------------------------------------
TOTAL Runtime (IO + Init + Algo): 13.6506 seconds.
MAX FLOW IS 18
make[1]: Leaving directory '/workspaces/fit-dp'
----------------------------------------
>>> RUNNING: input/data/bisection/csv_format/cal-1804434-0004-024.csv
make[1]: Entering directory '/workspaces/fit-dp'
export OMP_PROC_BIND=spread && export OMP_PLACES=threads && ./knfs
Parsed graph with 1804436 vertices and 4448953 edges. Source is 1804434 and sink is 1804435.
>> IO Time (CSV Read): 1.63816 seconds.

Kokkos initialized on: N6Kokkos6OpenMPE
>> Graph Build & Init Time: 9.04289 seconds.

[FINISHED] Total Iterations: 446290
>> Algorithm Runtime: 6.88763 seconds.
------------------------------------------
TOTAL Runtime (IO + Init + Algo): 17.5687 seconds.
MAX FLOW IS 24
make[1]: Leaving directory '/workspaces/fit-dp'
----------------------------------------
>>> RUNNING: input/data/bisection/csv_format/alue7065-33338-0006-082.csv
make[1]: Entering directory '/workspaces/fit-dp'
export OMP_PROC_BIND=spread && export OMP_PLACES=threads && ./knfs
Parsed graph with 33340 vertices and 107993 edges. Source is 33338 and sink is 33339.
>> IO Time (CSV Read): 0.0379447 seconds.

Kokkos initialized on: N6Kokkos6OpenMPE
>> Graph Build & Init Time: 0.173708 seconds.

[FINISHED] Total Iterations: 30833
>> Algorithm Runtime: 0.384488 seconds.
------------------------------------------
TOTAL Runtime (IO + Init + Algo): 0.596141 seconds.
MAX FLOW IS 82
make[1]: Leaving directory '/workspaces/fit-dp'
----------------------------------------
>>> RUNNING: input/data/bisection/csv_format/rgg17-129426-0025-390.csv
make[1]: Entering directory '/workspaces/fit-dp'
export OMP_PROC_BIND=spread && export OMP_PLACES=threads && ./knfs
Parsed graph with 129428 vertices and 1432743 edges. Source is 129426 and sink is 129427.
>> IO Time (CSV Read): 0.480043 seconds.

Kokkos initialized on: N6Kokkos6OpenMPE
>> Graph Build & Init Time: 2.6358 seconds.

[FINISHED] Total Iterations: 2673
>> Algorithm Runtime: 0.276705 seconds.
------------------------------------------
TOTAL Runtime (IO + Init + Algo): 3.39255 seconds.
MAX FLOW IS 390
make[1]: Leaving directory '/workspaces/fit-dp'
----------------------------------------
>>> RUNNING: input/data/bisection/csv_format/horse-48112-0015-238.csv
make[1]: Entering directory '/workspaces/fit-dp'
export OMP_PROC_BIND=spread && export OMP_PLACES=threads && ./knfs
Parsed graph with 48114 vertices and 288666 edges. Source is 48112 and sink is 48113.
>> IO Time (CSV Read): 0.0971815 seconds.

Kokkos initialized on: N6Kokkos6OpenMPE
>> Graph Build & Init Time: 0.476898 seconds.

[FINISHED] Total Iterations: 30972
>> Algorithm Runtime: 0.463695 seconds.
------------------------------------------
TOTAL Runtime (IO + Init + Algo): 1.03777 seconds.
MAX FLOW IS 238
make[1]: Leaving directory '/workspaces/fit-dp'
----------------------------------------
>>> RUNNING: input/data/bisection/csv_format/lux-106366-0020-017.csv
make[1]: Entering directory '/workspaces/fit-dp'
export OMP_PROC_BIND=spread && export OMP_PLACES=threads && ./knfs
Parsed graph with 106368 vertices and 222795 edges. Source is 106366 and sink is 106367.
>> IO Time (CSV Read): 0.0752127 seconds.

Kokkos initialized on: N6Kokkos6OpenMPE
>> Graph Build & Init Time: 0.385753 seconds.

[FINISHED] Total Iterations: 415927
>> Algorithm Runtime: 5.04276 seconds.
------------------------------------------
TOTAL Runtime (IO + Init + Algo): 5.50373 seconds.
MAX FLOW IS 17
make[1]: Leaving directory '/workspaces/fit-dp'
----------------------------------------
>>> RUNNING: input/data/bisection/csv_format/nl-2159462-0093-017.csv
make[1]: Entering directory '/workspaces/fit-dp'
export OMP_PROC_BIND=spread && export OMP_PLACES=threads && ./knfs
Parsed graph with 2159464 vertices and 4766797 edges. Source is 2159462 and sink is 2159463.
>> IO Time (CSV Read): 1.70353 seconds.

Kokkos initialized on: N6Kokkos6OpenMPE
>> Graph Build & Init Time: 9.96786 seconds.

[FINISHED] Total Iterations: 311078
>> Algorithm Runtime: 4.72334 seconds.
------------------------------------------
TOTAL Runtime (IO + Init + Algo): 16.3947 seconds.
MAX FLOW IS 17
make[1]: Leaving directory '/workspaces/fit-dp'
----------------------------------------
>>> RUNNING: input/data/bisection/csv_format/rgg18-260352-0043-480.csv
make[1]: Entering directory '/workspaces/fit-dp'
export OMP_PROC_BIND=spread && export OMP_PLACES=threads && ./knfs
Parsed graph with 260354 vertices and 3066560 edges. Source is 260352 and sink is 260353.
>> IO Time (CSV Read): 1.04095 seconds.

Kokkos initialized on: N6Kokkos6OpenMPE
>> Graph Build & Init Time: 5.84698 seconds.

[FINISHED] Total Iterations: 2412
>> Algorithm Runtime: 0.304017 seconds.
------------------------------------------
TOTAL Runtime (IO + Init + Algo): 7.19195 seconds.
MAX FLOW IS 480
make[1]: Leaving directory '/workspaces/fit-dp'
----------------------------------------
>>> RUNNING: input/data/bisection/csv_format/lux-109721-0015-014.csv
make[1]: Entering directory '/workspaces/fit-dp'
export OMP_PROC_BIND=spread && export OMP_PLACES=threads && ./knfs
Parsed graph with 109723 vertices and 229536 edges. Source is 109721 and sink is 109722.
>> IO Time (CSV Read): 0.0769956 seconds.

Kokkos initialized on: N6Kokkos6OpenMPE
>> Graph Build & Init Time: 0.402538 seconds.

[FINISHED] Total Iterations: 299485
>> Algorithm Runtime: 3.57565 seconds.
------------------------------------------
TOTAL Runtime (IO + Init + Algo): 4.05519 seconds.
MAX FLOW IS 14
make[1]: Leaving directory '/workspaces/fit-dp'
----------------------------------------
>>> RUNNING: input/data/bisection/csv_format/alue7065-33338-0008-029.csv
make[1]: Entering directory '/workspaces/fit-dp'
export OMP_PROC_BIND=spread && export OMP_PLACES=threads && ./knfs
Parsed graph with 33340 vertices and 107992 edges. Source is 33338 and sink is 33339.
>> IO Time (CSV Read): 0.0361987 seconds.

Kokkos initialized on: N6Kokkos6OpenMPE
>> Graph Build & Init Time: 0.171357 seconds.

[FINISHED] Total Iterations: 713
>> Algorithm Runtime: 0.0225826 seconds.
------------------------------------------
TOTAL Runtime (IO + Init + Algo): 0.230139 seconds.
MAX FLOW IS 29
make[1]: Leaving directory '/workspaces/fit-dp'
----------------------------------------
>>> RUNNING: input/data/bisection/csv_format/lux-106214-0003-019.csv
make[1]: Entering directory '/workspaces/fit-dp'
export OMP_PROC_BIND=spread && export OMP_PLACES=threads && ./knfs
Parsed graph with 106216 vertices and 222476 edges. Source is 106214 and sink is 106215.
>> IO Time (CSV Read): 0.0748387 seconds.

Kokkos initialized on: N6Kokkos6OpenMPE
>> Graph Build & Init Time: 0.385545 seconds.

[FINISHED] Total Iterations: 61638
>> Algorithm Runtime: 0.818207 seconds.
------------------------------------------
TOTAL Runtime (IO + Init + Algo): 1.27859 seconds.
MAX FLOW IS 19
make[1]: Leaving directory '/workspaces/fit-dp'
----------------------------------------
>>> RUNNING: input/data/bisection/csv_format/horse-48112-0020-238.csv
make[1]: Entering directory '/workspaces/fit-dp'
export OMP_PROC_BIND=spread && export OMP_PLACES=threads && ./knfs
Parsed graph with 48114 vertices and 288668 edges. Source is 48112 and sink is 48113.
>> IO Time (CSV Read): 0.0960495 seconds.

Kokkos initialized on: N6Kokkos6OpenMPE
>> Graph Build & Init Time: 0.480364 seconds.

[FINISHED] Total Iterations: 2128
>> Algorithm Runtime: 0.0736624 seconds.
------------------------------------------
TOTAL Runtime (IO + Init + Algo): 0.650076 seconds.
MAX FLOW IS 238
make[1]: Leaving directory '/workspaces/fit-dp'
----------------------------------------
>>> RUNNING: input/data/bisection/csv_format/nj2010-165230-0007-111.csv
make[1]: Entering directory '/workspaces/fit-dp'
export OMP_PROC_BIND=spread && export OMP_PLACES=threads && ./knfs
Parsed graph with 165232 vertices and 808406 edges. Source is 165230 and sink is 165231.
>> IO Time (CSV Read): 0.283726 seconds.

Kokkos initialized on: N6Kokkos6OpenMPE
>> Graph Build & Init Time: 1.49373 seconds.

[FINISHED] Total Iterations: 7539
>> Algorithm Runtime: 0.252469 seconds.
------------------------------------------
TOTAL Runtime (IO + Init + Algo): 2.02992 seconds.
MAX FLOW IS 111
make[1]: Leaving directory '/workspaces/fit-dp'
----------------------------------------
>>> RUNNING: input/data/bisection/csv_format/nj2010-165230-0016-135.csv
make[1]: Entering directory '/workspaces/fit-dp'
export OMP_PROC_BIND=spread && export OMP_PLACES=threads && ./knfs
Parsed graph with 165232 vertices and 809348 edges. Source is 165230 and sink is 165231.
>> IO Time (CSV Read): 0.274495 seconds.

Kokkos initialized on: N6Kokkos6OpenMPE
>> Graph Build & Init Time: 1.50838 seconds.

[FINISHED] Total Iterations: 2492
>> Algorithm Runtime: 0.123424 seconds.
------------------------------------------
TOTAL Runtime (IO + Init + Algo): 1.9063 seconds.
MAX FLOW IS 135
make[1]: Leaving directory '/workspaces/fit-dp'
----------------------------------------
>>> RUNNING: input/data/bisection/csv_format/horse-48112-0110-044.csv
make[1]: Entering directory '/workspaces/fit-dp'
export OMP_PROC_BIND=spread && export OMP_PLACES=threads && ./knfs
Parsed graph with 48114 vertices and 288665 edges. Source is 48112 and sink is 48113.
>> IO Time (CSV Read): 0.0967911 seconds.

Kokkos initialized on: N6Kokkos6OpenMPE
>> Graph Build & Init Time: 0.474928 seconds.

[FINISHED] Total Iterations: 2010
>> Algorithm Runtime: 0.0496546 seconds.
------------------------------------------
TOTAL Runtime (IO + Init + Algo): 0.621374 seconds.
MAX FLOW IS 44
make[1]: Leaving directory '/workspaces/fit-dp'
----------------------------------------
>>> RUNNING: input/data/bisection/csv_format/lux-108312-0023-011.csv
make[1]: Entering directory '/workspaces/fit-dp'
export OMP_PROC_BIND=spread && export OMP_PLACES=threads && ./knfs
Parsed graph with 108314 vertices and 226701 edges. Source is 108312 and sink is 108313.
>> IO Time (CSV Read): 0.0776049 seconds.

Kokkos initialized on: N6Kokkos6OpenMPE
>> Graph Build & Init Time: 0.399713 seconds.

[FINISHED] Total Iterations: 20362
>> Algorithm Runtime: 0.305879 seconds.
------------------------------------------
TOTAL Runtime (IO + Init + Algo): 0.783198 seconds.
MAX FLOW IS 11
make[1]: Leaving directory '/workspaces/fit-dp'
----------------------------------------
>>> RUNNING: input/data/bisection/csv_format/nj2010-165230-0033-113.csv
make[1]: Entering directory '/workspaces/fit-dp'
export OMP_PROC_BIND=spread && export OMP_PLACES=threads && ./knfs
Parsed graph with 165232 vertices and 808411 edges. Source is 165230 and sink is 165231.
>> IO Time (CSV Read): 0.270324 seconds.

Kokkos initialized on: N6Kokkos6OpenMPE
>> Graph Build & Init Time: 1.49889 seconds.

[FINISHED] Total Iterations: 4552
>> Algorithm Runtime: 0.137187 seconds.
------------------------------------------
TOTAL Runtime (IO + Init + Algo): 1.9064 seconds.
MAX FLOW IS 113
make[1]: Leaving directory '/workspaces/fit-dp'
----------------------------------------
>>> RUNNING: input/data/bisection/csv_format/rgg17-129426-0008-412.csv
make[1]: Entering directory '/workspaces/fit-dp'
export OMP_PROC_BIND=spread && export OMP_PLACES=threads && ./knfs
Parsed graph with 129428 vertices and 1432745 edges. Source is 129426 and sink is 129427.
>> IO Time (CSV Read): 0.480387 seconds.

Kokkos initialized on: N6Kokkos6OpenMPE
>> Graph Build & Init Time: 2.63327 seconds.

[FINISHED] Total Iterations: 2283
>> Algorithm Runtime: 0.181033 seconds.
------------------------------------------
TOTAL Runtime (IO + Init + Algo): 3.29469 seconds.
MAX FLOW IS 412
make[1]: Leaving directory '/workspaces/fit-dp'
----------------------------------------
>>> RUNNING: input/data/bisection/csv_format/lux-112498-0010-010.csv
make[1]: Entering directory '/workspaces/fit-dp'
export OMP_PROC_BIND=spread && export OMP_PLACES=threads && ./knfs
Parsed graph with 112500 vertices and 235906 edges. Source is 112498 and sink is 112499.
>> IO Time (CSV Read): 0.0781516 seconds.

Kokkos initialized on: N6Kokkos6OpenMPE
>> Graph Build & Init Time: 0.420126 seconds.

[FINISHED] Total Iterations: 23507
>> Algorithm Runtime: 0.330621 seconds.
------------------------------------------
TOTAL Runtime (IO + Init + Algo): 0.828898 seconds.
MAX FLOW IS 10
make[1]: Leaving directory '/workspaces/fit-dp'
----------------------------------------
>>> RUNNING: input/data/bisection/csv_format/rgg17-129426-0011-221.csv
make[1]: Entering directory '/workspaces/fit-dp'
export OMP_PROC_BIND=spread && export OMP_PLACES=threads && ./knfs
Parsed graph with 129428 vertices and 1432743 edges. Source is 129426 and sink is 129427.
>> IO Time (CSV Read): 0.479492 seconds.

Kokkos initialized on: N6Kokkos6OpenMPE
>> Graph Build & Init Time: 2.64206 seconds.

[FINISHED] Total Iterations: 2037
>> Algorithm Runtime: 0.261721 seconds.
------------------------------------------
TOTAL Runtime (IO + Init + Algo): 3.38327 seconds.
MAX FLOW IS 221
make[1]: Leaving directory '/workspaces/fit-dp'
----------------------------------------
>>> RUNNING: input/data/bisection/csv_format/horse-48112-0089-134.csv
make[1]: Entering directory '/workspaces/fit-dp'
export OMP_PROC_BIND=spread && export OMP_PLACES=threads && ./knfs
Parsed graph with 48114 vertices and 288678 edges. Source is 48112 and sink is 48113.
>> IO Time (CSV Read): 0.0955349 seconds.

Kokkos initialized on: N6Kokkos6OpenMPE
>> Graph Build & Init Time: 0.478087 seconds.

[FINISHED] Total Iterations: 473
>> Algorithm Runtime: 0.0436011 seconds.
------------------------------------------
TOTAL Runtime (IO + Init + Algo): 0.617223 seconds.
MAX FLOW IS 134
make[1]: Leaving directory '/workspaces/fit-dp'
----------------------------------------
>>> RUNNING: input/data/bisection/csv_format/alue7065-33338-0007-060.csv
make[1]: Entering directory '/workspaces/fit-dp'
export OMP_PROC_BIND=spread && export OMP_PLACES=threads && ./knfs
Parsed graph with 33340 vertices and 107993 edges. Source is 33338 and sink is 33339.
>> IO Time (CSV Read): 0.0362975 seconds.

Kokkos initialized on: N6Kokkos6OpenMPE
>> Graph Build & Init Time: 0.178572 seconds.

[FINISHED] Total Iterations: 49962
>> Algorithm Runtime: 0.617375 seconds.
------------------------------------------
TOTAL Runtime (IO + Init + Algo): 0.832244 seconds.
MAX FLOW IS 60
make[1]: Leaving directory '/workspaces/fit-dp'
----------------------------------------
>>> RUNNING: input/data/bisection/csv_format/rgg17-129426-0006-325.csv
make[1]: Entering directory '/workspaces/fit-dp'
export OMP_PROC_BIND=spread && export OMP_PLACES=threads && ./knfs
Parsed graph with 129428 vertices and 1432744 edges. Source is 129426 and sink is 129427.
>> IO Time (CSV Read): 0.481671 seconds.

Kokkos initialized on: N6Kokkos6OpenMPE
>> Graph Build & Init Time: 2.63754 seconds.

[FINISHED] Total Iterations: 2121
>> Algorithm Runtime: 0.235409 seconds.
------------------------------------------
TOTAL Runtime (IO + Init + Algo): 3.35462 seconds.
MAX FLOW IS 325
make[1]: Leaving directory '/workspaces/fit-dp'
----------------------------------------
>>> RUNNING: input/data/bisection/csv_format/nj2010-165230-0030-111.csv
make[1]: Entering directory '/workspaces/fit-dp'
export OMP_PROC_BIND=spread && export OMP_PLACES=threads && ./knfs
Parsed graph with 165232 vertices and 808707 edges. Source is 165230 and sink is 165231.
>> IO Time (CSV Read): 0.269416 seconds.

Kokkos initialized on: N6Kokkos6OpenMPE
>> Graph Build & Init Time: 1.50353 seconds.

[FINISHED] Total Iterations: 2616
>> Algorithm Runtime: 0.113181 seconds.
------------------------------------------
TOTAL Runtime (IO + Init + Algo): 1.88613 seconds.
MAX FLOW IS 111
make[1]: Leaving directory '/workspaces/fit-dp'
----------------------------------------
>>> RUNNING: input/data/bisection/csv_format/rgg18-260352-0050-725.csv
make[1]: Entering directory '/workspaces/fit-dp'
export OMP_PROC_BIND=spread && export OMP_PLACES=threads && ./knfs
Parsed graph with 260354 vertices and 3066842 edges. Source is 260352 and sink is 260353.
>> IO Time (CSV Read): 1.02657 seconds.

Kokkos initialized on: N6Kokkos6OpenMPE
>> Graph Build & Init Time: 5.85543 seconds.

[FINISHED] Total Iterations: 3534
>> Algorithm Runtime: 0.42822 seconds.
------------------------------------------
TOTAL Runtime (IO + Init + Algo): 7.31021 seconds.
MAX FLOW IS 725
make[1]: Leaving directory '/workspaces/fit-dp'
----------------------------------------
>>> RUNNING: input/data/bisection/csv_format/nl-2159462-0156-025.csv
make[1]: Entering directory '/workspaces/fit-dp'
export OMP_PROC_BIND=spread && export OMP_PLACES=threads && ./knfs
Parsed graph with 2159464 vertices and 4766803 edges. Source is 2159462 and sink is 2159463.
>> IO Time (CSV Read): 1.73826 seconds.

Kokkos initialized on: N6Kokkos6OpenMPE
>> Graph Build & Init Time: 9.95477 seconds.

[FINISHED] Total Iterations: 1079961
>> Algorithm Runtime: 13.1943 seconds.
------------------------------------------
TOTAL Runtime (IO + Init + Algo): 24.8873 seconds.
MAX FLOW IS 25
make[1]: Leaving directory '/workspaces/fit-dp'
----------------------------------------
>>> RUNNING: input/data/bisection/csv_format/nj2010-165230-0062-108.csv
make[1]: Entering directory '/workspaces/fit-dp'
export OMP_PROC_BIND=spread && export OMP_PLACES=threads && ./knfs
Parsed graph with 165232 vertices and 809561 edges. Source is 165230 and sink is 165231.
>> IO Time (CSV Read): 0.272321 seconds.

Kokkos initialized on: N6Kokkos6OpenMPE
>> Graph Build & Init Time: 1.51902 seconds.

[FINISHED] Total Iterations: 212803
>> Algorithm Runtime: 2.55731 seconds.
------------------------------------------
TOTAL Runtime (IO + Init + Algo): 4.34865 seconds.
MAX FLOW IS 108
make[1]: Leaving directory '/workspaces/fit-dp'
----------------------------------------
>>> RUNNING: input/data/bisection/csv_format/cal-1804434-0005-019.csv
make[1]: Entering directory '/workspaces/fit-dp'
export OMP_PROC_BIND=spread && export OMP_PLACES=threads && ./knfs
Parsed graph with 1804436 vertices and 4442571 edges. Source is 1804434 and sink is 1804435.
>> IO Time (CSV Read): 1.61772 seconds.

Kokkos initialized on: N6Kokkos6OpenMPE
>> Graph Build & Init Time: 8.8118 seconds.

[FINISHED] Total Iterations: 217697
>> Algorithm Runtime: 3.39883 seconds.
------------------------------------------
TOTAL Runtime (IO + Init + Algo): 13.8283 seconds.
MAX FLOW IS 19
make[1]: Leaving directory '/workspaces/fit-dp'
----------------------------------------
>>> RUNNING: input/data/bisection/csv_format/cal-1800721-0009-024.csv
make[1]: Entering directory '/workspaces/fit-dp'
export OMP_PROC_BIND=spread && export OMP_PLACES=threads && ./knfs
Parsed graph with 1800723 vertices and 4434229 edges. Source is 1800721 and sink is 1800722.
>> IO Time (CSV Read): 1.63721 seconds.

Kokkos initialized on: N6Kokkos6OpenMPE
>> Graph Build & Init Time: 8.72377 seconds.

[FINISHED] Total Iterations: 2500724
>> Algorithm Runtime: 30.5886 seconds.
------------------------------------------
TOTAL Runtime (IO + Init + Algo): 40.9496 seconds.
MAX FLOW IS 24
make[1]: Leaving directory '/workspaces/fit-dp'
----------------------------------------
>>> RUNNING: input/data/bisection/csv_format/alue7065-33338-0011-054.csv
make[1]: Entering directory '/workspaces/fit-dp'
export OMP_PROC_BIND=spread && export OMP_PLACES=threads && ./knfs
Parsed graph with 33340 vertices and 107992 edges. Source is 33338 and sink is 33339.
>> IO Time (CSV Read): 0.0360033 seconds.

Kokkos initialized on: N6Kokkos6OpenMPE
>> Graph Build & Init Time: 0.174273 seconds.

[FINISHED] Total Iterations: 4159
>> Algorithm Runtime: 0.0722126 seconds.
------------------------------------------
TOTAL Runtime (IO + Init + Algo): 0.282489 seconds.
MAX FLOW IS 54
make[1]: Leaving directory '/workspaces/fit-dp'
----------------------------------------
>>> RUNNING: input/data/bisection/csv_format/lux-108726-0034-008.csv
make[1]: Entering directory '/workspaces/fit-dp'
export OMP_PROC_BIND=spread && export OMP_PLACES=threads && ./knfs
Parsed graph with 108728 vertices and 227545 edges. Source is 108726 and sink is 108727.
>> IO Time (CSV Read): 0.0757463 seconds.

Kokkos initialized on: N6Kokkos6OpenMPE
>> Graph Build & Init Time: 0.39582 seconds.

[FINISHED] Total Iterations: 33835
>> Algorithm Runtime: 0.49052 seconds.
------------------------------------------
TOTAL Runtime (IO + Init + Algo): 0.962087 seconds.
MAX FLOW IS 8
make[1]: Leaving directory '/workspaces/fit-dp'
----------------------------------------
>>> RUNNING: input/data/bisection/csv_format/rgg17-129426-0053-374.csv
make[1]: Entering directory '/workspaces/fit-dp'
export OMP_PROC_BIND=spread && export OMP_PLACES=threads && ./knfs
Parsed graph with 129428 vertices and 1432743 edges. Source is 129426 and sink is 129427.
>> IO Time (CSV Read): 0.482867 seconds.

Kokkos initialized on: N6Kokkos6OpenMPE
>> Graph Build & Init Time: 2.64801 seconds.

[FINISHED] Total Iterations: 3218
>> Algorithm Runtime: 0.192311 seconds.
------------------------------------------
TOTAL Runtime (IO + Init + Algo): 3.32319 seconds.
MAX FLOW IS 374
make[1]: Leaving directory '/workspaces/fit-dp'
----------------------------------------
>>> RUNNING: input/data/bisection/csv_format/horse-48112-0037-153.csv
make[1]: Entering directory '/workspaces/fit-dp'
export OMP_PROC_BIND=spread && export OMP_PLACES=threads && ./knfs
Parsed graph with 48114 vertices and 288664 edges. Source is 48112 and sink is 48113.
>> IO Time (CSV Read): 0.0964249 seconds.

Kokkos initialized on: N6Kokkos6OpenMPE
>> Graph Build & Init Time: 0.473404 seconds.

[FINISHED] Total Iterations: 28104
>> Algorithm Runtime: 0.460455 seconds.
------------------------------------------
TOTAL Runtime (IO + Init + Algo): 1.03028 seconds.
MAX FLOW IS 153
make[1]: Leaving directory '/workspaces/fit-dp'
----------------------------------------
>>> RUNNING: input/data/bisection/csv_format/alue7065-33338-0001-042.csv
make[1]: Entering directory '/workspaces/fit-dp'
export OMP_PROC_BIND=spread && export OMP_PLACES=threads && ./knfs
Parsed graph with 33340 vertices and 107991 edges. Source is 33338 and sink is 33339.
>> IO Time (CSV Read): 0.0359085 seconds.

Kokkos initialized on: N6Kokkos6OpenMPE
>> Graph Build & Init Time: 0.173362 seconds.

[FINISHED] Total Iterations: 4402
>> Algorithm Runtime: 0.0816232 seconds.
------------------------------------------
TOTAL Runtime (IO + Init + Algo): 0.290894 seconds.
MAX FLOW IS 42
make[1]: Leaving directory '/workspaces/fit-dp'
----------------------------------------
>>> RUNNING: input/data/bisection/csv_format/rgg17-129426-0004-325.csv
make[1]: Entering directory '/workspaces/fit-dp'
export OMP_PROC_BIND=spread && export OMP_PLACES=threads && ./knfs
Parsed graph with 129428 vertices and 1432743 edges. Source is 129426 and sink is 129427.
>> IO Time (CSV Read): 0.477668 seconds.

Kokkos initialized on: N6Kokkos6OpenMPE
>> Graph Build & Init Time: 2.64127 seconds.

[FINISHED] Total Iterations: 2134
>> Algorithm Runtime: 0.183374 seconds.
------------------------------------------
TOTAL Runtime (IO + Init + Algo): 3.30232 seconds.
MAX FLOW IS 325
make[1]: Leaving directory '/workspaces/fit-dp'
----------------------------------------
>>> RUNNING: input/data/bisection/csv_format/alue7065-33338-0013-096.csv
make[1]: Entering directory '/workspaces/fit-dp'
export OMP_PROC_BIND=spread && export OMP_PLACES=threads && ./knfs
Parsed graph with 33340 vertices and 107991 edges. Source is 33338 and sink is 33339.
>> IO Time (CSV Read): 0.0358838 seconds.

Kokkos initialized on: N6Kokkos6OpenMPE
>> Graph Build & Init Time: 0.176077 seconds.

[FINISHED] Total Iterations: 8752
>> Algorithm Runtime: 0.144591 seconds.
------------------------------------------
TOTAL Runtime (IO + Init + Algo): 0.356552 seconds.
MAX FLOW IS 96
make[1]: Leaving directory '/workspaces/fit-dp'
----------------------------------------
>>> RUNNING: input/data/bisection/csv_format/lux-106797-0082-008.csv
make[1]: Entering directory '/workspaces/fit-dp'
export OMP_PROC_BIND=spread && export OMP_PLACES=threads && ./knfs
Parsed graph with 106799 vertices and 223686 edges. Source is 106797 and sink is 106798.
>> IO Time (CSV Read): 0.0738452 seconds.

Kokkos initialized on: N6Kokkos6OpenMPE
>> Graph Build & Init Time: 0.389105 seconds.

[FINISHED] Total Iterations: 78786
>> Algorithm Runtime: 1.09634 seconds.
------------------------------------------
TOTAL Runtime (IO + Init + Algo): 1.5593 seconds.
MAX FLOW IS 8
make[1]: Leaving directory '/workspaces/fit-dp'
----------------------------------------
>>> RUNNING: input/data/bisection/csv_format/nl-2159462-0211-009.csv
make[1]: Entering directory '/workspaces/fit-dp'
export OMP_PROC_BIND=spread && export OMP_PLACES=threads && ./knfs
Parsed graph with 2159464 vertices and 4766793 edges. Source is 2159462 and sink is 2159463.
>> IO Time (CSV Read): 1.72332 seconds.

Kokkos initialized on: N6Kokkos6OpenMPE
>> Graph Build & Init Time: 10.0299 seconds.

[FINISHED] Total Iterations: 147034
>> Algorithm Runtime: 2.80912 seconds.
------------------------------------------
TOTAL Runtime (IO + Init + Algo): 14.5623 seconds.
MAX FLOW IS 9
make[1]: Leaving directory '/workspaces/fit-dp'
----------------------------------------
>>> RUNNING: input/data/bisection/csv_format/rgg18-260352-0003-135.csv
make[1]: Entering directory '/workspaces/fit-dp'
export OMP_PROC_BIND=spread && export OMP_PLACES=threads && ./knfs
Parsed graph with 260354 vertices and 3067088 edges. Source is 260352 and sink is 260353.
>> IO Time (CSV Read): 1.04392 seconds.

Kokkos initialized on: N6Kokkos6OpenMPE
>> Graph Build & Init Time: 5.87043 seconds.

[FINISHED] Total Iterations: 2083
>> Algorithm Runtime: 0.374165 seconds.
------------------------------------------
TOTAL Runtime (IO + Init + Algo): 7.28851 seconds.
MAX FLOW IS 135
make[1]: Leaving directory '/workspaces/fit-dp'
----------------------------------------
>>> RUNNING: input/data/bisection/csv_format/nj2010-165230-0028-111.csv
make[1]: Entering directory '/workspaces/fit-dp'
export OMP_PROC_BIND=spread && export OMP_PLACES=threads && ./knfs
Parsed graph with 165232 vertices and 808411 edges. Source is 165230 and sink is 165231.
>> IO Time (CSV Read): 0.273543 seconds.

Kokkos initialized on: N6Kokkos6OpenMPE
>> Graph Build & Init Time: 1.50084 seconds.

[FINISHED] Total Iterations: 8310
>> Algorithm Runtime: 0.246579 seconds.
------------------------------------------
TOTAL Runtime (IO + Init + Algo): 2.02096 seconds.
MAX FLOW IS 111
make[1]: Leaving directory '/workspaces/fit-dp'
----------------------------------------
>>> RUNNING: input/data/bisection/csv_format/nj2010-165230-0018-143.csv
make[1]: Entering directory '/workspaces/fit-dp'
export OMP_PROC_BIND=spread && export OMP_PLACES=threads && ./knfs
Parsed graph with 165232 vertices and 810039 edges. Source is 165230 and sink is 165231.
>> IO Time (CSV Read): 0.270105 seconds.

Kokkos initialized on: N6Kokkos6OpenMPE
>> Graph Build & Init Time: 1.5085 seconds.

[FINISHED] Total Iterations: 8146
>> Algorithm Runtime: 0.169307 seconds.
------------------------------------------
TOTAL Runtime (IO + Init + Algo): 1.94791 seconds.
MAX FLOW IS 143
make[1]: Leaving directory '/workspaces/fit-dp'
----------------------------------------
>>> RUNNING: input/data/bisection/csv_format/rgg18-260352-0045-624.csv
make[1]: Entering directory '/workspaces/fit-dp'
export OMP_PROC_BIND=spread && export OMP_PLACES=threads && ./knfs
Parsed graph with 260354 vertices and 3066574 edges. Source is 260352 and sink is 260353.
>> IO Time (CSV Read): 1.0529 seconds.

Kokkos initialized on: N6Kokkos6OpenMPE
>> Graph Build & Init Time: 5.86556 seconds.

[FINISHED] Total Iterations: 2115
>> Algorithm Runtime: 0.296118 seconds.
------------------------------------------
TOTAL Runtime (IO + Init + Algo): 7.21458 seconds.
MAX FLOW IS 624
make[1]: Leaving directory '/workspaces/fit-dp'
----------------------------------------
>>> RUNNING: input/data/bisection/csv_format/horse-48112-0062-214.csv
make[1]: Entering directory '/workspaces/fit-dp'
export OMP_PROC_BIND=spread && export OMP_PLACES=threads && ./knfs
Parsed graph with 48114 vertices and 288667 edges. Source is 48112 and sink is 48113.
>> IO Time (CSV Read): 0.0980562 seconds.

Kokkos initialized on: N6Kokkos6OpenMPE
>> Graph Build & Init Time: 0.478513 seconds.

[FINISHED] Total Iterations: 21410
>> Algorithm Runtime: 0.282246 seconds.
------------------------------------------
TOTAL Runtime (IO + Init + Algo): 0.858815 seconds.
MAX FLOW IS 214
make[1]: Leaving directory '/workspaces/fit-dp'
----------------------------------------
>>> RUNNING: input/data/bisection/csv_format/rgg18-260352-0025-296.csv
make[1]: Entering directory '/workspaces/fit-dp'
export OMP_PROC_BIND=spread && export OMP_PLACES=threads && ./knfs
Parsed graph with 260354 vertices and 3066561 edges. Source is 260352 and sink is 260353.
>> IO Time (CSV Read): 1.04378 seconds.

Kokkos initialized on: N6Kokkos6OpenMPE
>> Graph Build & Init Time: 5.85598 seconds.

[FINISHED] Total Iterations: 26020
>> Algorithm Runtime: 0.673741 seconds.
------------------------------------------
TOTAL Runtime (IO + Init + Algo): 7.57351 seconds.
MAX FLOW IS 296
make[1]: Leaving directory '/workspaces/fit-dp'
----------------------------------------
