Starting Batch Run at Wed Jan 28 10:23:50 AM UTC 2026
----------------------------------------
>>> RUNNING: input/data/punch/csv_format/punch-us18-07-u.csv
make[1]: Entering directory '/workspaces/fit-dp'
export OMP_PROC_BIND=spread && export OMP_PLACES=threads && ./knfs
Parsed graph with 146230 vertices and 442284 edges. Source is 146228 and sink is 146229.
>> IO Time (CSV Read): 0.0969065 seconds.

Kokkos initialized on: N6Kokkos6OpenMPE
>> Graph Build & Init Time: 0.153731 seconds.

[FINISHED] Total Iterations: 157431
>> Algorithm Runtime: 1.26588 seconds.
------------------------------------------
TOTAL Runtime (IO + Init + Algo): 1.51652 seconds.
MAX FLOW IS 95
make[1]: Leaving directory '/workspaces/fit-dp'
----------------------------------------
>>> RUNNING: input/data/punch/csv_format/punch-eu20-01-p.csv
make[1]: Entering directory '/workspaces/fit-dp'
export OMP_PROC_BIND=spread && export OMP_PLACES=threads && ./knfs
Parsed graph with 481683 vertices and 1331277 edges. Source is 481681 and sink is 481682.
>> IO Time (CSV Read): 0.335002 seconds.

Kokkos initialized on: N6Kokkos6OpenMPE
>> Graph Build & Init Time: 0.463129 seconds.

[FINISHED] Total Iterations: 13928
>> Algorithm Runtime: 0.546859 seconds.
------------------------------------------
TOTAL Runtime (IO + Init + Algo): 1.34499 seconds.
MAX FLOW IS 1361513
make[1]: Leaving directory '/workspaces/fit-dp'
----------------------------------------
>>> RUNNING: input/data/punch/csv_format/punch-eu20-08-u.csv
make[1]: Entering directory '/workspaces/fit-dp'
export OMP_PROC_BIND=spread && export OMP_PLACES=threads && ./knfs
Parsed graph with 510680 vertices and 1464855 edges. Source is 510678 and sink is 510679.
>> IO Time (CSV Read): 0.312559 seconds.

Kokkos initialized on: N6Kokkos6OpenMPE
>> Graph Build & Init Time: 0.529241 seconds.

[FINISHED] Total Iterations: 215809
>> Algorithm Runtime: 1.81699 seconds.
------------------------------------------
TOTAL Runtime (IO + Init + Algo): 2.65879 seconds.
MAX FLOW IS 102
make[1]: Leaving directory '/workspaces/fit-dp'
----------------------------------------
>>> RUNNING: input/data/punch/csv_format/punch-eu18-01-u.csv
make[1]: Entering directory '/workspaces/fit-dp'
export OMP_PROC_BIND=spread && export OMP_PLACES=threads && ./knfs
Parsed graph with 149092 vertices and 423755 edges. Source is 149090 and sink is 149091.
>> IO Time (CSV Read): 0.0910463 seconds.

Kokkos initialized on: N6Kokkos6OpenMPE
>> Graph Build & Init Time: 0.137914 seconds.

[FINISHED] Total Iterations: 24405
>> Algorithm Runtime: 0.225743 seconds.
------------------------------------------
TOTAL Runtime (IO + Init + Algo): 0.454704 seconds.
MAX FLOW IS 167
make[1]: Leaving directory '/workspaces/fit-dp'
----------------------------------------
>>> RUNNING: input/data/punch/csv_format/punch-us18-02-u.csv
make[1]: Entering directory '/workspaces/fit-dp'
export OMP_PROC_BIND=spread && export OMP_PLACES=threads && ./knfs
Parsed graph with 106568 vertices and 296629 edges. Source is 106566 and sink is 106567.
>> IO Time (CSV Read): 0.0633239 seconds.

Kokkos initialized on: N6Kokkos6OpenMPE
>> Graph Build & Init Time: 0.0950649 seconds.

[FINISHED] Total Iterations: 65116
>> Algorithm Runtime: 0.349706 seconds.
------------------------------------------
TOTAL Runtime (IO + Init + Algo): 0.508095 seconds.
MAX FLOW IS 91
make[1]: Leaving directory '/workspaces/fit-dp'
----------------------------------------
>>> RUNNING: input/data/punch/csv_format/punch-us20-03-u.csv
make[1]: Entering directory '/workspaces/fit-dp'
export OMP_PROC_BIND=spread && export OMP_PLACES=threads && ./knfs
Parsed graph with 380816 vertices and 1043564 edges. Source is 380814 and sink is 380815.
>> IO Time (CSV Read): 0.220259 seconds.

Kokkos initialized on: N6Kokkos6OpenMPE
>> Graph Build & Init Time: 0.371123 seconds.

[FINISHED] Total Iterations: 21757
>> Algorithm Runtime: 0.165311 seconds.
------------------------------------------
TOTAL Runtime (IO + Init + Algo): 0.756693 seconds.
MAX FLOW IS 34
make[1]: Leaving directory '/workspaces/fit-dp'
----------------------------------------
>>> RUNNING: input/data/punch/csv_format/punch-eu22-09-p.csv
make[1]: Entering directory '/workspaces/fit-dp'
export OMP_PROC_BIND=spread && export OMP_PLACES=threads && ./knfs
Parsed graph with 1965036 vertices and 5484094 edges. Source is 1965034 and sink is 1965035.
>> IO Time (CSV Read): 1.34353 seconds.

Kokkos initialized on: N6Kokkos6OpenMPE
>> Graph Build & Init Time: 2.04136 seconds.

[FINISHED] Total Iterations: 51479
>> Algorithm Runtime: 1.31084 seconds.
------------------------------------------
TOTAL Runtime (IO + Init + Algo): 4.69573 seconds.
MAX FLOW IS 3594556
make[1]: Leaving directory '/workspaces/fit-dp'
----------------------------------------
>>> RUNNING: input/data/punch/csv_format/punch-us22-05-u.csv
make[1]: Entering directory '/workspaces/fit-dp'
export OMP_PROC_BIND=spread && export OMP_PLACES=threads && ./knfs
Parsed graph with 1477359 vertices and 4054405 edges. Source is 1477357 and sink is 1477358.
>> IO Time (CSV Read): 0.888634 seconds.

Kokkos initialized on: N6Kokkos6OpenMPE
>> Graph Build & Init Time: 1.47719 seconds.

[FINISHED] Total Iterations: 2057175
>> Algorithm Runtime: 11.4655 seconds.
------------------------------------------
TOTAL Runtime (IO + Init + Algo): 13.8314 seconds.
MAX FLOW IS 72
make[1]: Leaving directory '/workspaces/fit-dp'
----------------------------------------
>>> RUNNING: input/data/punch/csv_format/punch-eu20-05-p.csv
make[1]: Entering directory '/workspaces/fit-dp'
export OMP_PROC_BIND=spread && export OMP_PLACES=threads && ./knfs
Parsed graph with 462085 vertices and 1277665 edges. Source is 462083 and sink is 462084.
>> IO Time (CSV Read): 0.317075 seconds.

Kokkos initialized on: N6Kokkos6OpenMPE
>> Graph Build & Init Time: 0.45341 seconds.

[FINISHED] Total Iterations: 114428
>> Algorithm Runtime: 0.791269 seconds.
------------------------------------------
TOTAL Runtime (IO + Init + Algo): 1.56175 seconds.
MAX FLOW IS 4455846
make[1]: Leaving directory '/workspaces/fit-dp'
----------------------------------------
>>> RUNNING: input/data/punch/csv_format/punch-us18-06-p.csv
make[1]: Entering directory '/workspaces/fit-dp'
export OMP_PROC_BIND=spread && export OMP_PLACES=threads && ./knfs
Parsed graph with 108254 vertices and 302080 edges. Source is 108252 and sink is 108253.
>> IO Time (CSV Read): 0.0751393 seconds.

Kokkos initialized on: N6Kokkos6OpenMPE
>> Graph Build & Init Time: 0.10088 seconds.

[FINISHED] Total Iterations: 8381
>> Algorithm Runtime: 0.0935694 seconds.
------------------------------------------
TOTAL Runtime (IO + Init + Algo): 0.269588 seconds.
MAX FLOW IS 660589
make[1]: Leaving directory '/workspaces/fit-dp'
----------------------------------------
>>> RUNNING: input/data/punch/csv_format/punch-eu20-08-p.csv
make[1]: Entering directory '/workspaces/fit-dp'
export OMP_PROC_BIND=spread && export OMP_PLACES=threads && ./knfs
Parsed graph with 510680 vertices and 1464855 edges. Source is 510678 and sink is 510679.
>> IO Time (CSV Read): 0.359956 seconds.

Kokkos initialized on: N6Kokkos6OpenMPE
>> Graph Build & Init Time: 0.527315 seconds.

[FINISHED] Total Iterations: 22378
>> Algorithm Runtime: 0.322069 seconds.
------------------------------------------
TOTAL Runtime (IO + Init + Algo): 1.20934 seconds.
MAX FLOW IS 1021180
make[1]: Leaving directory '/workspaces/fit-dp'
----------------------------------------
>>> RUNNING: input/data/punch/csv_format/punch-eu18-03-p.csv
make[1]: Entering directory '/workspaces/fit-dp'
export OMP_PROC_BIND=spread && export OMP_PLACES=threads && ./knfs
Parsed graph with 137843 vertices and 384696 edges. Source is 137841 and sink is 137842.
>> IO Time (CSV Read): 0.0930605 seconds.

Kokkos initialized on: N6Kokkos6OpenMPE
>> Graph Build & Init Time: 0.122252 seconds.

[FINISHED] Total Iterations: 42778
>> Algorithm Runtime: 0.257046 seconds.
------------------------------------------
TOTAL Runtime (IO + Init + Algo): 0.472359 seconds.
MAX FLOW IS 1702442
make[1]: Leaving directory '/workspaces/fit-dp'
----------------------------------------
>>> RUNNING: input/data/punch/csv_format/punch-eu20-01-u.csv
make[1]: Entering directory '/workspaces/fit-dp'
export OMP_PROC_BIND=spread && export OMP_PLACES=threads && ./knfs
Parsed graph with 481683 vertices and 1331277 edges. Source is 481681 and sink is 481682.
>> IO Time (CSV Read): 0.286908 seconds.

Kokkos initialized on: N6Kokkos6OpenMPE
>> Graph Build & Init Time: 0.464832 seconds.

[FINISHED] Total Iterations: 66193
>> Algorithm Runtime: 0.497774 seconds.
------------------------------------------
TOTAL Runtime (IO + Init + Algo): 1.24951 seconds.
MAX FLOW IS 136
make[1]: Leaving directory '/workspaces/fit-dp'
----------------------------------------
>>> RUNNING: input/data/punch/csv_format/punch-eu22-02-u.csv
make[1]: Entering directory '/workspaces/fit-dp'
export OMP_PROC_BIND=spread && export OMP_PLACES=threads && ./knfs
Parsed graph with 1951812 vertices and 5428445 edges. Source is 1951810 and sink is 1951811.
>> IO Time (CSV Read): 1.21822 seconds.

Kokkos initialized on: N6Kokkos6OpenMPE
>> Graph Build & Init Time: 2.03802 seconds.

[FINISHED] Total Iterations: 128456
>> Algorithm Runtime: 1.20328 seconds.
------------------------------------------
TOTAL Runtime (IO + Init + Algo): 4.45952 seconds.
MAX FLOW IS 344
make[1]: Leaving directory '/workspaces/fit-dp'
----------------------------------------
>>> RUNNING: input/data/punch/csv_format/punch-eu22-04-p.csv
make[1]: Entering directory '/workspaces/fit-dp'
export OMP_PROC_BIND=spread && export OMP_PLACES=threads && ./knfs
Parsed graph with 2058281 vertices and 5746109 edges. Source is 2058279 and sink is 2058280.
>> IO Time (CSV Read): 1.43261 seconds.

Kokkos initialized on: N6Kokkos6OpenMPE
>> Graph Build & Init Time: 2.12313 seconds.

[FINISHED] Total Iterations: 43509
>> Algorithm Runtime: 1.19308 seconds.
------------------------------------------
TOTAL Runtime (IO + Init + Algo): 4.74881 seconds.
MAX FLOW IS 3194005
make[1]: Leaving directory '/workspaces/fit-dp'
----------------------------------------
>>> RUNNING: input/data/punch/csv_format/punch-eu18-08-p.csv
make[1]: Entering directory '/workspaces/fit-dp'
export OMP_PROC_BIND=spread && export OMP_PLACES=threads && ./knfs
Parsed graph with 135644 vertices and 379171 edges. Source is 135642 and sink is 135643.
>> IO Time (CSV Read): 0.0916704 seconds.

Kokkos initialized on: N6Kokkos6OpenMPE
>> Graph Build & Init Time: 0.126454 seconds.

[FINISHED] Total Iterations: 8278
>> Algorithm Runtime: 0.144451 seconds.
------------------------------------------
TOTAL Runtime (IO + Init + Algo): 0.362575 seconds.
MAX FLOW IS 1061409
make[1]: Leaving directory '/workspaces/fit-dp'
----------------------------------------
>>> RUNNING: input/data/punch/csv_format/punch-eu22-05-p.csv
make[1]: Entering directory '/workspaces/fit-dp'
export OMP_PROC_BIND=spread && export OMP_PLACES=threads && ./knfs
Parsed graph with 2038210 vertices and 5712458 edges. Source is 2038208 and sink is 2038209.
>> IO Time (CSV Read): 1.39254 seconds.

Kokkos initialized on: N6Kokkos6OpenMPE
>> Graph Build & Init Time: 2.10113 seconds.

[FINISHED] Total Iterations: 1229476
>> Algorithm Runtime: 7.63635 seconds.
------------------------------------------
TOTAL Runtime (IO + Init + Algo): 11.13 seconds.
MAX FLOW IS 5616987
make[1]: Leaving directory '/workspaces/fit-dp'
----------------------------------------
>>> RUNNING: input/data/punch/csv_format/punch-us20-08-p.csv
make[1]: Entering directory '/workspaces/fit-dp'
export OMP_PROC_BIND=spread && export OMP_PLACES=threads && ./knfs
Parsed graph with 272840 vertices and 705845 edges. Source is 272838 and sink is 272839.
>> IO Time (CSV Read): 0.169661 seconds.

Kokkos initialized on: N6Kokkos6OpenMPE
>> Graph Build & Init Time: 0.235941 seconds.

[FINISHED] Total Iterations: 11168
>> Algorithm Runtime: 0.119016 seconds.
------------------------------------------
TOTAL Runtime (IO + Init + Algo): 0.524617 seconds.
MAX FLOW IS 840684
make[1]: Leaving directory '/workspaces/fit-dp'
----------------------------------------
>>> RUNNING: input/data/punch/csv_format/punch-eu18-02-p.csv
make[1]: Entering directory '/workspaces/fit-dp'
export OMP_PROC_BIND=spread && export OMP_PLACES=threads && ./knfs
Parsed graph with 140654 vertices and 392728 edges. Source is 140652 and sink is 140653.
>> IO Time (CSV Read): 0.0956152 seconds.

Kokkos initialized on: N6Kokkos6OpenMPE
>> Graph Build & Init Time: 0.12545 seconds.

[FINISHED] Total Iterations: 5744
>> Algorithm Runtime: 0.0663342 seconds.
------------------------------------------
TOTAL Runtime (IO + Init + Algo): 0.287399 seconds.
MAX FLOW IS 1501854
make[1]: Leaving directory '/workspaces/fit-dp'
----------------------------------------
>>> RUNNING: input/data/punch/csv_format/punch-us18-02-p.csv
make[1]: Entering directory '/workspaces/fit-dp'
export OMP_PROC_BIND=spread && export OMP_PLACES=threads && ./knfs
Parsed graph with 106568 vertices and 296629 edges. Source is 106566 and sink is 106567.
>> IO Time (CSV Read): 0.0738431 seconds.

Kokkos initialized on: N6Kokkos6OpenMPE
>> Graph Build & Init Time: 0.0937102 seconds.

[FINISHED] Total Iterations: 4588
>> Algorithm Runtime: 0.0466414 seconds.
------------------------------------------
TOTAL Runtime (IO + Init + Algo): 0.214195 seconds.
MAX FLOW IS 796469
make[1]: Leaving directory '/workspaces/fit-dp'
----------------------------------------
>>> RUNNING: input/data/punch/csv_format/punch-eu22-03-u.csv
make[1]: Entering directory '/workspaces/fit-dp'
export OMP_PROC_BIND=spread && export OMP_PLACES=threads && ./knfs
Parsed graph with 650304 vertices and 1806674 edges. Source is 650302 and sink is 650303.
>> IO Time (CSV Read): 0.386056 seconds.

Kokkos initialized on: N6Kokkos6OpenMPE
>> Graph Build & Init Time: 0.64467 seconds.

[FINISHED] Total Iterations: 104112
>> Algorithm Runtime: 0.777154 seconds.
------------------------------------------
TOTAL Runtime (IO + Init + Algo): 1.80788 seconds.
MAX FLOW IS 227
make[1]: Leaving directory '/workspaces/fit-dp'
----------------------------------------
>>> RUNNING: input/data/punch/csv_format/punch-eu18-10-p.csv
make[1]: Entering directory '/workspaces/fit-dp'
export OMP_PROC_BIND=spread && export OMP_PLACES=threads && ./knfs
Parsed graph with 113842 vertices and 330887 edges. Source is 113840 and sink is 113841.
>> IO Time (CSV Read): 0.0814384 seconds.

Kokkos initialized on: N6Kokkos6OpenMPE
>> Graph Build & Init Time: 0.112672 seconds.

[FINISHED] Total Iterations: 1764
>> Algorithm Runtime: 0.0204491 seconds.
------------------------------------------
TOTAL Runtime (IO + Init + Algo): 0.21456 seconds.
MAX FLOW IS 150121
make[1]: Leaving directory '/workspaces/fit-dp'
----------------------------------------
>>> RUNNING: input/data/punch/csv_format/punch-us22-02-u.csv
make[1]: Entering directory '/workspaces/fit-dp'
export OMP_PROC_BIND=spread && export OMP_PLACES=threads && ./knfs
Parsed graph with 1537330 vertices and 4226114 edges. Source is 1537328 and sink is 1537329.
>> IO Time (CSV Read): 0.982662 seconds.

Kokkos initialized on: N6Kokkos6OpenMPE
>> Graph Build & Init Time: 1.58121 seconds.

[FINISHED] Total Iterations: 1562454
>> Algorithm Runtime: 8.86308 seconds.
------------------------------------------
TOTAL Runtime (IO + Init + Algo): 11.427 seconds.
MAX FLOW IS 111
make[1]: Leaving directory '/workspaces/fit-dp'
----------------------------------------
>>> RUNNING: input/data/punch/csv_format/punch-eu22-10-u.csv
make[1]: Entering directory '/workspaces/fit-dp'
export OMP_PROC_BIND=spread && export OMP_PLACES=threads && ./knfs
Parsed graph with 2020897 vertices and 5715868 edges. Source is 2020895 and sink is 2020896.
>> IO Time (CSV Read): 1.3144 seconds.

Kokkos initialized on: N6Kokkos6OpenMPE
>> Graph Build & Init Time: 2.19024 seconds.

[FINISHED] Total Iterations: 3661587
>> Algorithm Runtime: 19.3194 seconds.
------------------------------------------
TOTAL Runtime (IO + Init + Algo): 22.824 seconds.
MAX FLOW IS 130
make[1]: Leaving directory '/workspaces/fit-dp'
----------------------------------------
>>> RUNNING: input/data/punch/csv_format/punch-eu20-09-p.csv
make[1]: Entering directory '/workspaces/fit-dp'
export OMP_PROC_BIND=spread && export OMP_PLACES=threads && ./knfs
Parsed graph with 541793 vertices and 1544784 edges. Source is 541791 and sink is 541792.
>> IO Time (CSV Read): 0.380125 seconds.

Kokkos initialized on: N6Kokkos6OpenMPE
>> Graph Build & Init Time: 0.556783 seconds.

[FINISHED] Total Iterations: 17813
>> Algorithm Runtime: 0.30015 seconds.
------------------------------------------
TOTAL Runtime (IO + Init + Algo): 1.23706 seconds.
MAX FLOW IS 1932694
make[1]: Leaving directory '/workspaces/fit-dp'
----------------------------------------
>>> RUNNING: input/data/punch/csv_format/punch-eu18-04-p.csv
make[1]: Entering directory '/workspaces/fit-dp'
export OMP_PROC_BIND=spread && export OMP_PLACES=threads && ./knfs
Parsed graph with 131688 vertices and 385247 edges. Source is 131686 and sink is 131687.
>> IO Time (CSV Read): 0.0923702 seconds.

Kokkos initialized on: N6Kokkos6OpenMPE
>> Graph Build & Init Time: 0.124792 seconds.

[FINISHED] Total Iterations: 5155
>> Algorithm Runtime: 0.0398416 seconds.
------------------------------------------
TOTAL Runtime (IO + Init + Algo): 0.257003 seconds.
MAX FLOW IS 1021603
make[1]: Leaving directory '/workspaces/fit-dp'
----------------------------------------
>>> RUNNING: input/data/punch/csv_format/punch-us20-08-u.csv
make[1]: Entering directory '/workspaces/fit-dp'
export OMP_PROC_BIND=spread && export OMP_PLACES=threads && ./knfs
Parsed graph with 272840 vertices and 705845 edges. Source is 272838 and sink is 272839.
>> IO Time (CSV Read): 0.151216 seconds.

Kokkos initialized on: N6Kokkos6OpenMPE
>> Graph Build & Init Time: 0.238535 seconds.

[FINISHED] Total Iterations: 226803
>> Algorithm Runtime: 1.2134 seconds.
------------------------------------------
TOTAL Runtime (IO + Init + Algo): 1.60315 seconds.
MAX FLOW IS 84
make[1]: Leaving directory '/workspaces/fit-dp'
----------------------------------------
>>> RUNNING: input/data/punch/csv_format/punch-eu22-01-u.csv
make[1]: Entering directory '/workspaces/fit-dp'
export OMP_PROC_BIND=spread && export OMP_PLACES=threads && ./knfs
Parsed graph with 1965433 vertices and 5495281 edges. Source is 1965431 and sink is 1965432.
>> IO Time (CSV Read): 1.24326 seconds.

Kokkos initialized on: N6Kokkos6OpenMPE
>> Graph Build & Init Time: 2.03855 seconds.

[FINISHED] Total Iterations: 142220
>> Algorithm Runtime: 1.41346 seconds.
------------------------------------------
TOTAL Runtime (IO + Init + Algo): 4.69526 seconds.
MAX FLOW IS 296
make[1]: Leaving directory '/workspaces/fit-dp'
----------------------------------------
>>> RUNNING: input/data/punch/csv_format/punch-us18-09-u.csv
make[1]: Entering directory '/workspaces/fit-dp'
export OMP_PROC_BIND=spread && export OMP_PLACES=threads && ./knfs
Parsed graph with 84661 vertices and 237152 edges. Source is 84659 and sink is 84660.
>> IO Time (CSV Read): 0.0491601 seconds.

Kokkos initialized on: N6Kokkos6OpenMPE
>> Graph Build & Init Time: 0.0754385 seconds.

[FINISHED] Total Iterations: 22690
>> Algorithm Runtime: 0.128177 seconds.
------------------------------------------
TOTAL Runtime (IO + Init + Algo): 0.252776 seconds.
MAX FLOW IS 19
make[1]: Leaving directory '/workspaces/fit-dp'
----------------------------------------
>>> RUNNING: input/data/punch/csv_format/punch-eu18-07-u.csv
make[1]: Entering directory '/workspaces/fit-dp'
export OMP_PROC_BIND=spread && export OMP_PLACES=threads && ./knfs
Parsed graph with 127746 vertices and 356758 edges. Source is 127744 and sink is 127745.
>> IO Time (CSV Read): 0.0765475 seconds.

Kokkos initialized on: N6Kokkos6OpenMPE
>> Graph Build & Init Time: 0.112311 seconds.

[FINISHED] Total Iterations: 26485
>> Algorithm Runtime: 0.138241 seconds.
------------------------------------------
TOTAL Runtime (IO + Init + Algo): 0.327099 seconds.
MAX FLOW IS 34
make[1]: Leaving directory '/workspaces/fit-dp'
----------------------------------------
>>> RUNNING: input/data/punch/csv_format/punch-eu22-04-u.csv
make[1]: Entering directory '/workspaces/fit-dp'
export OMP_PROC_BIND=spread && export OMP_PLACES=threads && ./knfs
Parsed graph with 2058281 vertices and 5746109 edges. Source is 2058279 and sink is 2058280.
>> IO Time (CSV Read): 1.28838 seconds.

Kokkos initialized on: N6Kokkos6OpenMPE
>> Graph Build & Init Time: 2.1106 seconds.

[FINISHED] Total Iterations: 570238
>> Algorithm Runtime: 3.69556 seconds.
------------------------------------------
TOTAL Runtime (IO + Init + Algo): 7.09454 seconds.
MAX FLOW IS 319
make[1]: Leaving directory '/workspaces/fit-dp'
----------------------------------------
>>> RUNNING: input/data/punch/csv_format/punch-eu22-08-p.csv
make[1]: Entering directory '/workspaces/fit-dp'
export OMP_PROC_BIND=spread && export OMP_PLACES=threads && ./knfs
Parsed graph with 1904111 vertices and 5288380 edges. Source is 1904109 and sink is 1904110.
>> IO Time (CSV Read): 1.29067 seconds.

Kokkos initialized on: N6Kokkos6OpenMPE
>> Graph Build & Init Time: 1.89638 seconds.

[FINISHED] Total Iterations: 56214
>> Algorithm Runtime: 1.00054 seconds.
------------------------------------------
TOTAL Runtime (IO + Init + Algo): 4.18759 seconds.
MAX FLOW IS 951165
make[1]: Leaving directory '/workspaces/fit-dp'
----------------------------------------
>>> RUNNING: input/data/punch/csv_format/punch-us22-06-p.csv
make[1]: Entering directory '/workspaces/fit-dp'
export OMP_PROC_BIND=spread && export OMP_PLACES=threads && ./knfs
Parsed graph with 1590209 vertices and 4420072 edges. Source is 1590207 and sink is 1590208.
>> IO Time (CSV Read): 1.09089 seconds.

Kokkos initialized on: N6Kokkos6OpenMPE
>> Graph Build & Init Time: 1.59805 seconds.

[FINISHED] Total Iterations: 38721
>> Algorithm Runtime: 0.826444 seconds.
------------------------------------------
TOTAL Runtime (IO + Init + Algo): 3.51539 seconds.
MAX FLOW IS 420310
make[1]: Leaving directory '/workspaces/fit-dp'
----------------------------------------
>>> RUNNING: input/data/punch/csv_format/punch-us20-01-u.csv
make[1]: Entering directory '/workspaces/fit-dp'
export OMP_PROC_BIND=spread && export OMP_PLACES=threads && ./knfs
Parsed graph with 445166 vertices and 1250535 edges. Source is 445164 and sink is 445165.
>> IO Time (CSV Read): 0.267185 seconds.

Kokkos initialized on: N6Kokkos6OpenMPE
>> Graph Build & Init Time: 0.432012 seconds.

[FINISHED] Total Iterations: 445291
>> Algorithm Runtime: 2.56098 seconds.
------------------------------------------
TOTAL Runtime (IO + Init + Algo): 3.26018 seconds.
MAX FLOW IS 46
make[1]: Leaving directory '/workspaces/fit-dp'
----------------------------------------
>>> RUNNING: input/data/punch/csv_format/punch-us20-07-p.csv
make[1]: Entering directory '/workspaces/fit-dp'
export OMP_PROC_BIND=spread && export OMP_PLACES=threads && ./knfs
Parsed graph with 415508 vertices and 1156279 edges. Source is 415506 and sink is 415507.
>> IO Time (CSV Read): 0.290104 seconds.

Kokkos initialized on: N6Kokkos6OpenMPE
>> Graph Build & Init Time: 0.411418 seconds.

[FINISHED] Total Iterations: 23881
>> Algorithm Runtime: 0.325914 seconds.
------------------------------------------
TOTAL Runtime (IO + Init + Algo): 1.02744 seconds.
MAX FLOW IS 730738
make[1]: Leaving directory '/workspaces/fit-dp'
----------------------------------------
>>> RUNNING: input/data/punch/csv_format/punch-us20-03-p.csv
make[1]: Entering directory '/workspaces/fit-dp'
export OMP_PROC_BIND=spread && export OMP_PLACES=threads && ./knfs
Parsed graph with 380816 vertices and 1043564 edges. Source is 380814 and sink is 380815.
>> IO Time (CSV Read): 0.254351 seconds.

Kokkos initialized on: N6Kokkos6OpenMPE
>> Graph Build & Init Time: 0.370058 seconds.

[FINISHED] Total Iterations: 14208
>> Algorithm Runtime: 0.151008 seconds.
------------------------------------------
TOTAL Runtime (IO + Init + Algo): 0.775416 seconds.
MAX FLOW IS 340306
make[1]: Leaving directory '/workspaces/fit-dp'
----------------------------------------
>>> RUNNING: input/data/punch/csv_format/punch-eu18-04-u.csv
make[1]: Entering directory '/workspaces/fit-dp'
export OMP_PROC_BIND=spread && export OMP_PLACES=threads && ./knfs
Parsed graph with 131688 vertices and 385247 edges. Source is 131686 and sink is 131687.
>> IO Time (CSV Read): 0.0866312 seconds.

Kokkos initialized on: N6Kokkos6OpenMPE
>> Graph Build & Init Time: 0.123192 seconds.

[FINISHED] Total Iterations: 7157
>> Algorithm Runtime: 0.041531 seconds.
------------------------------------------
TOTAL Runtime (IO + Init + Algo): 0.251354 seconds.
MAX FLOW IS 102
make[1]: Leaving directory '/workspaces/fit-dp'
----------------------------------------
>>> RUNNING: input/data/punch/csv_format/punch-us18-04-p.csv
make[1]: Entering directory '/workspaces/fit-dp'
export OMP_PROC_BIND=spread && export OMP_PLACES=threads && ./knfs
Parsed graph with 126463 vertices and 359471 edges. Source is 126461 and sink is 126462.
>> IO Time (CSV Read): 0.0877594 seconds.

Kokkos initialized on: N6Kokkos6OpenMPE
>> Graph Build & Init Time: 0.114636 seconds.

[FINISHED] Total Iterations: 7434
>> Algorithm Runtime: 0.152342 seconds.
------------------------------------------
TOTAL Runtime (IO + Init + Algo): 0.354737 seconds.
MAX FLOW IS 1231647
make[1]: Leaving directory '/workspaces/fit-dp'
----------------------------------------
>>> RUNNING: input/data/punch/csv_format/punch-us18-04-u.csv
make[1]: Entering directory '/workspaces/fit-dp'
export OMP_PROC_BIND=spread && export OMP_PLACES=threads && ./knfs
Parsed graph with 126463 vertices and 359471 edges. Source is 126461 and sink is 126462.
>> IO Time (CSV Read): 0.0759723 seconds.

Kokkos initialized on: N6Kokkos6OpenMPE
>> Graph Build & Init Time: 0.116404 seconds.

[FINISHED] Total Iterations: 26414
>> Algorithm Runtime: 0.153542 seconds.
------------------------------------------
TOTAL Runtime (IO + Init + Algo): 0.345919 seconds.
MAX FLOW IS 123
make[1]: Leaving directory '/workspaces/fit-dp'
----------------------------------------
>>> RUNNING: input/data/punch/csv_format/punch-eu22-05-u.csv
make[1]: Entering directory '/workspaces/fit-dp'
export OMP_PROC_BIND=spread && export OMP_PLACES=threads && ./knfs
Parsed graph with 2038210 vertices and 5712458 edges. Source is 2038208 and sink is 2038209.
>> IO Time (CSV Read): 1.30217 seconds.

Kokkos initialized on: N6Kokkos6OpenMPE
>> Graph Build & Init Time: 2.09409 seconds.

[FINISHED] Total Iterations: 2196999
>> Algorithm Runtime: 12.7047 seconds.
------------------------------------------
TOTAL Runtime (IO + Init + Algo): 16.1009 seconds.
MAX FLOW IS 561
make[1]: Leaving directory '/workspaces/fit-dp'
----------------------------------------
>>> RUNNING: input/data/punch/csv_format/punch-eu22-09-u.csv
make[1]: Entering directory '/workspaces/fit-dp'
export OMP_PROC_BIND=spread && export OMP_PLACES=threads && ./knfs
Parsed graph with 1965036 vertices and 5484094 edges. Source is 1965034 and sink is 1965035.
>> IO Time (CSV Read): 1.24559 seconds.

Kokkos initialized on: N6Kokkos6OpenMPE
>> Graph Build & Init Time: 2.05381 seconds.

[FINISHED] Total Iterations: 3312034
>> Algorithm Runtime: 17.5094 seconds.
------------------------------------------
TOTAL Runtime (IO + Init + Algo): 20.8088 seconds.
MAX FLOW IS 359
make[1]: Leaving directory '/workspaces/fit-dp'
----------------------------------------
>>> RUNNING: input/data/punch/csv_format/punch-us18-07-p.csv
make[1]: Entering directory '/workspaces/fit-dp'
export OMP_PROC_BIND=spread && export OMP_PLACES=threads && ./knfs
Parsed graph with 146230 vertices and 442284 edges. Source is 146228 and sink is 146229.
>> IO Time (CSV Read): 0.108316 seconds.

Kokkos initialized on: N6Kokkos6OpenMPE
>> Graph Build & Init Time: 0.160452 seconds.

[FINISHED] Total Iterations: 10375
>> Algorithm Runtime: 0.155009 seconds.
------------------------------------------
TOTAL Runtime (IO + Init + Algo): 0.423777 seconds.
MAX FLOW IS 951113
make[1]: Leaving directory '/workspaces/fit-dp'
----------------------------------------
>>> RUNNING: input/data/punch/csv_format/punch-eu20-03-p.csv
make[1]: Entering directory '/workspaces/fit-dp'
export OMP_PROC_BIND=spread && export OMP_PLACES=threads && ./knfs
Parsed graph with 416008 vertices and 1132402 edges. Source is 416006 and sink is 416007.
>> IO Time (CSV Read): 0.282206 seconds.

Kokkos initialized on: N6Kokkos6OpenMPE
>> Graph Build & Init Time: 0.409321 seconds.

[FINISHED] Total Iterations: 17725
>> Algorithm Runtime: 0.26219 seconds.
------------------------------------------
TOTAL Runtime (IO + Init + Algo): 0.953716 seconds.
MAX FLOW IS 450547
make[1]: Leaving directory '/workspaces/fit-dp'
----------------------------------------
>>> RUNNING: input/data/punch/csv_format/punch-us22-06-u.csv
make[1]: Entering directory '/workspaces/fit-dp'
export OMP_PROC_BIND=spread && export OMP_PLACES=threads && ./knfs
Parsed graph with 1590209 vertices and 4420072 edges. Source is 1590207 and sink is 1590208.
>> IO Time (CSV Read): 1.00356 seconds.

Kokkos initialized on: N6Kokkos6OpenMPE
>> Graph Build & Init Time: 1.58966 seconds.

[FINISHED] Total Iterations: 1352346
>> Algorithm Runtime: 7.46612 seconds.
------------------------------------------
TOTAL Runtime (IO + Init + Algo): 10.0593 seconds.
MAX FLOW IS 42
make[1]: Leaving directory '/workspaces/fit-dp'
----------------------------------------
>>> RUNNING: input/data/punch/csv_format/punch-us22-02-p.csv
make[1]: Entering directory '/workspaces/fit-dp'
export OMP_PROC_BIND=spread && export OMP_PLACES=threads && ./knfs
Parsed graph with 1537330 vertices and 4226114 edges. Source is 1537328 and sink is 1537329.
>> IO Time (CSV Read): 1.06334 seconds.

Kokkos initialized on: N6Kokkos6OpenMPE
>> Graph Build & Init Time: 1.56091 seconds.

[FINISHED] Total Iterations: 103622
>> Algorithm Runtime: 1.37641 seconds.
------------------------------------------
TOTAL Runtime (IO + Init + Algo): 4.00066 seconds.
MAX FLOW IS 1110956
make[1]: Leaving directory '/workspaces/fit-dp'
----------------------------------------
>>> RUNNING: input/data/punch/csv_format/punch-us20-06-u.csv
make[1]: Entering directory '/workspaces/fit-dp'
export OMP_PROC_BIND=spread && export OMP_PLACES=threads && ./knfs
Parsed graph with 329054 vertices and 882622 edges. Source is 329052 and sink is 329053.
>> IO Time (CSV Read): 0.186468 seconds.

Kokkos initialized on: N6Kokkos6OpenMPE
>> Graph Build & Init Time: 0.319577 seconds.

[FINISHED] Total Iterations: 505866
>> Algorithm Runtime: 2.68365 seconds.
------------------------------------------
TOTAL Runtime (IO + Init + Algo): 3.1897 seconds.
MAX FLOW IS 62
make[1]: Leaving directory '/workspaces/fit-dp'
----------------------------------------
>>> RUNNING: input/data/punch/csv_format/punch-eu18-09-p.csv
make[1]: Entering directory '/workspaces/fit-dp'
export OMP_PROC_BIND=spread && export OMP_PLACES=threads && ./knfs
Parsed graph with 112231 vertices and 307540 edges. Source is 112229 and sink is 112230.
>> IO Time (CSV Read): 0.0761591 seconds.

Kokkos initialized on: N6Kokkos6OpenMPE
>> Graph Build & Init Time: 0.0982587 seconds.

[FINISHED] Total Iterations: 3248
>> Algorithm Runtime: 0.062522 seconds.
------------------------------------------
TOTAL Runtime (IO + Init + Algo): 0.23694 seconds.
MAX FLOW IS 2032682
make[1]: Leaving directory '/workspaces/fit-dp'
----------------------------------------
>>> RUNNING: input/data/punch/csv_format/punch-us18-10-u.csv
make[1]: Entering directory '/workspaces/fit-dp'
export OMP_PROC_BIND=spread && export OMP_PLACES=threads && ./knfs
Parsed graph with 106085 vertices and 294464 edges. Source is 106083 and sink is 106084.
>> IO Time (CSV Read): 0.0651812 seconds.

Kokkos initialized on: N6Kokkos6OpenMPE
>> Graph Build & Init Time: 0.0949368 seconds.

[FINISHED] Total Iterations: 217057
>> Algorithm Runtime: 1.11301 seconds.
------------------------------------------
TOTAL Runtime (IO + Init + Algo): 1.27313 seconds.
MAX FLOW IS 44
make[1]: Leaving directory '/workspaces/fit-dp'
----------------------------------------
>>> RUNNING: input/data/punch/csv_format/punch-eu20-02-p.csv
make[1]: Entering directory '/workspaces/fit-dp'
export OMP_PROC_BIND=spread && export OMP_PLACES=threads && ./knfs
Parsed graph with 444499 vertices and 1227748 edges. Source is 444497 and sink is 444498.
>> IO Time (CSV Read): 0.308813 seconds.

Kokkos initialized on: N6Kokkos6OpenMPE
>> Graph Build & Init Time: 0.45626 seconds.

[FINISHED] Total Iterations: 29081
>> Algorithm Runtime: 0.257816 seconds.
------------------------------------------
TOTAL Runtime (IO + Init + Algo): 1.02289 seconds.
MAX FLOW IS 440506
make[1]: Leaving directory '/workspaces/fit-dp'
----------------------------------------
>>> RUNNING: input/data/punch/csv_format/punch-us18-05-p.csv
make[1]: Entering directory '/workspaces/fit-dp'
export OMP_PROC_BIND=spread && export OMP_PLACES=threads && ./knfs
Parsed graph with 107109 vertices and 297158 edges. Source is 107107 and sink is 107108.
>> IO Time (CSV Read): 0.0730515 seconds.

Kokkos initialized on: N6Kokkos6OpenMPE
>> Graph Build & Init Time: 0.0940719 seconds.

[FINISHED] Total Iterations: 12726
>> Algorithm Runtime: 0.0989067 seconds.
------------------------------------------
TOTAL Runtime (IO + Init + Algo): 0.26603 seconds.
MAX FLOW IS 820777
make[1]: Leaving directory '/workspaces/fit-dp'
----------------------------------------
>>> RUNNING: input/data/punch/csv_format/punch-us18-09-p.csv
make[1]: Entering directory '/workspaces/fit-dp'
export OMP_PROC_BIND=spread && export OMP_PLACES=threads && ./knfs
Parsed graph with 84661 vertices and 237152 edges. Source is 84659 and sink is 84660.
>> IO Time (CSV Read): 0.056731 seconds.

Kokkos initialized on: N6Kokkos6OpenMPE
>> Graph Build & Init Time: 0.0762637 seconds.

[FINISHED] Total Iterations: 3274
>> Algorithm Runtime: 0.0409081 seconds.
------------------------------------------
TOTAL Runtime (IO + Init + Algo): 0.173903 seconds.
MAX FLOW IS 190197
make[1]: Leaving directory '/workspaces/fit-dp'
----------------------------------------
>>> RUNNING: input/data/punch/csv_format/punch-eu22-07-u.csv
make[1]: Entering directory '/workspaces/fit-dp'
export OMP_PROC_BIND=spread && export OMP_PLACES=threads && ./knfs
Parsed graph with 1985251 vertices and 5545536 edges. Source is 1985249 and sink is 1985250.
>> IO Time (CSV Read): 1.253 seconds.

Kokkos initialized on: N6Kokkos6OpenMPE
>> Graph Build & Init Time: 2.07795 seconds.

[FINISHED] Total Iterations: 175424
>> Algorithm Runtime: 1.45778 seconds.
------------------------------------------
TOTAL Runtime (IO + Init + Algo): 4.78872 seconds.
MAX FLOW IS 321
make[1]: Leaving directory '/workspaces/fit-dp'
----------------------------------------
>>> RUNNING: input/data/punch/csv_format/punch-us22-05-p.csv
make[1]: Entering directory '/workspaces/fit-dp'
export OMP_PROC_BIND=spread && export OMP_PLACES=threads && ./knfs
Parsed graph with 1477359 vertices and 4054405 edges. Source is 1477357 and sink is 1477358.
>> IO Time (CSV Read): 0.98163 seconds.

Kokkos initialized on: N6Kokkos6OpenMPE
>> Graph Build & Init Time: 1.47318 seconds.

[FINISHED] Total Iterations: 73504
>> Algorithm Runtime: 0.944594 seconds.
------------------------------------------
TOTAL Runtime (IO + Init + Algo): 3.3994 seconds.
MAX FLOW IS 720642
make[1]: Leaving directory '/workspaces/fit-dp'
----------------------------------------
>>> RUNNING: input/data/punch/csv_format/punch-eu18-03-u.csv
make[1]: Entering directory '/workspaces/fit-dp'
export OMP_PROC_BIND=spread && export OMP_PLACES=threads && ./knfs
Parsed graph with 137843 vertices and 384696 edges. Source is 137841 and sink is 137842.
>> IO Time (CSV Read): 0.0805669 seconds.

Kokkos initialized on: N6Kokkos6OpenMPE
>> Graph Build & Init Time: 0.121496 seconds.

[FINISHED] Total Iterations: 316945
>> Algorithm Runtime: 1.70406 seconds.
------------------------------------------
TOTAL Runtime (IO + Init + Algo): 1.90612 seconds.
MAX FLOW IS 170
make[1]: Leaving directory '/workspaces/fit-dp'
----------------------------------------
>>> RUNNING: input/data/punch/csv_format/punch-eu20-06-u.csv
make[1]: Entering directory '/workspaces/fit-dp'
export OMP_PROC_BIND=spread && export OMP_PLACES=threads && ./knfs
Parsed graph with 451020 vertices and 1263561 edges. Source is 451018 and sink is 451019.
>> IO Time (CSV Read): 0.270597 seconds.

Kokkos initialized on: N6Kokkos6OpenMPE
>> Graph Build & Init Time: 0.462578 seconds.

[FINISHED] Total Iterations: 83556
>> Algorithm Runtime: 0.535794 seconds.
------------------------------------------
TOTAL Runtime (IO + Init + Algo): 1.26897 seconds.
MAX FLOW IS 82
make[1]: Leaving directory '/workspaces/fit-dp'
----------------------------------------
>>> RUNNING: input/data/punch/csv_format/punch-eu20-03-u.csv
make[1]: Entering directory '/workspaces/fit-dp'
export OMP_PROC_BIND=spread && export OMP_PLACES=threads && ./knfs
Parsed graph with 416008 vertices and 1132402 edges. Source is 416006 and sink is 416007.
>> IO Time (CSV Read): 0.240659 seconds.

Kokkos initialized on: N6Kokkos6OpenMPE
>> Graph Build & Init Time: 0.40697 seconds.

[FINISHED] Total Iterations: 151997
>> Algorithm Runtime: 0.885465 seconds.
------------------------------------------
TOTAL Runtime (IO + Init + Algo): 1.53309 seconds.
MAX FLOW IS 45
make[1]: Leaving directory '/workspaces/fit-dp'
----------------------------------------
>>> RUNNING: input/data/punch/csv_format/punch-eu18-02-u.csv
make[1]: Entering directory '/workspaces/fit-dp'
export OMP_PROC_BIND=spread && export OMP_PLACES=threads && ./knfs
Parsed graph with 140654 vertices and 392728 edges. Source is 140652 and sink is 140653.
>> IO Time (CSV Read): 0.0842995 seconds.

Kokkos initialized on: N6Kokkos6OpenMPE
>> Graph Build & Init Time: 0.12503 seconds.

[FINISHED] Total Iterations: 288817
>> Algorithm Runtime: 1.45196 seconds.
------------------------------------------
TOTAL Runtime (IO + Init + Algo): 1.66129 seconds.
MAX FLOW IS 150
make[1]: Leaving directory '/workspaces/fit-dp'
----------------------------------------
>>> RUNNING: input/data/punch/csv_format/punch-eu18-08-u.csv
make[1]: Entering directory '/workspaces/fit-dp'
export OMP_PROC_BIND=spread && export OMP_PLACES=threads && ./knfs
Parsed graph with 135644 vertices and 379171 edges. Source is 135642 and sink is 135643.
>> IO Time (CSV Read): 0.082066 seconds.

Kokkos initialized on: N6Kokkos6OpenMPE
>> Graph Build & Init Time: 0.127345 seconds.

[FINISHED] Total Iterations: 136647
>> Algorithm Runtime: 0.698604 seconds.
------------------------------------------
TOTAL Runtime (IO + Init + Algo): 0.908015 seconds.
MAX FLOW IS 106
make[1]: Leaving directory '/workspaces/fit-dp'
----------------------------------------
>>> RUNNING: input/data/punch/csv_format/punch-us22-07-u.csv
make[1]: Entering directory '/workspaces/fit-dp'
export OMP_PROC_BIND=spread && export OMP_PLACES=threads && ./knfs
Parsed graph with 1837712 vertices and 5165173 edges. Source is 1837710 and sink is 1837711.
>> IO Time (CSV Read): 1.16519 seconds.

Kokkos initialized on: N6Kokkos6OpenMPE
>> Graph Build & Init Time: 1.88215 seconds.

[FINISHED] Total Iterations: 249902
>> Algorithm Runtime: 1.88404 seconds.
------------------------------------------
TOTAL Runtime (IO + Init + Algo): 4.93138 seconds.
MAX FLOW IS 243
make[1]: Leaving directory '/workspaces/fit-dp'
----------------------------------------
>>> RUNNING: input/data/punch/csv_format/punch-eu20-10-u.csv
make[1]: Entering directory '/workspaces/fit-dp'
export OMP_PROC_BIND=spread && export OMP_PLACES=threads && ./knfs
Parsed graph with 201814 vertices and 516097 edges. Source is 201812 and sink is 201813.
>> IO Time (CSV Read): 0.109431 seconds.

Kokkos initialized on: N6Kokkos6OpenMPE
>> Graph Build & Init Time: 0.156709 seconds.

[FINISHED] Total Iterations: 320522
>> Algorithm Runtime: 1.65486 seconds.
------------------------------------------
TOTAL Runtime (IO + Init + Algo): 1.921 seconds.
MAX FLOW IS 46
make[1]: Leaving directory '/workspaces/fit-dp'
----------------------------------------
>>> RUNNING: input/data/punch/csv_format/punch-us22-08-u.csv
make[1]: Entering directory '/workspaces/fit-dp'
export OMP_PROC_BIND=spread && export OMP_PLACES=threads && ./knfs
Parsed graph with 1837657 vertices and 5139209 edges. Source is 1837655 and sink is 1837656.
>> IO Time (CSV Read): 1.14083 seconds.

Kokkos initialized on: N6Kokkos6OpenMPE
>> Graph Build & Init Time: 1.86008 seconds.

[FINISHED] Total Iterations: 74390
>> Algorithm Runtime: 1.14513 seconds.
------------------------------------------
TOTAL Runtime (IO + Init + Algo): 4.14604 seconds.
MAX FLOW IS 164
make[1]: Leaving directory '/workspaces/fit-dp'
----------------------------------------
>>> RUNNING: input/data/punch/csv_format/punch-eu20-05-u.csv
make[1]: Entering directory '/workspaces/fit-dp'
export OMP_PROC_BIND=spread && export OMP_PLACES=threads && ./knfs
Parsed graph with 462085 vertices and 1277665 edges. Source is 462083 and sink is 462084.
>> IO Time (CSV Read): 0.27797 seconds.

Kokkos initialized on: N6Kokkos6OpenMPE
>> Graph Build & Init Time: 0.457441 seconds.

[FINISHED] Total Iterations: 50711
>> Algorithm Runtime: 0.419381 seconds.
------------------------------------------
TOTAL Runtime (IO + Init + Algo): 1.15479 seconds.
MAX FLOW IS 445
make[1]: Leaving directory '/workspaces/fit-dp'
----------------------------------------
>>> RUNNING: input/data/punch/csv_format/punch-eu18-06-u.csv
make[1]: Entering directory '/workspaces/fit-dp'
export OMP_PROC_BIND=spread && export OMP_PLACES=threads && ./knfs
Parsed graph with 151080 vertices and 421220 edges. Source is 151078 and sink is 151079.
>> IO Time (CSV Read): 0.0895921 seconds.

Kokkos initialized on: N6Kokkos6OpenMPE
>> Graph Build & Init Time: 0.131216 seconds.

[FINISHED] Total Iterations: 121621
>> Algorithm Runtime: 0.687453 seconds.
------------------------------------------
TOTAL Runtime (IO + Init + Algo): 0.908261 seconds.
MAX FLOW IS 155
make[1]: Leaving directory '/workspaces/fit-dp'
----------------------------------------
>>> RUNNING: input/data/punch/csv_format/punch-eu20-02-u.csv
make[1]: Entering directory '/workspaces/fit-dp'
export OMP_PROC_BIND=spread && export OMP_PLACES=threads && ./knfs
Parsed graph with 444499 vertices and 1227748 edges. Source is 444497 and sink is 444498.
>> IO Time (CSV Read): 0.267412 seconds.

Kokkos initialized on: N6Kokkos6OpenMPE
>> Graph Build & Init Time: 0.436899 seconds.

[FINISHED] Total Iterations: 73169
>> Algorithm Runtime: 0.484354 seconds.
------------------------------------------
TOTAL Runtime (IO + Init + Algo): 1.18866 seconds.
MAX FLOW IS 44
make[1]: Leaving directory '/workspaces/fit-dp'
----------------------------------------
>>> RUNNING: input/data/punch/csv_format/punch-eu22-07-p.csv
make[1]: Entering directory '/workspaces/fit-dp'
export OMP_PROC_BIND=spread && export OMP_PLACES=threads && ./knfs
Parsed graph with 1985251 vertices and 5545536 edges. Source is 1985249 and sink is 1985250.
>> IO Time (CSV Read): 1.36351 seconds.

Kokkos initialized on: N6Kokkos6OpenMPE
>> Graph Build & Init Time: 2.08107 seconds.

[FINISHED] Total Iterations: 24155
>> Algorithm Runtime: 0.871194 seconds.
------------------------------------------
TOTAL Runtime (IO + Init + Algo): 4.31577 seconds.
MAX FLOW IS 3214238
make[1]: Leaving directory '/workspaces/fit-dp'
----------------------------------------
>>> RUNNING: input/data/punch/csv_format/punch-eu20-09-u.csv
make[1]: Entering directory '/workspaces/fit-dp'
export OMP_PROC_BIND=spread && export OMP_PLACES=threads && ./knfs
Parsed graph with 541793 vertices and 1544784 edges. Source is 541791 and sink is 541792.
>> IO Time (CSV Read): 0.32218 seconds.

Kokkos initialized on: N6Kokkos6OpenMPE
>> Graph Build & Init Time: 0.550448 seconds.

[FINISHED] Total Iterations: 343305
>> Algorithm Runtime: 1.94679 seconds.
------------------------------------------
TOTAL Runtime (IO + Init + Algo): 2.81942 seconds.
MAX FLOW IS 193
make[1]: Leaving directory '/workspaces/fit-dp'
----------------------------------------
>>> RUNNING: input/data/punch/csv_format/punch-eu20-10-p.csv
make[1]: Entering directory '/workspaces/fit-dp'
export OMP_PROC_BIND=spread && export OMP_PLACES=threads && ./knfs
Parsed graph with 201814 vertices and 516097 edges. Source is 201812 and sink is 201813.
>> IO Time (CSV Read): 0.125457 seconds.

Kokkos initialized on: N6Kokkos6OpenMPE
>> Graph Build & Init Time: 0.155918 seconds.

[FINISHED] Total Iterations: 20628
>> Algorithm Runtime: 0.188578 seconds.
------------------------------------------
TOTAL Runtime (IO + Init + Algo): 0.469953 seconds.
MAX FLOW IS 460249
make[1]: Leaving directory '/workspaces/fit-dp'
----------------------------------------
>>> RUNNING: input/data/punch/csv_format/punch-eu18-10-u.csv
make[1]: Entering directory '/workspaces/fit-dp'
export OMP_PROC_BIND=spread && export OMP_PLACES=threads && ./knfs
Parsed graph with 113842 vertices and 330887 edges. Source is 113840 and sink is 113841.
>> IO Time (CSV Read): 0.0707217 seconds.

Kokkos initialized on: N6Kokkos6OpenMPE
>> Graph Build & Init Time: 0.120946 seconds.

[FINISHED] Total Iterations: 7050
>> Algorithm Runtime: 0.122445 seconds.
------------------------------------------
TOTAL Runtime (IO + Init + Algo): 0.314112 seconds.
MAX FLOW IS 15
make[1]: Leaving directory '/workspaces/fit-dp'
----------------------------------------
>>> RUNNING: input/data/punch/csv_format/punch-eu22-08-u.csv
make[1]: Entering directory '/workspaces/fit-dp'
export OMP_PROC_BIND=spread && export OMP_PLACES=threads && ./knfs
Parsed graph with 1904111 vertices and 5288380 edges. Source is 1904109 and sink is 1904110.
>> IO Time (CSV Read): 1.20589 seconds.

Kokkos initialized on: N6Kokkos6OpenMPE
>> Graph Build & Init Time: 1.8943 seconds.

[FINISHED] Total Iterations: 710896
>> Algorithm Runtime: 4.35178 seconds.
------------------------------------------
TOTAL Runtime (IO + Init + Algo): 7.45196 seconds.
MAX FLOW IS 95
make[1]: Leaving directory '/workspaces/fit-dp'
----------------------------------------
>>> RUNNING: input/data/punch/csv_format/punch-us18-10-p.csv
make[1]: Entering directory '/workspaces/fit-dp'
export OMP_PROC_BIND=spread && export OMP_PLACES=threads && ./knfs
Parsed graph with 106085 vertices and 294464 edges. Source is 106083 and sink is 106084.
>> IO Time (CSV Read): 0.0733645 seconds.

Kokkos initialized on: N6Kokkos6OpenMPE
>> Graph Build & Init Time: 0.0936003 seconds.

[FINISHED] Total Iterations: 10676
>> Algorithm Runtime: 0.0775165 seconds.
------------------------------------------
TOTAL Runtime (IO + Init + Algo): 0.244481 seconds.
MAX FLOW IS 440407
make[1]: Leaving directory '/workspaces/fit-dp'
----------------------------------------
>>> RUNNING: input/data/punch/csv_format/punch-us18-05-u.csv
make[1]: Entering directory '/workspaces/fit-dp'
export OMP_PROC_BIND=spread && export OMP_PLACES=threads && ./knfs
Parsed graph with 107109 vertices and 297158 edges. Source is 107107 and sink is 107108.
>> IO Time (CSV Read): 0.0633727 seconds.

Kokkos initialized on: N6Kokkos6OpenMPE
>> Graph Build & Init Time: 0.0933127 seconds.

[FINISHED] Total Iterations: 49620
>> Algorithm Runtime: 0.336129 seconds.
------------------------------------------
TOTAL Runtime (IO + Init + Algo): 0.492815 seconds.
MAX FLOW IS 82
make[1]: Leaving directory '/workspaces/fit-dp'
----------------------------------------
>>> RUNNING: input/data/punch/csv_format/punch-us18-06-u.csv
make[1]: Entering directory '/workspaces/fit-dp'
export OMP_PROC_BIND=spread && export OMP_PLACES=threads && ./knfs
Parsed graph with 108254 vertices and 302080 edges. Source is 108252 and sink is 108253.
>> IO Time (CSV Read): 0.0648754 seconds.

Kokkos initialized on: N6Kokkos6OpenMPE
>> Graph Build & Init Time: 0.0949058 seconds.

[FINISHED] Total Iterations: 242852
>> Algorithm Runtime: 1.50783 seconds.
------------------------------------------
TOTAL Runtime (IO + Init + Algo): 1.66761 seconds.
MAX FLOW IS 66
make[1]: Leaving directory '/workspaces/fit-dp'
----------------------------------------
>>> RUNNING: input/data/punch/csv_format/punch-eu22-10-p.csv
make[1]: Entering directory '/workspaces/fit-dp'
export OMP_PROC_BIND=spread && export OMP_PLACES=threads && ./knfs
Parsed graph with 2020897 vertices and 5715868 edges. Source is 2020895 and sink is 2020896.
>> IO Time (CSV Read): 1.41346 seconds.

Kokkos initialized on: N6Kokkos6OpenMPE
>> Graph Build & Init Time: 2.15764 seconds.

[FINISHED] Total Iterations: 27614
>> Algorithm Runtime: 0.987411 seconds.
------------------------------------------
TOTAL Runtime (IO + Init + Algo): 4.55851 seconds.
MAX FLOW IS 1301694
make[1]: Leaving directory '/workspaces/fit-dp'
----------------------------------------
>>> RUNNING: input/data/punch/csv_format/punch-us18-03-p.csv
make[1]: Entering directory '/workspaces/fit-dp'
export OMP_PROC_BIND=spread && export OMP_PLACES=threads && ./knfs
Parsed graph with 128746 vertices and 373708 edges. Source is 128744 and sink is 128745.
>> IO Time (CSV Read): 0.0906238 seconds.

Kokkos initialized on: N6Kokkos6OpenMPE
>> Graph Build & Init Time: 0.120516 seconds.

[FINISHED] Total Iterations: 4845
>> Algorithm Runtime: 0.0613769 seconds.
------------------------------------------
TOTAL Runtime (IO + Init + Algo): 0.272517 seconds.
MAX FLOW IS 1201452
make[1]: Leaving directory '/workspaces/fit-dp'
----------------------------------------
>>> RUNNING: input/data/punch/csv_format/punch-us20-04-p.csv
make[1]: Entering directory '/workspaces/fit-dp'
export OMP_PROC_BIND=spread && export OMP_PLACES=threads && ./knfs
Parsed graph with 414379 vertices and 1163771 edges. Source is 414377 and sink is 414378.
>> IO Time (CSV Read): 0.288304 seconds.

Kokkos initialized on: N6Kokkos6OpenMPE
>> Graph Build & Init Time: 0.404113 seconds.

[FINISHED] Total Iterations: 6791
>> Algorithm Runtime: 0.143987 seconds.
------------------------------------------
TOTAL Runtime (IO + Init + Algo): 0.836404 seconds.
MAX FLOW IS 380259
make[1]: Leaving directory '/workspaces/fit-dp'
----------------------------------------
>>> RUNNING: input/data/punch/csv_format/punch-us22-03-p.csv
make[1]: Entering directory '/workspaces/fit-dp'
export OMP_PROC_BIND=spread && export OMP_PLACES=threads && ./knfs
Parsed graph with 1647016 vertices and 4560753 edges. Source is 1647014 and sink is 1647015.
>> IO Time (CSV Read): 1.13916 seconds.

Kokkos initialized on: N6Kokkos6OpenMPE
>> Graph Build & Init Time: 1.68403 seconds.

[FINISHED] Total Iterations: 167441
>> Algorithm Runtime: 2.90816 seconds.
------------------------------------------
TOTAL Runtime (IO + Init + Algo): 5.73135 seconds.
MAX FLOW IS 1641614
make[1]: Leaving directory '/workspaces/fit-dp'
----------------------------------------
>>> RUNNING: input/data/punch/csv_format/punch-us22-01-u.csv
make[1]: Entering directory '/workspaces/fit-dp'
export OMP_PROC_BIND=spread && export OMP_PLACES=threads && ./knfs
Parsed graph with 1605683 vertices and 4486347 edges. Source is 1605681 and sink is 1605682.
>> IO Time (CSV Read): 1.00848 seconds.

Kokkos initialized on: N6Kokkos6OpenMPE
>> Graph Build & Init Time: 1.50315 seconds.

[FINISHED] Total Iterations: 426436
>> Algorithm Runtime: 2.82665 seconds.
------------------------------------------
TOTAL Runtime (IO + Init + Algo): 5.33827 seconds.
MAX FLOW IS 46
make[1]: Leaving directory '/workspaces/fit-dp'
----------------------------------------
>>> RUNNING: input/data/punch/csv_format/punch-us20-09-p.csv
make[1]: Entering directory '/workspaces/fit-dp'
export OMP_PROC_BIND=spread && export OMP_PLACES=threads && ./knfs
Parsed graph with 292215 vertices and 765002 edges. Source is 292213 and sink is 292214.
>> IO Time (CSV Read): 0.18764 seconds.

Kokkos initialized on: N6Kokkos6OpenMPE
>> Graph Build & Init Time: 0.260628 seconds.

[FINISHED] Total Iterations: 46251
>> Algorithm Runtime: 0.400612 seconds.
------------------------------------------
TOTAL Runtime (IO + Init + Algo): 0.84888 seconds.
MAX FLOW IS 1181066
make[1]: Leaving directory '/workspaces/fit-dp'
----------------------------------------
>>> RUNNING: input/data/punch/csv_format/punch-eu18-09-u.csv
make[1]: Entering directory '/workspaces/fit-dp'
export OMP_PROC_BIND=spread && export OMP_PLACES=threads && ./knfs
Parsed graph with 112231 vertices and 307540 edges. Source is 112229 and sink is 112230.
>> IO Time (CSV Read): 0.0655017 seconds.

Kokkos initialized on: N6Kokkos6OpenMPE
>> Graph Build & Init Time: 0.0978556 seconds.

[FINISHED] Total Iterations: 14770
>> Algorithm Runtime: 0.104463 seconds.
------------------------------------------
TOTAL Runtime (IO + Init + Algo): 0.267821 seconds.
MAX FLOW IS 203
make[1]: Leaving directory '/workspaces/fit-dp'
----------------------------------------
>>> RUNNING: input/data/punch/csv_format/punch-us18-01-u.csv
make[1]: Entering directory '/workspaces/fit-dp'
export OMP_PROC_BIND=spread && export OMP_PLACES=threads && ./knfs
Parsed graph with 86391 vertices and 231233 edges. Source is 86389 and sink is 86390.
>> IO Time (CSV Read): 0.0488063 seconds.

Kokkos initialized on: N6Kokkos6OpenMPE
>> Graph Build & Init Time: 0.0690339 seconds.

[FINISHED] Total Iterations: 16833
>> Algorithm Runtime: 0.108151 seconds.
------------------------------------------
TOTAL Runtime (IO + Init + Algo): 0.225992 seconds.
MAX FLOW IS 53
make[1]: Leaving directory '/workspaces/fit-dp'
----------------------------------------
>>> RUNNING: input/data/punch/csv_format/punch-eu20-07-u.csv
make[1]: Entering directory '/workspaces/fit-dp'
export OMP_PROC_BIND=spread && export OMP_PLACES=threads && ./knfs
Parsed graph with 525329 vertices and 1499790 edges. Source is 525327 and sink is 525328.
>> IO Time (CSV Read): 0.324057 seconds.

Kokkos initialized on: N6Kokkos6OpenMPE
>> Graph Build & Init Time: 0.539341 seconds.

[FINISHED] Total Iterations: 105423
>> Algorithm Runtime: 0.744345 seconds.
------------------------------------------
TOTAL Runtime (IO + Init + Algo): 1.60774 seconds.
MAX FLOW IS 356
make[1]: Leaving directory '/workspaces/fit-dp'
----------------------------------------
>>> RUNNING: input/data/punch/csv_format/punch-us20-04-u.csv
make[1]: Entering directory '/workspaces/fit-dp'
export OMP_PROC_BIND=spread && export OMP_PLACES=threads && ./knfs
Parsed graph with 414379 vertices and 1163771 edges. Source is 414377 and sink is 414378.
>> IO Time (CSV Read): 0.24625 seconds.

Kokkos initialized on: N6Kokkos6OpenMPE
>> Graph Build & Init Time: 0.411964 seconds.

[FINISHED] Total Iterations: 46489
>> Algorithm Runtime: 0.307427 seconds.
------------------------------------------
TOTAL Runtime (IO + Init + Algo): 0.965641 seconds.
MAX FLOW IS 38
make[1]: Leaving directory '/workspaces/fit-dp'
----------------------------------------
>>> RUNNING: input/data/punch/csv_format/punch-us20-07-u.csv
make[1]: Entering directory '/workspaces/fit-dp'
export OMP_PROC_BIND=spread && export OMP_PLACES=threads && ./knfs
Parsed graph with 415508 vertices and 1156279 edges. Source is 415506 and sink is 415507.
>> IO Time (CSV Read): 0.251786 seconds.

Kokkos initialized on: N6Kokkos6OpenMPE
>> Graph Build & Init Time: 0.417016 seconds.

[FINISHED] Total Iterations: 110100
>> Algorithm Runtime: 0.649424 seconds.
------------------------------------------
TOTAL Runtime (IO + Init + Algo): 1.31823 seconds.
MAX FLOW IS 73
make[1]: Leaving directory '/workspaces/fit-dp'
----------------------------------------
>>> RUNNING: input/data/punch/csv_format/punch-us20-01-p.csv
make[1]: Entering directory '/workspaces/fit-dp'
export OMP_PROC_BIND=spread && export OMP_PLACES=threads && ./knfs
Parsed graph with 445166 vertices and 1250535 edges. Source is 445164 and sink is 445165.
>> IO Time (CSV Read): 0.310315 seconds.

Kokkos initialized on: N6Kokkos6OpenMPE
>> Graph Build & Init Time: 0.430002 seconds.

[FINISHED] Total Iterations: 31538
>> Algorithm Runtime: 0.291146 seconds.
------------------------------------------
TOTAL Runtime (IO + Init + Algo): 1.03146 seconds.
MAX FLOW IS 460481
make[1]: Leaving directory '/workspaces/fit-dp'
----------------------------------------
>>> RUNNING: input/data/punch/csv_format/punch-us20-02-p.csv
make[1]: Entering directory '/workspaces/fit-dp'
export OMP_PROC_BIND=spread && export OMP_PLACES=threads && ./knfs
Parsed graph with 374410 vertices and 1023881 edges. Source is 374408 and sink is 374409.
>> IO Time (CSV Read): 0.24488 seconds.

Kokkos initialized on: N6Kokkos6OpenMPE
>> Graph Build & Init Time: 0.339345 seconds.

[FINISHED] Total Iterations: 54425
>> Algorithm Runtime: 0.406553 seconds.
------------------------------------------
TOTAL Runtime (IO + Init + Algo): 0.990779 seconds.
MAX FLOW IS 660743
make[1]: Leaving directory '/workspaces/fit-dp'
----------------------------------------
>>> RUNNING: input/data/punch/csv_format/punch-us20-10-p.csv
make[1]: Entering directory '/workspaces/fit-dp'
export OMP_PROC_BIND=spread && export OMP_PLACES=threads && ./knfs
Parsed graph with 385632 vertices and 1044787 edges. Source is 385630 and sink is 385631.
>> IO Time (CSV Read): 0.248303 seconds.

Kokkos initialized on: N6Kokkos6OpenMPE
>> Graph Build & Init Time: 0.337559 seconds.

[FINISHED] Total Iterations: 31621
>> Algorithm Runtime: 0.256362 seconds.
------------------------------------------
TOTAL Runtime (IO + Init + Algo): 0.842224 seconds.
MAX FLOW IS 720537
make[1]: Leaving directory '/workspaces/fit-dp'
----------------------------------------
>>> RUNNING: input/data/punch/csv_format/punch-us22-07-p.csv
make[1]: Entering directory '/workspaces/fit-dp'
export OMP_PROC_BIND=spread && export OMP_PLACES=threads && ./knfs
Parsed graph with 1837712 vertices and 5165173 edges. Source is 1837710 and sink is 1837711.
>> IO Time (CSV Read): 1.2865 seconds.

Kokkos initialized on: N6Kokkos6OpenMPE
>> Graph Build & Init Time: 1.89345 seconds.

[FINISHED] Total Iterations: 88791
>> Algorithm Runtime: 1.36657 seconds.
------------------------------------------
TOTAL Runtime (IO + Init + Algo): 4.54651 seconds.
MAX FLOW IS 2432776
make[1]: Leaving directory '/workspaces/fit-dp'
----------------------------------------
>>> RUNNING: input/data/punch/csv_format/punch-eu18-01-p.csv
make[1]: Entering directory '/workspaces/fit-dp'
export OMP_PROC_BIND=spread && export OMP_PLACES=threads && ./knfs
Parsed graph with 149092 vertices and 423755 edges. Source is 149090 and sink is 149091.
>> IO Time (CSV Read): 0.103345 seconds.

Kokkos initialized on: N6Kokkos6OpenMPE
>> Graph Build & Init Time: 0.135048 seconds.

[FINISHED] Total Iterations: 9211
>> Algorithm Runtime: 0.115252 seconds.
------------------------------------------
TOTAL Runtime (IO + Init + Algo): 0.353646 seconds.
MAX FLOW IS 1672263
make[1]: Leaving directory '/workspaces/fit-dp'
----------------------------------------
>>> RUNNING: input/data/punch/csv_format/punch-eu22-02-p.csv
make[1]: Entering directory '/workspaces/fit-dp'
export OMP_PROC_BIND=spread && export OMP_PLACES=threads && ./knfs
Parsed graph with 1951812 vertices and 5428445 edges. Source is 1951810 and sink is 1951811.
>> IO Time (CSV Read): 1.34605 seconds.

Kokkos initialized on: N6Kokkos6OpenMPE
>> Graph Build & Init Time: 2.01827 seconds.

[FINISHED] Total Iterations: 316441
>> Algorithm Runtime: 2.68421 seconds.
------------------------------------------
TOTAL Runtime (IO + Init + Algo): 6.04854 seconds.
MAX FLOW IS 3444225
make[1]: Leaving directory '/workspaces/fit-dp'
----------------------------------------
>>> RUNNING: input/data/punch/csv_format/punch-eu18-05-p.csv
make[1]: Entering directory '/workspaces/fit-dp'
export OMP_PROC_BIND=spread && export OMP_PLACES=threads && ./knfs
Parsed graph with 154940 vertices and 445647 edges. Source is 154938 and sink is 154939.
>> IO Time (CSV Read): 0.108849 seconds.

Kokkos initialized on: N6Kokkos6OpenMPE
>> Graph Build & Init Time: 0.145596 seconds.

[FINISHED] Total Iterations: 11938
>> Algorithm Runtime: 0.115792 seconds.
------------------------------------------
TOTAL Runtime (IO + Init + Algo): 0.370237 seconds.
MAX FLOW IS 1341717
make[1]: Leaving directory '/workspaces/fit-dp'
----------------------------------------
>>> RUNNING: input/data/punch/csv_format/punch-us22-01-p.csv
make[1]: Entering directory '/workspaces/fit-dp'
export OMP_PROC_BIND=spread && export OMP_PLACES=threads && ./knfs
Parsed graph with 1605683 vertices and 4486347 edges. Source is 1605681 and sink is 1605682.
>> IO Time (CSV Read): 1.11511 seconds.

Kokkos initialized on: N6Kokkos6OpenMPE
>> Graph Build & Init Time: 1.49875 seconds.

[FINISHED] Total Iterations: 67934
>> Algorithm Runtime: 1.2857 seconds.
------------------------------------------
TOTAL Runtime (IO + Init + Algo): 3.89956 seconds.
MAX FLOW IS 460374
make[1]: Leaving directory '/workspaces/fit-dp'
----------------------------------------
>>> RUNNING: input/data/punch/csv_format/punch-us22-03-u.csv
make[1]: Entering directory '/workspaces/fit-dp'
export OMP_PROC_BIND=spread && export OMP_PLACES=threads && ./knfs
Parsed graph with 1647016 vertices and 4560753 edges. Source is 1647014 and sink is 1647015.
>> IO Time (CSV Read): 1.05208 seconds.

Kokkos initialized on: N6Kokkos6OpenMPE
>> Graph Build & Init Time: 1.67179 seconds.

[FINISHED] Total Iterations: 355929
>> Algorithm Runtime: 2.23563 seconds.
------------------------------------------
TOTAL Runtime (IO + Init + Algo): 4.9595 seconds.
MAX FLOW IS 164
make[1]: Leaving directory '/workspaces/fit-dp'
----------------------------------------
>>> RUNNING: input/data/punch/csv_format/punch-eu18-07-p.csv
make[1]: Entering directory '/workspaces/fit-dp'
export OMP_PROC_BIND=spread && export OMP_PLACES=threads && ./knfs
Parsed graph with 127746 vertices and 356758 edges. Source is 127744 and sink is 127745.
>> IO Time (CSV Read): 0.0874636 seconds.

Kokkos initialized on: N6Kokkos6OpenMPE
>> Graph Build & Init Time: 0.13025 seconds.

[FINISHED] Total Iterations: 2084
>> Algorithm Runtime: 0.0239906 seconds.
------------------------------------------
TOTAL Runtime (IO + Init + Algo): 0.241704 seconds.
MAX FLOW IS 340506
make[1]: Leaving directory '/workspaces/fit-dp'
----------------------------------------
>>> RUNNING: input/data/punch/csv_format/punch-us22-04-u.csv
make[1]: Entering directory '/workspaces/fit-dp'
export OMP_PROC_BIND=spread && export OMP_PLACES=threads && ./knfs
Parsed graph with 1453331 vertices and 3960640 edges. Source is 1453329 and sink is 1453330.
>> IO Time (CSV Read): 0.850456 seconds.

Kokkos initialized on: N6Kokkos6OpenMPE
>> Graph Build & Init Time: 1.39553 seconds.

[FINISHED] Total Iterations: 2117760
>> Algorithm Runtime: 11.1508 seconds.
------------------------------------------
TOTAL Runtime (IO + Init + Algo): 13.3968 seconds.
MAX FLOW IS 21
make[1]: Leaving directory '/workspaces/fit-dp'
----------------------------------------
>>> RUNNING: input/data/punch/csv_format/punch-eu20-04-p.csv
make[1]: Entering directory '/workspaces/fit-dp'
export OMP_PROC_BIND=spread && export OMP_PLACES=threads && ./knfs
Parsed graph with 600602 vertices and 1685615 edges. Source is 600600 and sink is 600601.
>> IO Time (CSV Read): 0.410191 seconds.

Kokkos initialized on: N6Kokkos6OpenMPE
>> Graph Build & Init Time: 0.609878 seconds.

[FINISHED] Total Iterations: 15953
>> Algorithm Runtime: 0.459496 seconds.
------------------------------------------
TOTAL Runtime (IO + Init + Algo): 1.47956 seconds.
MAX FLOW IS 1822347
make[1]: Leaving directory '/workspaces/fit-dp'
----------------------------------------
>>> RUNNING: input/data/punch/csv_format/punch-eu22-06-p.csv
make[1]: Entering directory '/workspaces/fit-dp'
export OMP_PROC_BIND=spread && export OMP_PLACES=threads && ./knfs
Parsed graph with 2151438 vertices and 6102474 edges. Source is 2151436 and sink is 2151437.
>> IO Time (CSV Read): 1.52062 seconds.

Kokkos initialized on: N6Kokkos6OpenMPE
>> Graph Build & Init Time: 2.20652 seconds.

[FINISHED] Total Iterations: 42039
>> Algorithm Runtime: 1.26732 seconds.
------------------------------------------
TOTAL Runtime (IO + Init + Algo): 4.99446 seconds.
MAX FLOW IS 3143896
make[1]: Leaving directory '/workspaces/fit-dp'
----------------------------------------
>>> RUNNING: input/data/punch/csv_format/punch-us18-08-u.csv
make[1]: Entering directory '/workspaces/fit-dp'
export OMP_PROC_BIND=spread && export OMP_PLACES=threads && ./knfs
Parsed graph with 128583 vertices and 367807 edges. Source is 128581 and sink is 128582.
>> IO Time (CSV Read): 0.0803679 seconds.

Kokkos initialized on: N6Kokkos6OpenMPE
>> Graph Build & Init Time: 0.116516 seconds.

[FINISHED] Total Iterations: 154830
>> Algorithm Runtime: 0.817796 seconds.
------------------------------------------
TOTAL Runtime (IO + Init + Algo): 1.01468 seconds.
MAX FLOW IS 80
make[1]: Leaving directory '/workspaces/fit-dp'
----------------------------------------
>>> RUNNING: input/data/punch/csv_format/punch-eu18-05-u.csv
make[1]: Entering directory '/workspaces/fit-dp'
export OMP_PROC_BIND=spread && export OMP_PLACES=threads && ./knfs
Parsed graph with 154940 vertices and 445647 edges. Source is 154938 and sink is 154939.
>> IO Time (CSV Read): 0.0952979 seconds.

Kokkos initialized on: N6Kokkos6OpenMPE
>> Graph Build & Init Time: 0.146221 seconds.

[FINISHED] Total Iterations: 310325
>> Algorithm Runtime: 1.63666 seconds.
------------------------------------------
TOTAL Runtime (IO + Init + Algo): 1.87818 seconds.
MAX FLOW IS 134
make[1]: Leaving directory '/workspaces/fit-dp'
----------------------------------------
>>> RUNNING: input/data/punch/csv_format/punch-us22-10-p.csv
make[1]: Entering directory '/workspaces/fit-dp'
export OMP_PROC_BIND=spread && export OMP_PLACES=threads && ./knfs
Parsed graph with 1674084 vertices and 4718690 edges. Source is 1674082 and sink is 1674083.
>> IO Time (CSV Read): 1.19427 seconds.

Kokkos initialized on: N6Kokkos6OpenMPE
>> Graph Build & Init Time: 1.56889 seconds.

[FINISHED] Total Iterations: 35031
>> Algorithm Runtime: 0.903106 seconds.
------------------------------------------
TOTAL Runtime (IO + Init + Algo): 3.66627 seconds.
MAX FLOW IS 600678
make[1]: Leaving directory '/workspaces/fit-dp'
----------------------------------------
>>> RUNNING: input/data/punch/csv_format/punch-us18-08-p.csv
make[1]: Entering directory '/workspaces/fit-dp'
export OMP_PROC_BIND=spread && export OMP_PLACES=threads && ./knfs
Parsed graph with 128583 vertices and 367807 edges. Source is 128581 and sink is 128582.
>> IO Time (CSV Read): 0.0877208 seconds.

Kokkos initialized on: N6Kokkos6OpenMPE
>> Graph Build & Init Time: 0.117057 seconds.

[FINISHED] Total Iterations: 7118
>> Algorithm Runtime: 0.0701031 seconds.
------------------------------------------
TOTAL Runtime (IO + Init + Algo): 0.27488 seconds.
MAX FLOW IS 800884
make[1]: Leaving directory '/workspaces/fit-dp'
----------------------------------------
>>> RUNNING: input/data/punch/csv_format/punch-us22-08-p.csv
make[1]: Entering directory '/workspaces/fit-dp'
export OMP_PROC_BIND=spread && export OMP_PLACES=threads && ./knfs
Parsed graph with 1837657 vertices and 5139209 edges. Source is 1837655 and sink is 1837656.
>> IO Time (CSV Read): 1.27968 seconds.

Kokkos initialized on: N6Kokkos6OpenMPE
>> Graph Build & Init Time: 1.85249 seconds.

[FINISHED] Total Iterations: 136230
>> Algorithm Runtime: 1.54237 seconds.
------------------------------------------
TOTAL Runtime (IO + Init + Algo): 4.67455 seconds.
MAX FLOW IS 1641830
make[1]: Leaving directory '/workspaces/fit-dp'
----------------------------------------
>>> RUNNING: input/data/punch/csv_format/punch-us22-09-u.csv
make[1]: Entering directory '/workspaces/fit-dp'
export OMP_PROC_BIND=spread && export OMP_PLACES=threads && ./knfs
Parsed graph with 1684311 vertices and 4714830 edges. Source is 1684309 and sink is 1684310.
>> IO Time (CSV Read): 1.07525 seconds.

Kokkos initialized on: N6Kokkos6OpenMPE
>> Graph Build & Init Time: 1.69523 seconds.

[FINISHED] Total Iterations: 2505716
>> Algorithm Runtime: 13.1851 seconds.
------------------------------------------
TOTAL Runtime (IO + Init + Algo): 15.9556 seconds.
MAX FLOW IS 107
make[1]: Leaving directory '/workspaces/fit-dp'
----------------------------------------
>>> RUNNING: input/data/punch/csv_format/punch-us22-04-p.csv
make[1]: Entering directory '/workspaces/fit-dp'
export OMP_PROC_BIND=spread && export OMP_PLACES=threads && ./knfs
Parsed graph with 1453331 vertices and 3960640 edges. Source is 1453329 and sink is 1453330.
>> IO Time (CSV Read): 0.943657 seconds.

Kokkos initialized on: N6Kokkos6OpenMPE
>> Graph Build & Init Time: 1.40339 seconds.

[FINISHED] Total Iterations: 37697
>> Algorithm Runtime: 0.561007 seconds.
------------------------------------------
TOTAL Runtime (IO + Init + Algo): 2.90805 seconds.
MAX FLOW IS 210327
make[1]: Leaving directory '/workspaces/fit-dp'
----------------------------------------
>>> RUNNING: input/data/punch/csv_format/punch-us18-01-p.csv
make[1]: Entering directory '/workspaces/fit-dp'
export OMP_PROC_BIND=spread && export OMP_PLACES=threads && ./knfs
Parsed graph with 86391 vertices and 231233 edges. Source is 86389 and sink is 86390.
>> IO Time (CSV Read): 0.0544488 seconds.

Kokkos initialized on: N6Kokkos6OpenMPE
>> Graph Build & Init Time: 0.0687403 seconds.

[FINISHED] Total Iterations: 3182
>> Algorithm Runtime: 0.0302428 seconds.
------------------------------------------
TOTAL Runtime (IO + Init + Algo): 0.153432 seconds.
MAX FLOW IS 530568
make[1]: Leaving directory '/workspaces/fit-dp'
----------------------------------------
>>> RUNNING: input/data/punch/csv_format/punch-us20-02-u.csv
make[1]: Entering directory '/workspaces/fit-dp'
export OMP_PROC_BIND=spread && export OMP_PLACES=threads && ./knfs
Parsed graph with 374410 vertices and 1023881 edges. Source is 374408 and sink is 374409.
>> IO Time (CSV Read): 0.216258 seconds.

Kokkos initialized on: N6Kokkos6OpenMPE
>> Graph Build & Init Time: 0.339506 seconds.

[FINISHED] Total Iterations: 74929
>> Algorithm Runtime: 0.408796 seconds.
------------------------------------------
TOTAL Runtime (IO + Init + Algo): 0.964561 seconds.
MAX FLOW IS 66
make[1]: Leaving directory '/workspaces/fit-dp'
----------------------------------------
>>> RUNNING: input/data/punch/csv_format/punch-eu20-04-u.csv
make[1]: Entering directory '/workspaces/fit-dp'
export OMP_PROC_BIND=spread && export OMP_PLACES=threads && ./knfs
Parsed graph with 600602 vertices and 1685615 edges. Source is 600600 and sink is 600601.
>> IO Time (CSV Read): 0.358033 seconds.

Kokkos initialized on: N6Kokkos6OpenMPE
>> Graph Build & Init Time: 0.607533 seconds.

[FINISHED] Total Iterations: 175284
>> Algorithm Runtime: 1.10074 seconds.
------------------------------------------
TOTAL Runtime (IO + Init + Algo): 2.06631 seconds.
MAX FLOW IS 182
make[1]: Leaving directory '/workspaces/fit-dp'
----------------------------------------
>>> RUNNING: input/data/punch/csv_format/punch-us20-09-u.csv
make[1]: Entering directory '/workspaces/fit-dp'
export OMP_PROC_BIND=spread && export OMP_PLACES=threads && ./knfs
Parsed graph with 292215 vertices and 765002 edges. Source is 292213 and sink is 292214.
>> IO Time (CSV Read): 0.161847 seconds.

Kokkos initialized on: N6Kokkos6OpenMPE
>> Graph Build & Init Time: 0.262044 seconds.

[FINISHED] Total Iterations: 117327
>> Algorithm Runtime: 0.734939 seconds.
------------------------------------------
TOTAL Runtime (IO + Init + Algo): 1.15883 seconds.
MAX FLOW IS 118
make[1]: Leaving directory '/workspaces/fit-dp'
----------------------------------------
>>> RUNNING: input/data/punch/csv_format/punch-eu22-01-p.csv
make[1]: Entering directory '/workspaces/fit-dp'
export OMP_PROC_BIND=spread && export OMP_PLACES=threads && ./knfs
Parsed graph with 1965433 vertices and 5495281 edges. Source is 1965431 and sink is 1965432.
>> IO Time (CSV Read): 1.37009 seconds.

Kokkos initialized on: N6Kokkos6OpenMPE
>> Graph Build & Init Time: 2.02827 seconds.

[FINISHED] Total Iterations: 187844
>> Algorithm Runtime: 1.9557 seconds.
------------------------------------------
TOTAL Runtime (IO + Init + Algo): 5.35406 seconds.
MAX FLOW IS 2963357
make[1]: Leaving directory '/workspaces/fit-dp'
----------------------------------------
>>> RUNNING: input/data/punch/csv_format/punch-us20-06-p.csv
make[1]: Entering directory '/workspaces/fit-dp'
export OMP_PROC_BIND=spread && export OMP_PLACES=threads && ./knfs
Parsed graph with 329054 vertices and 882622 edges. Source is 329052 and sink is 329053.
>> IO Time (CSV Read): 0.213987 seconds.

Kokkos initialized on: N6Kokkos6OpenMPE
>> Graph Build & Init Time: 0.314411 seconds.

[FINISHED] Total Iterations: 11354
>> Algorithm Runtime: 0.147794 seconds.
------------------------------------------
TOTAL Runtime (IO + Init + Algo): 0.676193 seconds.
MAX FLOW IS 620636
make[1]: Leaving directory '/workspaces/fit-dp'
----------------------------------------
>>> RUNNING: input/data/punch/csv_format/punch-eu22-03-p.csv
make[1]: Entering directory '/workspaces/fit-dp'
export OMP_PROC_BIND=spread && export OMP_PLACES=threads && ./knfs
Parsed graph with 650304 vertices and 1806674 edges. Source is 650302 and sink is 650303.
>> IO Time (CSV Read): 0.431843 seconds.

Kokkos initialized on: N6Kokkos6OpenMPE
>> Graph Build & Init Time: 0.634718 seconds.

[FINISHED] Total Iterations: 126389
>> Algorithm Runtime: 0.896369 seconds.
------------------------------------------
TOTAL Runtime (IO + Init + Algo): 1.96293 seconds.
MAX FLOW IS 2272665
make[1]: Leaving directory '/workspaces/fit-dp'
----------------------------------------
>>> RUNNING: input/data/punch/csv_format/punch-us20-10-u.csv
make[1]: Entering directory '/workspaces/fit-dp'
export OMP_PROC_BIND=spread && export OMP_PLACES=threads && ./knfs
Parsed graph with 385632 vertices and 1044787 edges. Source is 385630 and sink is 385631.
>> IO Time (CSV Read): 0.216482 seconds.

Kokkos initialized on: N6Kokkos6OpenMPE
>> Graph Build & Init Time: 0.340002 seconds.

[FINISHED] Total Iterations: 124424
>> Algorithm Runtime: 0.662237 seconds.
------------------------------------------
TOTAL Runtime (IO + Init + Algo): 1.21872 seconds.
MAX FLOW IS 72
make[1]: Leaving directory '/workspaces/fit-dp'
----------------------------------------
>>> RUNNING: input/data/punch/csv_format/punch-us22-09-p.csv
make[1]: Entering directory '/workspaces/fit-dp'
export OMP_PROC_BIND=spread && export OMP_PLACES=threads && ./knfs
Parsed graph with 1684311 vertices and 4714830 edges. Source is 1684309 and sink is 1684310.
>> IO Time (CSV Read): 1.166 seconds.

Kokkos initialized on: N6Kokkos6OpenMPE
>> Graph Build & Init Time: 1.65766 seconds.

[FINISHED] Total Iterations: 56084
>> Algorithm Runtime: 1.15041 seconds.
------------------------------------------
TOTAL Runtime (IO + Init + Algo): 3.97406 seconds.
MAX FLOW IS 1070999
make[1]: Leaving directory '/workspaces/fit-dp'
----------------------------------------
>>> RUNNING: input/data/punch/csv_format/punch-eu22-06-u.csv
make[1]: Entering directory '/workspaces/fit-dp'
export OMP_PROC_BIND=spread && export OMP_PLACES=threads && ./knfs
Parsed graph with 2151438 vertices and 6102474 edges. Source is 2151436 and sink is 2151437.
>> IO Time (CSV Read): 1.3709 seconds.

Kokkos initialized on: N6Kokkos6OpenMPE
>> Graph Build & Init Time: 2.21727 seconds.

[FINISHED] Total Iterations: 261629
>> Algorithm Runtime: 2.13644 seconds.
------------------------------------------
TOTAL Runtime (IO + Init + Algo): 5.72461 seconds.
MAX FLOW IS 314
make[1]: Leaving directory '/workspaces/fit-dp'
----------------------------------------
>>> RUNNING: input/data/punch/csv_format/punch-us18-03-u.csv
make[1]: Entering directory '/workspaces/fit-dp'
export OMP_PROC_BIND=spread && export OMP_PLACES=threads && ./knfs
Parsed graph with 128746 vertices and 373708 edges. Source is 128744 and sink is 128745.
>> IO Time (CSV Read): 0.0802281 seconds.

Kokkos initialized on: N6Kokkos6OpenMPE
>> Graph Build & Init Time: 0.129097 seconds.

[FINISHED] Total Iterations: 32045
>> Algorithm Runtime: 0.174167 seconds.
------------------------------------------
TOTAL Runtime (IO + Init + Algo): 0.383492 seconds.
MAX FLOW IS 120
make[1]: Leaving directory '/workspaces/fit-dp'
----------------------------------------
>>> RUNNING: input/data/punch/csv_format/punch-us20-05-u.csv
make[1]: Entering directory '/workspaces/fit-dp'
export OMP_PROC_BIND=spread && export OMP_PLACES=threads && ./knfs
Parsed graph with 433812 vertices and 1245648 edges. Source is 433810 and sink is 433811.
>> IO Time (CSV Read): 0.264592 seconds.

Kokkos initialized on: N6Kokkos6OpenMPE
>> Graph Build & Init Time: 0.435345 seconds.

[FINISHED] Total Iterations: 75943
>> Algorithm Runtime: 0.578855 seconds.
------------------------------------------
TOTAL Runtime (IO + Init + Algo): 1.27879 seconds.
MAX FLOW IS 90
make[1]: Leaving directory '/workspaces/fit-dp'
----------------------------------------
>>> RUNNING: input/data/punch/csv_format/punch-eu20-06-p.csv
make[1]: Entering directory '/workspaces/fit-dp'
export OMP_PROC_BIND=spread && export OMP_PLACES=threads && ./knfs
Parsed graph with 451020 vertices and 1263561 edges. Source is 451018 and sink is 451019.
>> IO Time (CSV Read): 0.31156 seconds.

Kokkos initialized on: N6Kokkos6OpenMPE
>> Graph Build & Init Time: 0.461298 seconds.

[FINISHED] Total Iterations: 14197
>> Algorithm Runtime: 0.23011 seconds.
------------------------------------------
TOTAL Runtime (IO + Init + Algo): 1.00297 seconds.
MAX FLOW IS 820802
make[1]: Leaving directory '/workspaces/fit-dp'
----------------------------------------
>>> RUNNING: input/data/punch/csv_format/punch-us20-05-p.csv
make[1]: Entering directory '/workspaces/fit-dp'
export OMP_PROC_BIND=spread && export OMP_PLACES=threads && ./knfs
Parsed graph with 433812 vertices and 1245648 edges. Source is 433810 and sink is 433811.
>> IO Time (CSV Read): 0.308924 seconds.

Kokkos initialized on: N6Kokkos6OpenMPE
>> Graph Build & Init Time: 0.436205 seconds.

[FINISHED] Total Iterations: 12158
>> Algorithm Runtime: 0.260958 seconds.
------------------------------------------
TOTAL Runtime (IO + Init + Algo): 1.00609 seconds.
MAX FLOW IS 900894
make[1]: Leaving directory '/workspaces/fit-dp'
----------------------------------------
>>> RUNNING: input/data/punch/csv_format/punch-eu20-07-p.csv
make[1]: Entering directory '/workspaces/fit-dp'
export OMP_PROC_BIND=spread && export OMP_PLACES=threads && ./knfs
Parsed graph with 525329 vertices and 1499790 edges. Source is 525327 and sink is 525328.
>> IO Time (CSV Read): 0.367243 seconds.

Kokkos initialized on: N6Kokkos6OpenMPE
>> Graph Build & Init Time: 0.534434 seconds.

[FINISHED] Total Iterations: 103336
>> Algorithm Runtime: 0.765453 seconds.
------------------------------------------
TOTAL Runtime (IO + Init + Algo): 1.66713 seconds.
MAX FLOW IS 3564424
make[1]: Leaving directory '/workspaces/fit-dp'
----------------------------------------
>>> RUNNING: input/data/punch/csv_format/punch-eu18-06-p.csv
make[1]: Entering directory '/workspaces/fit-dp'
export OMP_PROC_BIND=spread && export OMP_PLACES=threads && ./knfs
Parsed graph with 151080 vertices and 421220 edges. Source is 151078 and sink is 151079.
>> IO Time (CSV Read): 0.102288 seconds.

Kokkos initialized on: N6Kokkos6OpenMPE
>> Graph Build & Init Time: 0.131767 seconds.

[FINISHED] Total Iterations: 5190
>> Algorithm Runtime: 0.0562919 seconds.
------------------------------------------
TOTAL Runtime (IO + Init + Algo): 0.290347 seconds.
MAX FLOW IS 1551806
make[1]: Leaving directory '/workspaces/fit-dp'
----------------------------------------
>>> RUNNING: input/data/punch/csv_format/punch-us22-10-u.csv
make[1]: Entering directory '/workspaces/fit-dp'
export OMP_PROC_BIND=spread && export OMP_PLACES=threads && ./knfs
Parsed graph with 1674084 vertices and 4718690 edges. Source is 1674082 and sink is 1674083.
>> IO Time (CSV Read): 1.07715 seconds.

Kokkos initialized on: N6Kokkos6OpenMPE
>> Graph Build & Init Time: 1.55109 seconds.

[FINISHED] Total Iterations: 1046624
>> Algorithm Runtime: 5.99236 seconds.
------------------------------------------
TOTAL Runtime (IO + Init + Algo): 8.6206 seconds.
MAX FLOW IS 60
make[1]: Leaving directory '/workspaces/fit-dp'
----------------------------------------
>>> RUNNING: input/data/3Dseg/csv_format/bone_subxyz.n6c10.max.csv
make[1]: Entering directory '/workspaces/fit-dp'
export OMP_PROC_BIND=spread && export OMP_PLACES=threads && ./knfs
Parsed graph with 983044 vertices and 5734538 edges. Source is 983042 and sink is 983043.
>> IO Time (CSV Read): 1.34536 seconds.

Kokkos initialized on: N6Kokkos6OpenMPE
>> Graph Build & Init Time: 1.86549 seconds.

[FINISHED] Total Iterations: 2854
>> Algorithm Runtime: 0.259867 seconds.
------------------------------------------
TOTAL Runtime (IO + Init + Algo): 3.47072 seconds.
MAX FLOW IS 8014
make[1]: Leaving directory '/workspaces/fit-dp'
----------------------------------------
>>> RUNNING: input/data/3Dseg/csv_format/bone_subx.n26c100.max.csv
make[1]: Entering directory '/workspaces/fit-dp'
export OMP_PROC_BIND=spread && export OMP_PLACES=threads && ./knfs
Parsed graph with 3899396 vertices and 63267169 edges. Source is 3899394 and sink is 3899395.
>> IO Time (CSV Read): 15.1711 seconds.

Kokkos initialized on: N6Kokkos6OpenMPE
>> Graph Build & Init Time: 37.059 seconds.

[FINISHED] Total Iterations: 1487
>> Algorithm Runtime: 2.16117 seconds.
------------------------------------------
TOTAL Runtime (IO + Init + Algo): 54.3912 seconds.
MAX FLOW IS 353920
make[1]: Leaving directory '/workspaces/fit-dp'
----------------------------------------
>>> RUNNING: input/data/3Dseg/csv_format/liver.n6c100.max.csv
make[1]: Entering directory '/workspaces/fit-dp'
export OMP_PROC_BIND=spread && export OMP_PLACES=threads && ./knfs
Parsed graph with 4161604 vertices and 22008003 edges. Source is 4161602 and sink is 4161603.
>> IO Time (CSV Read): 5.22585 seconds.

Kokkos initialized on: N6Kokkos6OpenMPE
>> Graph Build & Init Time: 8.11997 seconds.

[FINISHED] Total Iterations: 4762
>> Algorithm Runtime: 2.90112 seconds.
------------------------------------------
TOTAL Runtime (IO + Init + Algo): 16.2469 seconds.
MAX FLOW IS 625447
make[1]: Leaving directory '/workspaces/fit-dp'
----------------------------------------
>>> RUNNING: input/data/3Dseg/csv_format/bone_subxyz.n26c10.max.csv
make[1]: Entering directory '/workspaces/fit-dp'
export OMP_PROC_BIND=spread && export OMP_PLACES=threads && ./knfs
Parsed graph with 983044 vertices and 15690873 edges. Source is 983042 and sink is 983043.
>> IO Time (CSV Read): 3.41067 seconds.

Kokkos initialized on: N6Kokkos6OpenMPE
>> Graph Build & Init Time: 8.83071 seconds.

[FINISHED] Total Iterations: 1255
>> Algorithm Runtime: 0.267032 seconds.
------------------------------------------
TOTAL Runtime (IO + Init + Algo): 12.5084 seconds.
MAX FLOW IS 8773
make[1]: Leaving directory '/workspaces/fit-dp'
----------------------------------------
>>> RUNNING: input/data/3Dseg/csv_format/babyface.n6c100.max.csv
make[1]: Entering directory '/workspaces/fit-dp'
export OMP_PROC_BIND=spread && export OMP_PLACES=threads && ./knfs
Parsed graph with 5062504 vertices and 29044746 edges. Source is 5062502 and sink is 5062503.
>> IO Time (CSV Read): 6.90521 seconds.

Kokkos initialized on: N6Kokkos6OpenMPE
>> Graph Build & Init Time: 10.2605 seconds.

[FINISHED] Total Iterations: 6217
>> Algorithm Runtime: 4.73734 seconds.
------------------------------------------
TOTAL Runtime (IO + Init + Algo): 21.9031 seconds.
MAX FLOW IS 222943
make[1]: Leaving directory '/workspaces/fit-dp'
----------------------------------------
>>> RUNNING: input/data/3Dseg/csv_format/bone_subxyz.n26c100.max.csv
make[1]: Entering directory '/workspaces/fit-dp'
export OMP_PROC_BIND=spread && export OMP_PLACES=threads && ./knfs
Parsed graph with 983044 vertices and 15732851 edges. Source is 983042 and sink is 983043.
>> IO Time (CSV Read): 3.72314 seconds.

Kokkos initialized on: N6Kokkos6OpenMPE
>> Graph Build & Init Time: 8.76888 seconds.

[FINISHED] Total Iterations: 1041
>> Algorithm Runtime: 0.26612 seconds.
------------------------------------------
TOTAL Runtime (IO + Init + Algo): 12.7581 seconds.
MAX FLOW IS 98148
make[1]: Leaving directory '/workspaces/fit-dp'
----------------------------------------
>>> RUNNING: input/data/3Dseg/csv_format/bone_subxy.n26c10.max.csv
make[1]: Entering directory '/workspaces/fit-dp'
export OMP_PROC_BIND=spread && export OMP_PLACES=threads && ./knfs
Parsed graph with 1949700 vertices and 31376235 edges. Source is 1949698 and sink is 1949699.
>> IO Time (CSV Read): 7.33339 seconds.

Kokkos initialized on: N6Kokkos6OpenMPE
>> Graph Build & Init Time: 17.8771 seconds.

[FINISHED] Total Iterations: 1754
>> Algorithm Runtime: 0.890341 seconds.
------------------------------------------
TOTAL Runtime (IO + Init + Algo): 26.1009 seconds.
MAX FLOW IS 17292
make[1]: Leaving directory '/workspaces/fit-dp'
----------------------------------------
>>> RUNNING: input/data/3Dseg/csv_format/bone_subxyz_subx.n26c10.max.csv
make[1]: Entering directory '/workspaces/fit-dp'
export OMP_PROC_BIND=spread && export OMP_PLACES=threads && ./knfs
Parsed graph with 491524 vertices and 7792715 edges. Source is 491522 and sink is 491523.
>> IO Time (CSV Read): 1.73146 seconds.

Kokkos initialized on: N6Kokkos6OpenMPE
>> Graph Build & Init Time: 4.20156 seconds.

[FINISHED] Total Iterations: 1275
>> Algorithm Runtime: 0.12573 seconds.
------------------------------------------
TOTAL Runtime (IO + Init + Algo): 6.05875 seconds.
MAX FLOW IS 5798
make[1]: Leaving directory '/workspaces/fit-dp'
----------------------------------------
>>> RUNNING: input/data/3Dseg/csv_format/bone_subx.n26c10.max.csv
make[1]: Entering directory '/workspaces/fit-dp'
export OMP_PROC_BIND=spread && export OMP_PLACES=threads && ./knfs
Parsed graph with 3899396 vertices and 1241149 edges. Source is 3899394 and sink is 3899395.
>> IO Time (CSV Read): 0.2833 seconds.

Kokkos initialized on: N6Kokkos6OpenMPE
>> Graph Build & Init Time: 0.811784 seconds.

[FINISHED] Total Iterations: 3
>> Algorithm Runtime: 5.3403e-05 seconds.
------------------------------------------
TOTAL Runtime (IO + Init + Algo): 1.09514 seconds.
MAX FLOW IS 0
make[1]: Leaving directory '/workspaces/fit-dp'
----------------------------------------
>>> RUNNING: input/data/3Dseg/csv_format/bone.n6c10.max.csv
make[1]: Entering directory '/workspaces/fit-dp'
export OMP_PROC_BIND=spread && export OMP_PLACES=threads && ./knfs
Parsed graph with 7798788 vertices and 45106386 edges. Source is 7798786 and sink is 7798787.
>> IO Time (CSV Read): 10.9945 seconds.

Kokkos initialized on: N6Kokkos6OpenMPE
>> Graph Build & Init Time: 16.392 seconds.

[FINISHED] Total Iterations: 85648
>> Algorithm Runtime: 2.34451 seconds.
------------------------------------------
TOTAL Runtime (IO + Init + Algo): 29.731 seconds.
MAX FLOW IS 5454
make[1]: Leaving directory '/workspaces/fit-dp'
----------------------------------------
>>> RUNNING: input/data/3Dseg/csv_format/bone_subxyz_subx.n26c100.max.csv
make[1]: Entering directory '/workspaces/fit-dp'
export OMP_PROC_BIND=spread && export OMP_PLACES=threads && ./knfs
Parsed graph with 491524 vertices and 7816838 edges. Source is 491522 and sink is 491523.
>> IO Time (CSV Read): 1.83999 seconds.

Kokkos initialized on: N6Kokkos6OpenMPE
>> Graph Build & Init Time: 4.14533 seconds.

[FINISHED] Total Iterations: 714
>> Algorithm Runtime: 0.124453 seconds.
------------------------------------------
TOTAL Runtime (IO + Init + Algo): 6.10977 seconds.
MAX FLOW IS 64037
make[1]: Leaving directory '/workspaces/fit-dp'
----------------------------------------
>>> RUNNING: input/data/3Dseg/csv_format/bone_subxyz_subx.n6c100.max.csv
make[1]: Entering directory '/workspaces/fit-dp'
export OMP_PROC_BIND=spread && export OMP_PLACES=threads && ./knfs
Parsed graph with 491524 vertices and 2877382 edges. Source is 491522 and sink is 491523.
>> IO Time (CSV Read): 0.691691 seconds.

Kokkos initialized on: N6Kokkos6OpenMPE
>> Graph Build & Init Time: 0.92686 seconds.

[FINISHED] Total Iterations: 2430
>> Algorithm Runtime: 0.0919749 seconds.
------------------------------------------
TOTAL Runtime (IO + Init + Algo): 1.71053 seconds.
MAX FLOW IS 56552
make[1]: Leaving directory '/workspaces/fit-dp'
----------------------------------------
>>> RUNNING: input/data/3Dseg/csv_format/babyface.n6c10.max.csv
make[1]: Entering directory '/workspaces/fit-dp'
export OMP_PROC_BIND=spread && export OMP_PLACES=threads && ./knfs
Parsed graph with 5062504 vertices and 28189542 edges. Source is 5062502 and sink is 5062503.
>> IO Time (CSV Read): 6.69733 seconds.

Kokkos initialized on: N6Kokkos6OpenMPE
>> Graph Build & Init Time: 10.1989 seconds.

[FINISHED] Total Iterations: 8097
>> Algorithm Runtime: 4.13368 seconds.
------------------------------------------
TOTAL Runtime (IO + Init + Algo): 21.0299 seconds.
MAX FLOW IS 19448
make[1]: Leaving directory '/workspaces/fit-dp'
----------------------------------------
>>> RUNNING: input/data/3Dseg/csv_format/bone_subxyz.n6c100.max.csv
make[1]: Entering directory '/workspaces/fit-dp'
export OMP_PROC_BIND=spread && export OMP_PLACES=threads && ./knfs
Parsed graph with 983044 vertices and 5776516 edges. Source is 983042 and sink is 983043.
>> IO Time (CSV Read): 1.38729 seconds.

Kokkos initialized on: N6Kokkos6OpenMPE
>> Graph Build & Init Time: 1.88387 seconds.

[FINISHED] Total Iterations: 2071
>> Algorithm Runtime: 0.181611 seconds.
------------------------------------------
TOTAL Runtime (IO + Init + Algo): 3.45277 seconds.
MAX FLOW IS 90645
make[1]: Leaving directory '/workspaces/fit-dp'
----------------------------------------
>>> RUNNING: input/data/3Dseg/csv_format/adhead.n6c100.max.csv
make[1]: Entering directory '/workspaces/fit-dp'
export OMP_PROC_BIND=spread && export OMP_PLACES=threads && ./knfs
Parsed graph with 12582916 vertices and 74245555 edges. Source is 12582914 and sink is 12582915.
>> IO Time (CSV Read): 18.2537 seconds.

Kokkos initialized on: N6Kokkos6OpenMPE
>> Graph Build & Init Time: 27.4785 seconds.

[FINISHED] Total Iterations: 10492
>> Algorithm Runtime: 7.64746 seconds.
------------------------------------------
TOTAL Runtime (IO + Init + Algo): 53.3797 seconds.
MAX FLOW IS 589368
make[1]: Leaving directory '/workspaces/fit-dp'
----------------------------------------
>>> RUNNING: input/data/3Dseg/csv_format/bone_subxyz_subx.n6c10.max.csv
make[1]: Entering directory '/workspaces/fit-dp'
export OMP_PROC_BIND=spread && export OMP_PLACES=threads && ./knfs
Parsed graph with 491524 vertices and 2853259 edges. Source is 491522 and sink is 491523.
>> IO Time (CSV Read): 0.660756 seconds.

Kokkos initialized on: N6Kokkos6OpenMPE
>> Graph Build & Init Time: 0.935289 seconds.

[FINISHED] Total Iterations: 1776
>> Algorithm Runtime: 0.063415 seconds.
------------------------------------------
TOTAL Runtime (IO + Init + Algo): 1.65946 seconds.
MAX FLOW IS 5044
make[1]: Leaving directory '/workspaces/fit-dp'
----------------------------------------
>>> RUNNING: input/data/3Dseg/csv_format/adhead.n26c100.max.csv
make[1]: Entering directory '/workspaces/fit-dp'
export OMP_PROC_BIND=spread && export OMP_PLACES=threads && ./knfs
Parsed graph with 12582915 vertices and 126823147 edges. Source is 12582915 and sink is 12582916.
>> IO Time (CSV Read): 30.6327 seconds.

Kokkos initialized on: N6Kokkos6OpenMPE
>> Graph Build & Init Time: 89.1901 seconds.

[FINISHED] Total Iterations: 1
>> Algorithm Runtime: 4.91e-07 seconds.
------------------------------------------
TOTAL Runtime (IO + Init + Algo): 119.823 seconds.
MAX FLOW IS 0
make[1]: Leaving directory '/workspaces/fit-dp'
----------------------------------------
>>> RUNNING: input/data/3Dseg/csv_format/bone_subxyz_subxy.n26c100.max.csv
make[1]: Entering directory '/workspaces/fit-dp'
export OMP_PROC_BIND=spread && export OMP_PLACES=threads && ./knfs
Parsed graph with 245764 vertices and 3876112 edges. Source is 245762 and sink is 245763.
>> IO Time (CSV Read): 0.879667 seconds.

Kokkos initialized on: N6Kokkos6OpenMPE
>> Graph Build & Init Time: 1.99616 seconds.

[FINISHED] Total Iterations: 837
>> Algorithm Runtime: 0.0641258 seconds.
------------------------------------------
TOTAL Runtime (IO + Init + Algo): 2.93996 seconds.
MAX FLOW IS 38410
make[1]: Leaving directory '/workspaces/fit-dp'
----------------------------------------
>>> RUNNING: input/data/3Dseg/csv_format/bone_subxyz_subxy.n6c10.max.csv
make[1]: Entering directory '/workspaces/fit-dp'
export OMP_PROC_BIND=spread && export OMP_PLACES=threads && ./knfs
Parsed graph with 245764 vertices and 1418485 edges. Source is 245762 and sink is 245763.
>> IO Time (CSV Read): 0.316503 seconds.

Kokkos initialized on: N6Kokkos6OpenMPE
>> Graph Build & Init Time: 0.454374 seconds.

[FINISHED] Total Iterations: 1934
>> Algorithm Runtime: 0.0352353 seconds.
------------------------------------------
TOTAL Runtime (IO + Init + Algo): 0.806111 seconds.
MAX FLOW IS 2891
make[1]: Leaving directory '/workspaces/fit-dp'
----------------------------------------
>>> RUNNING: input/data/3Dseg/csv_format/liver.n26c10.max.csv
make[1]: Entering directory '/workspaces/fit-dp'
export OMP_PROC_BIND=spread && export OMP_PLACES=threads && ./knfs
Parsed graph with 4161604 vertices and 21787831 edges. Source is 4161602 and sink is 4161603.
>> IO Time (CSV Read): 5.21443 seconds.

Kokkos initialized on: N6Kokkos6OpenMPE
>> Graph Build & Init Time: 8.53634 seconds.

[FINISHED] Total Iterations: 193981
>> Algorithm Runtime: 3.21661 seconds.
------------------------------------------
TOTAL Runtime (IO + Init + Algo): 16.9674 seconds.
MAX FLOW IS 56739
make[1]: Leaving directory '/workspaces/fit-dp'
----------------------------------------
>>> RUNNING: input/data/3Dseg/csv_format/adhead.n26c10.max.csv
make[1]: Entering directory '/workspaces/fit-dp'
export OMP_PROC_BIND=spread && export OMP_PLACES=threads && ./knfs
Parsed graph with 12582915 vertices and 123989703 edges. Source is 12582915 and sink is 12582916.
>> IO Time (CSV Read): 28.7674 seconds.

Kokkos initialized on: N6Kokkos6OpenMPE
>> Graph Build & Init Time: 85.3927 seconds.

[FINISHED] Total Iterations: 1
>> Algorithm Runtime: 5.11e-07 seconds.
------------------------------------------
TOTAL Runtime (IO + Init + Algo): 114.16 seconds.
MAX FLOW IS 0
make[1]: Leaving directory '/workspaces/fit-dp'
----------------------------------------
>>> RUNNING: input/data/3Dseg/csv_format/bone_subxy.n6c10.max.csv
make[1]: Entering directory '/workspaces/fit-dp'
export OMP_PROC_BIND=spread && export OMP_PLACES=threads && ./knfs
Parsed graph with 1949700 vertices and 11446250 edges. Source is 1949698 and sink is 1949699.
>> IO Time (CSV Read): 2.75536 seconds.

Kokkos initialized on: N6Kokkos6OpenMPE
>> Graph Build & Init Time: 3.78143 seconds.

[FINISHED] Total Iterations: 12669
>> Algorithm Runtime: 0.370502 seconds.
------------------------------------------
TOTAL Runtime (IO + Init + Algo): 6.90729 seconds.
MAX FLOW IS 16405
make[1]: Leaving directory '/workspaces/fit-dp'
----------------------------------------
>>> RUNNING: input/data/3Dseg/csv_format/adhead.n6c10.max.csv
make[1]: Entering directory '/workspaces/fit-dp'
export OMP_PROC_BIND=spread && export OMP_PLACES=threads && ./knfs
Parsed graph with 12582916 vertices and 73385367 edges. Source is 12582914 and sink is 12582915.
>> IO Time (CSV Read): 17.7326 seconds.

Kokkos initialized on: N6Kokkos6OpenMPE
>> Graph Build & Init Time: 27.0737 seconds.

[FINISHED] Total Iterations: 8404
>> Algorithm Runtime: 6.16958 seconds.
------------------------------------------
TOTAL Runtime (IO + Init + Algo): 50.9759 seconds.
MAX FLOW IS 48373
make[1]: Leaving directory '/workspaces/fit-dp'
----------------------------------------
>>> RUNNING: input/data/3Dseg/csv_format/bone_subxy.n6c100.max.csv
make[1]: Entering directory '/workspaces/fit-dp'
export OMP_PROC_BIND=spread && export OMP_PLACES=threads && ./knfs
Parsed graph with 1949700 vertices and 11520153 edges. Source is 1949698 and sink is 1949699.
>> IO Time (CSV Read): 2.76715 seconds.

Kokkos initialized on: N6Kokkos6OpenMPE
>> Graph Build & Init Time: 3.77787 seconds.

[FINISHED] Total Iterations: 4782
>> Algorithm Runtime: 0.366229 seconds.
------------------------------------------
TOTAL Runtime (IO + Init + Algo): 6.91125 seconds.
MAX FLOW IS 181688
make[1]: Leaving directory '/workspaces/fit-dp'
----------------------------------------
>>> RUNNING: input/data/3Dseg/csv_format/bone.n6c100.max.csv
make[1]: Entering directory '/workspaces/fit-dp'
export OMP_PROC_BIND=spread && export OMP_PLACES=threads && ./knfs
Parsed graph with 7798788 vertices and 45534951 edges. Source is 7798786 and sink is 7798787.
>> IO Time (CSV Read): 11.0707 seconds.

Kokkos initialized on: N6Kokkos6OpenMPE
>> Graph Build & Init Time: 16.4786 seconds.

[FINISHED] Total Iterations: 41008
>> Algorithm Runtime: 2.77412 seconds.
------------------------------------------
TOTAL Runtime (IO + Init + Algo): 30.3233 seconds.
MAX FLOW IS 71344
make[1]: Leaving directory '/workspaces/fit-dp'
----------------------------------------
>>> RUNNING: input/data/3Dseg/csv_format/bone_subx.n6c10.max.csv
make[1]: Entering directory '/workspaces/fit-dp'
export OMP_PROC_BIND=spread && export OMP_PLACES=threads && ./knfs
Parsed graph with 3899396 vertices and 22951466 edges. Source is 3899394 and sink is 3899395.
>> IO Time (CSV Read): 5.4686 seconds.

Kokkos initialized on: N6Kokkos6OpenMPE
>> Graph Build & Init Time: 7.94804 seconds.

[FINISHED] Total Iterations: 6494
>> Algorithm Runtime: 0.872876 seconds.
------------------------------------------
TOTAL Runtime (IO + Init + Algo): 14.2895 seconds.
MAX FLOW IS 30590
make[1]: Leaving directory '/workspaces/fit-dp'
----------------------------------------
>>> RUNNING: input/data/3Dseg/csv_format/bone_subxyz_subxy.n26c10.max.csv
make[1]: Entering directory '/workspaces/fit-dp'
export OMP_PROC_BIND=spread && export OMP_PLACES=threads && ./knfs
Parsed graph with 245764 vertices and 3863144 edges. Source is 245762 and sink is 245763.
>> IO Time (CSV Read): 0.829698 seconds.

Kokkos initialized on: N6Kokkos6OpenMPE
>> Graph Build & Init Time: 1.98455 seconds.

[FINISHED] Total Iterations: 1073
>> Algorithm Runtime: 0.0616194 seconds.
------------------------------------------
TOTAL Runtime (IO + Init + Algo): 2.87587 seconds.
MAX FLOW IS 3502
make[1]: Leaving directory '/workspaces/fit-dp'
----------------------------------------
>>> RUNNING: input/data/3Dseg/csv_format/liver.n26c100.max.csv
make[1]: Entering directory '/workspaces/fit-dp'
export OMP_PROC_BIND=spread && export OMP_PLACES=threads && ./knfs
Parsed graph with 4161604 vertices and 23208171 edges. Source is 4161602 and sink is 4161603.
>> IO Time (CSV Read): 5.47882 seconds.

Kokkos initialized on: N6Kokkos6OpenMPE
>> Graph Build & Init Time: 8.78348 seconds.

[FINISHED] Total Iterations: 45404
>> Algorithm Runtime: 2.92594 seconds.
------------------------------------------
TOTAL Runtime (IO + Init + Algo): 17.1882 seconds.
MAX FLOW IS 641917
make[1]: Leaving directory '/workspaces/fit-dp'
----------------------------------------
>>> RUNNING: input/data/3Dseg/csv_format/babyface.n26c10.max.csv
make[1]: Entering directory '/workspaces/fit-dp'
export OMP_PROC_BIND=spread && export OMP_PLACES=threads && ./knfs
Parsed graph with 5062505 vertices and 119732262 edges. Source is 5062503 and sink is 5062504.
>> IO Time (CSV Read): 27.3931 seconds.

Kokkos initialized on: N6Kokkos6OpenMPE
>> Graph Build & Init Time: 46.1279 seconds.

[FINISHED] Total Iterations: 1973
>> Algorithm Runtime: 5.73708 seconds.
------------------------------------------
TOTAL Runtime (IO + Init + Algo): 79.2581 seconds.
MAX FLOW IS 180946
make[1]: Leaving directory '/workspaces/fit-dp'
----------------------------------------
>>> RUNNING: input/data/3Dseg/csv_format/liver.n6c10.max.csv
make[1]: Entering directory '/workspaces/fit-dp'
export OMP_PROC_BIND=spread && export OMP_PLACES=threads && ./knfs
Parsed graph with 4161604 vertices and 20587663 edges. Source is 4161602 and sink is 4161603.
>> IO Time (CSV Read): 4.9189 seconds.

Kokkos initialized on: N6Kokkos6OpenMPE
>> Graph Build & Init Time: 7.69276 seconds.

[FINISHED] Total Iterations: 4728
>> Algorithm Runtime: 2.33876 seconds.
------------------------------------------
TOTAL Runtime (IO + Init + Algo): 14.9504 seconds.
MAX FLOW IS 55104
make[1]: Leaving directory '/workspaces/fit-dp'
----------------------------------------
>>> RUNNING: input/data/dimacs/csv_format/wash-rlg-long.n2048.1163.shuf.csv
make[1]: Entering directory '/workspaces/fit-dp'
export OMP_PROC_BIND=spread && export OMP_PLACES=threads && ./knfs
Parsed graph with 131076 vertices and 393152 edges. Source is 131074 and sink is 131075.
>> IO Time (CSV Read): 0.0963231 seconds.

Kokkos initialized on: N6Kokkos6OpenMPE
>> Graph Build & Init Time: 0.489313 seconds.

[FINISHED] Total Iterations: 8523
>> Algorithm Runtime: 0.238372 seconds.
------------------------------------------
TOTAL Runtime (IO + Init + Algo): 0.824008 seconds.
MAX FLOW IS 424317
make[1]: Leaving directory '/workspaces/fit-dp'
----------------------------------------
>>> RUNNING: input/data/dimacs/csv_format/wash-line.n8192-45.1163.shuf.csv
make[1]: Entering directory '/workspaces/fit-dp'
export OMP_PROC_BIND=spread && export OMP_PLACES=threads && ./knfs
Parsed graph with 32772 vertices and 1470493 edges. Source is 32770 and sink is 32771.
>> IO Time (CSV Read): 0.366271 seconds.

Kokkos initialized on: N6Kokkos6OpenMPE
>> Graph Build & Init Time: 2.4464 seconds.

[FINISHED] Total Iterations: 908
>> Algorithm Runtime: 0.0133486 seconds.
------------------------------------------
TOTAL Runtime (IO + Init + Algo): 2.82602 seconds.
MAX FLOW IS 91727261
make[1]: Leaving directory '/workspaces/fit-dp'
----------------------------------------
>>> RUNNING: input/data/dimacs/csv_format/rmf-long.n3.3142.shuf.csv
make[1]: Entering directory '/workspaces/fit-dp'
export OMP_PROC_BIND=spread && export OMP_PLACES=threads && ./knfs
Parsed graph with 130684 vertices and 625533 edges. Source is 130682 and sink is 130683.
>> IO Time (CSV Read): 0.155317 seconds.

Kokkos initialized on: N6Kokkos6OpenMPE
>> Graph Build & Init Time: 0.514912 seconds.

[FINISHED] Total Iterations: 4918
>> Algorithm Runtime: 0.209813 seconds.
------------------------------------------
TOTAL Runtime (IO + Init + Algo): 0.880041 seconds.
MAX FLOW IS 1646580
make[1]: Leaving directory '/workspaces/fit-dp'
----------------------------------------
>>> RUNNING: input/data/dimacs/csv_format/wash-rlg-long.n1024.1163.shuf.csv
make[1]: Entering directory '/workspaces/fit-dp'
export OMP_PROC_BIND=spread && export OMP_PLACES=threads && ./knfs
Parsed graph with 65540 vertices and 196544 edges. Source is 65538 and sink is 65539.
>> IO Time (CSV Read): 0.0477756 seconds.

Kokkos initialized on: N6Kokkos6OpenMPE
>> Graph Build & Init Time: 0.200416 seconds.

[FINISHED] Total Iterations: 7039
>> Algorithm Runtime: 0.20059 seconds.
------------------------------------------
TOTAL Runtime (IO + Init + Algo): 0.448782 seconds.
MAX FLOW IS 429514
make[1]: Leaving directory '/workspaces/fit-dp'
----------------------------------------
>>> RUNNING: input/data/dimacs/csv_format/rmf-wide.n4.3141.shuf.csv
make[1]: Entering directory '/workspaces/fit-dp'
export OMP_PROC_BIND=spread && export OMP_PLACES=threads && ./knfs
Parsed graph with 123212 vertices and 599285 edges. Source is 123210 and sink is 123211.
>> IO Time (CSV Read): 0.153106 seconds.

Kokkos initialized on: N6Kokkos6OpenMPE
>> Graph Build & Init Time: 0.476437 seconds.

[FINISHED] Total Iterations: 464094
>> Algorithm Runtime: 3.10121 seconds.
------------------------------------------
TOTAL Runtime (IO + Init + Algo): 3.73076 seconds.
MAX FLOW IS 61216193
make[1]: Leaving directory '/workspaces/fit-dp'
----------------------------------------
>>> RUNNING: input/data/dimacs/csv_format/ac.n1024.1163.shuf.csv
make[1]: Entering directory '/workspaces/fit-dp'
export OMP_PROC_BIND=spread && export OMP_PLACES=threads && ./knfs
Parsed graph with 1026 vertices and 523775 edges. Source is 1024 and sink is 1025.
>> IO Time (CSV Read): 0.111438 seconds.

Kokkos initialized on: N6Kokkos6OpenMPE
>> Graph Build & Init Time: 0.650245 seconds.

[FINISHED] Total Iterations: 190
>> Algorithm Runtime: 0.00870211 seconds.
------------------------------------------
TOTAL Runtime (IO + Init + Algo): 0.770385 seconds.
MAX FLOW IS 51032666
make[1]: Leaving directory '/workspaces/fit-dp'
----------------------------------------
>>> RUNNING: input/data/dimacs/csv_format/rmf-long.n2.3142.shuf.csv
make[1]: Entering directory '/workspaces/fit-dp'
export OMP_PROC_BIND=spread && export OMP_PLACES=threads && ./knfs
Parsed graph with 65538 vertices and 311036 edges. Source is 65536 and sink is 65537.
>> IO Time (CSV Read): 0.0803644 seconds.

Kokkos initialized on: N6Kokkos6OpenMPE
>> Graph Build & Init Time: 0.215361 seconds.

[FINISHED] Total Iterations: 3122
>> Algorithm Runtime: 0.0995734 seconds.
------------------------------------------
TOTAL Runtime (IO + Init + Algo): 0.395299 seconds.
MAX FLOW IS 1147661
make[1]: Leaving directory '/workspaces/fit-dp'
----------------------------------------
>>> RUNNING: input/data/dimacs/csv_format/rmf-long.n4.3142.shuf.csv
make[1]: Entering directory '/workspaces/fit-dp'
export OMP_PROC_BIND=spread && export OMP_PLACES=threads && ./knfs
Parsed graph with 270850 vertices and 1306603 edges. Source is 270848 and sink is 270849.
>> IO Time (CSV Read): 0.333286 seconds.

Kokkos initialized on: N6Kokkos6OpenMPE
>> Graph Build & Init Time: 1.28365 seconds.

[FINISHED] Total Iterations: 6482
>> Algorithm Runtime: 0.514091 seconds.
------------------------------------------
TOTAL Runtime (IO + Init + Algo): 2.13102 seconds.
MAX FLOW IS 2414963
make[1]: Leaving directory '/workspaces/fit-dp'
----------------------------------------
>>> RUNNING: input/data/dimacs/csv_format/wash-line.n16384-64.1163.shuf.csv
make[1]: Entering directory '/workspaces/fit-dp'
export OMP_PROC_BIND=spread && export OMP_PLACES=threads && ./knfs
Parsed graph with 65540 vertices and 4186076 edges. Source is 65538 and sink is 65539.
>> IO Time (CSV Read): 1.02663 seconds.

Kokkos initialized on: N6Kokkos6OpenMPE
>> Graph Build & Init Time: 8.55863 seconds.

[FINISHED] Total Iterations: 1843
>> Algorithm Runtime: 0.0650111 seconds.
------------------------------------------
TOTAL Runtime (IO + Init + Algo): 9.65028 seconds.
MAX FLOW IS 117528785
make[1]: Leaving directory '/workspaces/fit-dp'
----------------------------------------
>>> RUNNING: input/data/dimacs/csv_format/wash-rlg-wide.n2048.1163.shuf.csv
make[1]: Entering directory '/workspaces/fit-dp'
export OMP_PROC_BIND=spread && export OMP_PLACES=threads && ./knfs
Parsed graph with 131076 vertices and 391168 edges. Source is 131074 and sink is 131075.
>> IO Time (CSV Read): 0.0946122 seconds.

Kokkos initialized on: N6Kokkos6OpenMPE
>> Graph Build & Init Time: 0.49817 seconds.

[FINISHED] Total Iterations: 16582
>> Algorithm Runtime: 0.227543 seconds.
------------------------------------------
TOTAL Runtime (IO + Init + Algo): 0.820325 seconds.
MAX FLOW IS 16000321
make[1]: Leaving directory '/workspaces/fit-dp'
----------------------------------------
>>> RUNNING: input/data/dimacs/csv_format/ac.n4096.1163.shuf.csv
make[1]: Entering directory '/workspaces/fit-dp'
export OMP_PROC_BIND=spread && export OMP_PLACES=threads && ./knfs
Parsed graph with 4098 vertices and 8386559 edges. Source is 4096 and sink is 4097.
>> IO Time (CSV Read): 1.82323 seconds.

Kokkos initialized on: N6Kokkos6OpenMPE
>> Graph Build & Init Time: 19.6926 seconds.

[FINISHED] Total Iterations: 153
>> Algorithm Runtime: 0.0652016 seconds.
------------------------------------------
TOTAL Runtime (IO + Init + Algo): 21.581 seconds.
MAX FLOW IS 203889697
make[1]: Leaving directory '/workspaces/fit-dp'
----------------------------------------
>>> RUNNING: input/data/dimacs/csv_format/wash-rlg-wide.n1024.1163.shuf.csv
make[1]: Entering directory '/workspaces/fit-dp'
export OMP_PROC_BIND=spread && export OMP_PLACES=threads && ./knfs
Parsed graph with 65540 vertices and 195584 edges. Source is 65538 and sink is 65539.
>> IO Time (CSV Read): 0.0472891 seconds.

Kokkos initialized on: N6Kokkos6OpenMPE
>> Graph Build & Init Time: 0.21909 seconds.

[FINISHED] Total Iterations: 3203
>> Algorithm Runtime: 0.085733 seconds.
------------------------------------------
TOTAL Runtime (IO + Init + Algo): 0.352112 seconds.
MAX FLOW IS 7927987
make[1]: Leaving directory '/workspaces/fit-dp'
----------------------------------------
>>> RUNNING: input/data/dimacs/csv_format/ac.n2048.1163.shuf.csv
make[1]: Entering directory '/workspaces/fit-dp'
export OMP_PROC_BIND=spread && export OMP_PLACES=threads && ./knfs
Parsed graph with 2050 vertices and 2096127 edges. Source is 2048 and sink is 2049.
>> IO Time (CSV Read): 0.447467 seconds.

Kokkos initialized on: N6Kokkos6OpenMPE
>> Graph Build & Init Time: 3.77447 seconds.

[FINISHED] Total Iterations: 318
>> Algorithm Runtime: 0.0158718 seconds.
------------------------------------------
TOTAL Runtime (IO + Init + Algo): 4.23781 seconds.
MAX FLOW IS 102688227
make[1]: Leaving directory '/workspaces/fit-dp'
----------------------------------------
>>> RUNNING: input/data/dimacs/csv_format/rmf-wide.n2.3141.shuf.csv
make[1]: Entering directory '/workspaces/fit-dp'
export OMP_PROC_BIND=spread && export OMP_PLACES=threads && ./knfs
Parsed graph with 32770 vertices and 157692 edges. Source is 32768 and sink is 32769.
>> IO Time (CSV Read): 0.0406293 seconds.

Kokkos initialized on: N6Kokkos6OpenMPE
>> Graph Build & Init Time: 0.0896768 seconds.

[FINISHED] Total Iterations: 72443
>> Algorithm Runtime: 0.523377 seconds.
------------------------------------------
TOTAL Runtime (IO + Init + Algo): 0.653683 seconds.
MAX FLOW IS 20210626
make[1]: Leaving directory '/workspaces/fit-dp'
----------------------------------------
>>> RUNNING: input/data/dimacs/csv_format/rmf-wide.n3.3141.shuf.csv
make[1]: Entering directory '/workspaces/fit-dp'
export OMP_PROC_BIND=spread && export OMP_PLACES=threads && ./knfs
Parsed graph with 65027 vertices and 314836 edges. Source is 65025 and sink is 65026.
>> IO Time (CSV Read): 0.0808291 seconds.

Kokkos initialized on: N6Kokkos6OpenMPE
>> Graph Build & Init Time: 0.210124 seconds.

[FINISHED] Total Iterations: 75829
>> Algorithm Runtime: 0.722203 seconds.
------------------------------------------
TOTAL Runtime (IO + Init + Algo): 1.01316 seconds.
MAX FLOW IS 35760855
make[1]: Leaving directory '/workspaces/fit-dp'
----------------------------------------
>>> RUNNING: input/data/vision/csv_format/BVZ-tsukuba3.csv
make[1]: Entering directory '/workspaces/fit-dp'
export OMP_PROC_BIND=spread && export OMP_PLACES=threads && ./knfs
Parsed graph with 110596 vertices and 499930 edges. Source is 110594 and sink is 110595.
>> IO Time (CSV Read): 0.107545 seconds.

Kokkos initialized on: N6Kokkos6OpenMPE
>> Graph Build & Init Time: 0.190082 seconds.

[FINISHED] Total Iterations: 89
>> Algorithm Runtime: 0.0220521 seconds.
------------------------------------------
TOTAL Runtime (IO + Init + Algo): 0.319679 seconds.
MAX FLOW IS 35379
make[1]: Leaving directory '/workspaces/fit-dp'
----------------------------------------
>>> RUNNING: input/data/vision/csv_format/gardenInc0004L4_L1.inc.csv
make[1]: Entering directory '/workspaces/fit-dp'
export OMP_PROC_BIND=spread && export OMP_PLACES=threads && ./knfs
Parsed graph with 21002 vertices and 171844 edges. Source is 21000 and sink is 21001.
>> IO Time (CSV Read): 0.0388744 seconds.

Kokkos initialized on: N6Kokkos6OpenMPE
>> Graph Build & Init Time: 0.0566337 seconds.

[FINISHED] Total Iterations: 84
>> Algorithm Runtime: 0.00206895 seconds.
------------------------------------------
TOTAL Runtime (IO + Init + Algo): 0.0975771 seconds.
MAX FLOW IS 15138582
make[1]: Leaving directory '/workspaces/fit-dp'
----------------------------------------
>>> RUNNING: input/data/vision/csv_format/car_16bins.inc.csv
make[1]: Entering directory '/workspaces/fit-dp'
export OMP_PROC_BIND=spread && export OMP_PLACES=threads && ./knfs
Parsed graph with 77375 vertices and 1979104 edges. Source is 77373 and sink is 77374.
>> IO Time (CSV Read): 0.408914 seconds.

Kokkos initialized on: N6Kokkos6OpenMPE
>> Graph Build & Init Time: 0.804147 seconds.

[FINISHED] Total Iterations: 20363
>> Algorithm Runtime: 0.202028 seconds.
------------------------------------------
TOTAL Runtime (IO + Init + Algo): 1.41509 seconds.
MAX FLOW IS 23435775
make[1]: Leaving directory '/workspaces/fit-dp'
----------------------------------------
>>> RUNNING: input/data/vision/csv_format/spider.csv
make[1]: Entering directory '/workspaces/fit-dp'
export OMP_PROC_BIND=spread && export OMP_PLACES=threads && ./knfs
Parsed graph with 270002 vertices and 2426172 edges. Source is 270000 and sink is 270001.
>> IO Time (CSV Read): 0.585432 seconds.

Kokkos initialized on: N6Kokkos6OpenMPE
>> Graph Build & Init Time: 1.05159 seconds.

[FINISHED] Total Iterations: 554
>> Algorithm Runtime: 0.205327 seconds.
------------------------------------------
TOTAL Runtime (IO + Init + Algo): 1.84235 seconds.
MAX FLOW IS 131873430
make[1]: Leaving directory '/workspaces/fit-dp'
----------------------------------------
>>> RUNNING: input/data/vision/csv_format/BVZ-sawtooth4.csv
make[1]: Entering directory '/workspaces/fit-dp'
export OMP_PROC_BIND=spread && export OMP_PLACES=threads && ./knfs
Parsed graph with 164924 vertices and 779973 edges. Source is 164922 and sink is 164923.
>> IO Time (CSV Read): 0.17181 seconds.

Kokkos initialized on: N6Kokkos6OpenMPE
>> Graph Build & Init Time: 0.301689 seconds.

[FINISHED] Total Iterations: 2258
>> Algorithm Runtime: 0.0467852 seconds.
------------------------------------------
TOTAL Runtime (IO + Init + Algo): 0.520284 seconds.
MAX FLOW IS 227875
make[1]: Leaving directory '/workspaces/fit-dp'
----------------------------------------
>>> RUNNING: input/data/vision/csv_format/BVZ-sawtooth11.csv
make[1]: Entering directory '/workspaces/fit-dp'
export OMP_PROC_BIND=spread && export OMP_PLACES=threads && ./knfs
Parsed graph with 164924 vertices and 780087 edges. Source is 164922 and sink is 164923.
>> IO Time (CSV Read): 0.178266 seconds.

Kokkos initialized on: N6Kokkos6OpenMPE
>> Graph Build & Init Time: 0.295243 seconds.

[FINISHED] Total Iterations: 2164
>> Algorithm Runtime: 0.0500002 seconds.
------------------------------------------
TOTAL Runtime (IO + Init + Algo): 0.523509 seconds.
MAX FLOW IS 295731
make[1]: Leaving directory '/workspaces/fit-dp'
----------------------------------------
>>> RUNNING: input/data/vision/csv_format/videoSegB2.inc.csv
make[1]: Entering directory '/workspaces/fit-dp'
export OMP_PROC_BIND=spread && export OMP_PLACES=threads && ./knfs
Parsed graph with 230404 vertices and 11076759 edges. Source is 230402 and sink is 230403.
>> IO Time (CSV Read): 2.5816 seconds.

Kokkos initialized on: N6Kokkos6OpenMPE
>> Graph Build & Init Time: 3.1896 seconds.

[FINISHED] Total Iterations: 1399
>> Algorithm Runtime: 0.0686394 seconds.
------------------------------------------
TOTAL Runtime (IO + Init + Algo): 5.83984 seconds.
MAX FLOW IS 2144157026
make[1]: Leaving directory '/workspaces/fit-dp'
----------------------------------------
>>> RUNNING: input/data/vision/csv_format/BVZ-sawtooth6.csv
make[1]: Entering directory '/workspaces/fit-dp'
export OMP_PROC_BIND=spread && export OMP_PLACES=threads && ./knfs
Parsed graph with 164924 vertices and 773295 edges. Source is 164922 and sink is 164923.
>> IO Time (CSV Read): 0.173713 seconds.

Kokkos initialized on: N6Kokkos6OpenMPE
>> Graph Build & Init Time: 0.3045 seconds.

[FINISHED] Total Iterations: 543
>> Algorithm Runtime: 0.0384406 seconds.
------------------------------------------
TOTAL Runtime (IO + Init + Algo): 0.516653 seconds.
MAX FLOW IS 446026
make[1]: Leaving directory '/workspaces/fit-dp'
----------------------------------------
>>> RUNNING: input/data/vision/csv_format/BVZ-sawtooth18.csv
make[1]: Entering directory '/workspaces/fit-dp'
export OMP_PROC_BIND=spread && export OMP_PLACES=threads && ./knfs
Parsed graph with 164924 vertices and 777217 edges. Source is 164922 and sink is 164923.
>> IO Time (CSV Read): 0.180536 seconds.

Kokkos initialized on: N6Kokkos6OpenMPE
>> Graph Build & Init Time: 0.303475 seconds.

[FINISHED] Total Iterations: 2701
>> Algorithm Runtime: 0.0817882 seconds.
------------------------------------------
TOTAL Runtime (IO + Init + Algo): 0.565799 seconds.
MAX FLOW IS 453442
make[1]: Leaving directory '/workspaces/fit-dp'
----------------------------------------
>>> RUNNING: input/data/vision/csv_format/BVZ-venus16.csv
make[1]: Entering directory '/workspaces/fit-dp'
export OMP_PROC_BIND=spread && export OMP_PLACES=threads && ./knfs
Parsed graph with 166226 vertices and 785627 edges. Source is 166224 and sink is 166225.
>> IO Time (CSV Read): 0.178207 seconds.

Kokkos initialized on: N6Kokkos6OpenMPE
>> Graph Build & Init Time: 0.296326 seconds.

[FINISHED] Total Iterations: 4293
>> Algorithm Runtime: 0.135297 seconds.
------------------------------------------
TOTAL Runtime (IO + Init + Algo): 0.60983 seconds.
MAX FLOW IS 206450
make[1]: Leaving directory '/workspaces/fit-dp'
----------------------------------------
>>> RUNNING: input/data/vision/csv_format/KZ2-sawtooth6.csv
make[1]: Entering directory '/workspaces/fit-dp'
export OMP_PROC_BIND=spread && export OMP_PLACES=threads && ./knfs
Parsed graph with 311311 vertices and 1800647 edges. Source is 311309 and sink is 311310.
>> IO Time (CSV Read): 0.398403 seconds.

Kokkos initialized on: N6Kokkos6OpenMPE
>> Graph Build & Init Time: 0.775726 seconds.

[FINISHED] Total Iterations: 269
>> Algorithm Runtime: 0.0707818 seconds.
------------------------------------------
TOTAL Runtime (IO + Init + Algo): 1.24491 seconds.
MAX FLOW IS 1128726
make[1]: Leaving directory '/workspaces/fit-dp'
----------------------------------------
>>> RUNNING: input/data/vision/csv_format/BVZ-venus17.csv
make[1]: Entering directory '/workspaces/fit-dp'
export OMP_PROC_BIND=spread && export OMP_PLACES=threads && ./knfs
Parsed graph with 166226 vertices and 785376 edges. Source is 166224 and sink is 166225.
>> IO Time (CSV Read): 0.174706 seconds.

Kokkos initialized on: N6Kokkos6OpenMPE
>> Graph Build & Init Time: 0.293457 seconds.

[FINISHED] Total Iterations: 5805
>> Algorithm Runtime: 0.127149 seconds.
------------------------------------------
TOTAL Runtime (IO + Init + Algo): 0.595312 seconds.
MAX FLOW IS 256380
make[1]: Leaving directory '/workspaces/fit-dp'
----------------------------------------
>>> RUNNING: input/data/vision/csv_format/BVZ-venus20.csv
make[1]: Entering directory '/workspaces/fit-dp'
export OMP_PROC_BIND=spread && export OMP_PLACES=threads && ./knfs
Parsed graph with 166226 vertices and 792080 edges. Source is 166224 and sink is 166225.
>> IO Time (CSV Read): 0.181796 seconds.

Kokkos initialized on: N6Kokkos6OpenMPE
>> Graph Build & Init Time: 0.305652 seconds.

[FINISHED] Total Iterations: 2144
>> Algorithm Runtime: 0.0574323 seconds.
------------------------------------------
TOTAL Runtime (IO + Init + Algo): 0.544881 seconds.
MAX FLOW IS 222772
make[1]: Leaving directory '/workspaces/fit-dp'
----------------------------------------
>>> RUNNING: input/data/vision/csv_format/lazybrush-footman.max.csv
make[1]: Entering directory '/workspaces/fit-dp'
export OMP_PROC_BIND=spread && export OMP_PLACES=threads && ./knfs
Parsed graph with 593032 vertices and 2393351 edges. Source is 593030 and sink is 593031.
>> IO Time (CSV Read): 0.580554 seconds.

Kokkos initialized on: N6Kokkos6OpenMPE
>> Graph Build & Init Time: 0.718111 seconds.

[FINISHED] Total Iterations: 76021
>> Algorithm Runtime: 0.61452 seconds.
------------------------------------------
TOTAL Runtime (IO + Init + Algo): 1.91319 seconds.
MAX FLOW IS 961672
make[1]: Leaving directory '/workspaces/fit-dp'
----------------------------------------
>>> RUNNING: input/data/vision/csv_format/office.inc.csv
make[1]: Entering directory '/workspaces/fit-dp'
export OMP_PROC_BIND=spread && export OMP_PLACES=threads && ./knfs
Parsed graph with 86402 vertices and 17665537 edges. Source is 86400 and sink is 86401.
>> IO Time (CSV Read): 4.11798 seconds.

Kokkos initialized on: N6Kokkos6OpenMPE
>> Graph Build & Init Time: 4.02042 seconds.

[FINISHED] Total Iterations: 3764
>> Algorithm Runtime: 0.089122 seconds.
------------------------------------------
TOTAL Runtime (IO + Init + Algo): 8.22752 seconds.
MAX FLOW IS 896651911378
make[1]: Leaving directory '/workspaces/fit-dp'
----------------------------------------
>>> RUNNING: input/data/vision/csv_format/gir.inc.csv
make[1]: Entering directory '/workspaces/fit-dp'
export OMP_PROC_BIND=spread && export OMP_PLACES=threads && ./knfs
Parsed graph with 414722 vertices and 12407742 edges. Source is 414720 and sink is 414721.
>> IO Time (CSV Read): 2.98545 seconds.

Kokkos initialized on: N6Kokkos6OpenMPE
>> Graph Build & Init Time: 3.7094 seconds.

[FINISHED] Total Iterations: 1698
>> Algorithm Runtime: 0.411807 seconds.
------------------------------------------
TOTAL Runtime (IO + Init + Algo): 7.10666 seconds.
MAX FLOW IS 295478397410
make[1]: Leaving directory '/workspaces/fit-dp'
----------------------------------------
>>> RUNNING: input/data/vision/csv_format/ferro.csv
make[1]: Entering directory '/workspaces/fit-dp'
export OMP_PROC_BIND=spread && export OMP_PLACES=threads && ./knfs
Parsed graph with 236330 vertices and 2121095 edges. Source is 236328 and sink is 236329.
>> IO Time (CSV Read): 0.51222 seconds.

Kokkos initialized on: N6Kokkos6OpenMPE
>> Graph Build & Init Time: 0.901505 seconds.

[FINISHED] Total Iterations: 45719
>> Algorithm Runtime: 0.327677 seconds.
------------------------------------------
TOTAL Runtime (IO + Init + Algo): 1.7414 seconds.
MAX FLOW IS 139693885
make[1]: Leaving directory '/workspaces/fit-dp'
----------------------------------------
>>> RUNNING: input/data/vision/csv_format/gardenInc0005L4_L0.inc.csv
make[1]: Entering directory '/workspaces/fit-dp'
export OMP_PROC_BIND=spread && export OMP_PLACES=threads && ./knfs
Parsed graph with 21002 vertices and 144164 edges. Source is 21000 and sink is 21001.
>> IO Time (CSV Read): 0.0324921 seconds.

Kokkos initialized on: N6Kokkos6OpenMPE
>> Graph Build & Init Time: 0.0496994 seconds.

[FINISHED] Total Iterations: 26
>> Algorithm Runtime: 0.00122962 seconds.
------------------------------------------
TOTAL Runtime (IO + Init + Algo): 0.0834211 seconds.
MAX FLOW IS 15175117
make[1]: Leaving directory '/workspaces/fit-dp'
----------------------------------------
>>> RUNNING: input/data/vision/csv_format/KZ2-venus21.csv
make[1]: Entering directory '/workspaces/fit-dp'
export OMP_PROC_BIND=spread && export OMP_PLACES=threads && ./knfs
Parsed graph with 312746 vertices and 1822779 edges. Source is 312744 and sink is 312745.
>> IO Time (CSV Read): 0.394944 seconds.

Kokkos initialized on: N6Kokkos6OpenMPE
>> Graph Build & Init Time: 0.758246 seconds.

[FINISHED] Total Iterations: 313
>> Algorithm Runtime: 0.0806813 seconds.
------------------------------------------
TOTAL Runtime (IO + Init + Algo): 1.23387 seconds.
MAX FLOW IS 955441
make[1]: Leaving directory '/workspaces/fit-dp'
----------------------------------------
>>> RUNNING: input/data/vision/csv_format/person_16bins.inc.csv
make[1]: Entering directory '/workspaces/fit-dp'
export OMP_PROC_BIND=spread && export OMP_PLACES=threads && ./knfs
Parsed graph with 110393 vertices and 9856646 edges. Source is 110391 and sink is 110392.
>> IO Time (CSV Read): 2.18465 seconds.

Kokkos initialized on: N6Kokkos6OpenMPE
>> Graph Build & Init Time: 4.56382 seconds.

[FINISHED] Total Iterations: 3380
>> Algorithm Runtime: 0.0492196 seconds.
------------------------------------------
TOTAL Runtime (IO + Init + Algo): 6.79769 seconds.
MAX FLOW IS 173809161
make[1]: Leaving directory '/workspaces/fit-dp'
----------------------------------------
>>> RUNNING: input/data/vision/csv_format/KZ2-venus10.csv
make[1]: Entering directory '/workspaces/fit-dp'
export OMP_PROC_BIND=spread && export OMP_PLACES=threads && ./knfs
Parsed graph with 315590 vertices and 1843124 edges. Source is 315588 and sink is 315589.
>> IO Time (CSV Read): 0.396895 seconds.

Kokkos initialized on: N6Kokkos6OpenMPE
>> Graph Build & Init Time: 0.769371 seconds.

[FINISHED] Total Iterations: 401
>> Algorithm Runtime: 0.082444 seconds.
------------------------------------------
TOTAL Runtime (IO + Init + Algo): 1.24871 seconds.
MAX FLOW IS 1372729
make[1]: Leaving directory '/workspaces/fit-dp'
----------------------------------------
>>> RUNNING: input/data/vision/csv_format/comp2.csv
make[1]: Entering directory '/workspaces/fit-dp'
export OMP_PROC_BIND=spread && export OMP_PLACES=threads && ./knfs
Parsed graph with 241970 vertices and 2173457 edges. Source is 241968 and sink is 241969.
>> IO Time (CSV Read): 0.535612 seconds.

Kokkos initialized on: N6Kokkos6OpenMPE
>> Graph Build & Init Time: 0.894461 seconds.

[FINISHED] Total Iterations: 1494
>> Algorithm Runtime: 0.150936 seconds.
------------------------------------------
TOTAL Runtime (IO + Init + Algo): 1.58101 seconds.
MAX FLOW IS 133588069
make[1]: Leaving directory '/workspaces/fit-dp'
----------------------------------------
>>> RUNNING: input/data/vision/csv_format/butterfly.csv
make[1]: Entering directory '/workspaces/fit-dp'
export OMP_PROC_BIND=spread && export OMP_PLACES=threads && ./knfs
Parsed graph with 464402 vertices and 4176199 edges. Source is 464400 and sink is 464401.
>> IO Time (CSV Read): 0.98653 seconds.

Kokkos initialized on: N6Kokkos6OpenMPE
>> Graph Build & Init Time: 1.84466 seconds.

[FINISHED] Total Iterations: 4331
>> Algorithm Runtime: 0.364668 seconds.
------------------------------------------
TOTAL Runtime (IO + Init + Algo): 3.19586 seconds.
MAX FLOW IS 216205972
make[1]: Leaving directory '/workspaces/fit-dp'
----------------------------------------
>>> RUNNING: input/data/vision/csv_format/BL06-camel-sml.max.csv
make[1]: Entering directory '/workspaces/fit-dp'
export OMP_PROC_BIND=spread && export OMP_PLACES=threads && ./knfs
Parsed graph with 1209604 vertices and 5836881 edges. Source is 1209602 and sink is 1209603.
>> IO Time (CSV Read): 1.5414 seconds.

Kokkos initialized on: N6Kokkos6OpenMPE
>> Graph Build & Init Time: 2.7174 seconds.

[FINISHED] Total Iterations: 423316
>> Algorithm Runtime: 2.28798 seconds.
------------------------------------------
TOTAL Runtime (IO + Init + Algo): 6.54679 seconds.
MAX FLOW IS 73839208
make[1]: Leaving directory '/workspaces/fit-dp'
----------------------------------------
>>> RUNNING: input/data/vision/csv_format/gardenInc0001L4_L2.inc.csv
make[1]: Entering directory '/workspaces/fit-dp'
export OMP_PROC_BIND=spread && export OMP_PLACES=threads && ./knfs
Parsed graph with 21002 vertices and 192419 edges. Source is 21000 and sink is 21001.
>> IO Time (CSV Read): 0.0416101 seconds.

Kokkos initialized on: N6Kokkos6OpenMPE
>> Graph Build & Init Time: 0.0644601 seconds.

[FINISHED] Total Iterations: 97
>> Algorithm Runtime: 0.00216449 seconds.
------------------------------------------
TOTAL Runtime (IO + Init + Algo): 0.108235 seconds.
MAX FLOW IS 15045653
make[1]: Leaving directory '/workspaces/fit-dp'
----------------------------------------
>>> RUNNING: input/data/vision/csv_format/car_32bins.csv
make[1]: Entering directory '/workspaces/fit-dp'
export OMP_PROC_BIND=spread && export OMP_PLACES=threads && ./knfs
Parsed graph with 78885 vertices and 820624 edges. Source is 78883 and sink is 78884.
>> IO Time (CSV Read): 0.175187 seconds.

Kokkos initialized on: N6Kokkos6OpenMPE
>> Graph Build & Init Time: 0.330632 seconds.

[FINISHED] Total Iterations: 222
>> Algorithm Runtime: 0.0138628 seconds.
------------------------------------------
TOTAL Runtime (IO + Init + Algo): 0.519682 seconds.
MAX FLOW IS 234893
make[1]: Leaving directory '/workspaces/fit-dp'
----------------------------------------
>>> RUNNING: input/data/vision/csv_format/BVZ-tsukuba5.csv
make[1]: Entering directory '/workspaces/fit-dp'
export OMP_PROC_BIND=spread && export OMP_PLACES=threads && ./knfs
Parsed graph with 110596 vertices and 480316 edges. Source is 110594 and sink is 110595.
>> IO Time (CSV Read): 0.103629 seconds.

Kokkos initialized on: N6Kokkos6OpenMPE
>> Graph Build & Init Time: 0.171769 seconds.

[FINISHED] Total Iterations: 790
>> Algorithm Runtime: 0.0157966 seconds.
------------------------------------------
TOTAL Runtime (IO + Init + Algo): 0.291194 seconds.
MAX FLOW IS 66276
make[1]: Leaving directory '/workspaces/fit-dp'
----------------------------------------
>>> RUNNING: input/data/vision/csv_format/cowInc0004L4_L0.inc.csv
make[1]: Entering directory '/workspaces/fit-dp'
export OMP_PROC_BIND=spread && export OMP_PLACES=threads && ./knfs
Parsed graph with 414722 vertices and 3762619 edges. Source is 414720 and sink is 414721.
>> IO Time (CSV Read): 0.892908 seconds.

Kokkos initialized on: N6Kokkos6OpenMPE
>> Graph Build & Init Time: 1.64418 seconds.

[FINISHED] Total Iterations: 295
>> Algorithm Runtime: 0.0288731 seconds.
------------------------------------------
TOTAL Runtime (IO + Init + Algo): 2.56596 seconds.
MAX FLOW IS 395889859
make[1]: Leaving directory '/workspaces/fit-dp'
----------------------------------------
>>> RUNNING: input/data/vision/csv_format/KZ2-sawtooth11.csv
make[1]: Entering directory '/workspaces/fit-dp'
export OMP_PROC_BIND=spread && export OMP_PLACES=threads && ./knfs
Parsed graph with 314480 vertices and 1847463 edges. Source is 314478 and sink is 314479.
>> IO Time (CSV Read): 0.408907 seconds.

Kokkos initialized on: N6Kokkos6OpenMPE
>> Graph Build & Init Time: 0.778285 seconds.

[FINISHED] Total Iterations: 251
>> Algorithm Runtime: 0.0700368 seconds.
------------------------------------------
TOTAL Runtime (IO + Init + Algo): 1.25723 seconds.
MAX FLOW IS 1077639
make[1]: Leaving directory '/workspaces/fit-dp'
----------------------------------------
>>> RUNNING: input/data/vision/csv_format/BVZ-venus13.csv
make[1]: Entering directory '/workspaces/fit-dp'
export OMP_PROC_BIND=spread && export OMP_PLACES=threads && ./knfs
Parsed graph with 166226 vertices and 768705 edges. Source is 166224 and sink is 166225.
>> IO Time (CSV Read): 0.171026 seconds.

Kokkos initialized on: N6Kokkos6OpenMPE
>> Graph Build & Init Time: 0.288025 seconds.

[FINISHED] Total Iterations: 253
>> Algorithm Runtime: 0.0177644 seconds.
------------------------------------------
TOTAL Runtime (IO + Init + Algo): 0.476815 seconds.
MAX FLOW IS 962461
make[1]: Leaving directory '/workspaces/fit-dp'
----------------------------------------
>>> RUNNING: input/data/vision/csv_format/BVZ-tsukuba0.csv
make[1]: Entering directory '/workspaces/fit-dp'
export OMP_PROC_BIND=spread && export OMP_PLACES=threads && ./knfs
Parsed graph with 110596 vertices and 506546 edges. Source is 110594 and sink is 110595.
>> IO Time (CSV Read): 0.110271 seconds.

Kokkos initialized on: N6Kokkos6OpenMPE
>> Graph Build & Init Time: 0.190643 seconds.

[FINISHED] Total Iterations: 49428
>> Algorithm Runtime: 0.330484 seconds.
------------------------------------------
TOTAL Runtime (IO + Init + Algo): 0.631399 seconds.
MAX FLOW IS 34669
make[1]: Leaving directory '/workspaces/fit-dp'
----------------------------------------
>>> RUNNING: input/data/vision/csv_format/KZ2-sawtooth1.csv
make[1]: Entering directory '/workspaces/fit-dp'
export OMP_PROC_BIND=spread && export OMP_PLACES=threads && ./knfs
Parsed graph with 317377 vertices and 1857547 edges. Source is 317375 and sink is 317376.
>> IO Time (CSV Read): 0.410358 seconds.

Kokkos initialized on: N6Kokkos6OpenMPE
>> Graph Build & Init Time: 0.785943 seconds.

[FINISHED] Total Iterations: 176
>> Algorithm Runtime: 0.0659635 seconds.
------------------------------------------
TOTAL Runtime (IO + Init + Algo): 1.26227 seconds.
MAX FLOW IS 815313
make[1]: Leaving directory '/workspaces/fit-dp'
----------------------------------------
>>> RUNNING: input/data/vision/csv_format/videoSegA.csv
make[1]: Entering directory '/workspaces/fit-dp'
export OMP_PROC_BIND=spread && export OMP_PLACES=threads && ./knfs
Parsed graph with 172804 vertices and 1532514 edges. Source is 172802 and sink is 172803.
>> IO Time (CSV Read): 0.367694 seconds.

Kokkos initialized on: N6Kokkos6OpenMPE
>> Graph Build & Init Time: 0.555681 seconds.

[FINISHED] Total Iterations: 408
>> Algorithm Runtime: 0.0867639 seconds.
------------------------------------------
TOTAL Runtime (IO + Init + Algo): 1.01014 seconds.
MAX FLOW IS 48835377
make[1]: Leaving directory '/workspaces/fit-dp'
----------------------------------------
>>> RUNNING: input/data/vision/csv_format/KZ2-venus15.csv
make[1]: Entering directory '/workspaces/fit-dp'
export OMP_PROC_BIND=spread && export OMP_PLACES=threads && ./knfs
Parsed graph with 245567 vertices and 1350286 edges. Source is 245565 and sink is 245566.
>> IO Time (CSV Read): 0.296033 seconds.

Kokkos initialized on: N6Kokkos6OpenMPE
>> Graph Build & Init Time: 0.532315 seconds.

[FINISHED] Total Iterations: 182
>> Algorithm Runtime: 0.0296044 seconds.
------------------------------------------
TOTAL Runtime (IO + Init + Algo): 0.857952 seconds.
MAX FLOW IS 1024374
make[1]: Leaving directory '/workspaces/fit-dp'
----------------------------------------
>>> RUNNING: input/data/vision/csv_format/cat.csv
make[1]: Entering directory '/workspaces/fit-dp'
export OMP_PROC_BIND=spread && export OMP_PLACES=threads && ./knfs
Parsed graph with 154403 vertices and 1384999 edges. Source is 154401 and sink is 154402.
>> IO Time (CSV Read): 0.33697 seconds.

Kokkos initialized on: N6Kokkos6OpenMPE
>> Graph Build & Init Time: 0.594039 seconds.

[FINISHED] Total Iterations: 2249
>> Algorithm Runtime: 0.0853293 seconds.
------------------------------------------
TOTAL Runtime (IO + Init + Algo): 1.01634 seconds.
MAX FLOW IS 74090044
make[1]: Leaving directory '/workspaces/fit-dp'
----------------------------------------
>>> RUNNING: input/data/vision/csv_format/bug.csv
make[1]: Entering directory '/workspaces/fit-dp'
export OMP_PROC_BIND=spread && export OMP_PLACES=threads && ./knfs
Parsed graph with 154403 vertices and 1386100 edges. Source is 154401 and sink is 154402.
>> IO Time (CSV Read): 0.338361 seconds.

Kokkos initialized on: N6Kokkos6OpenMPE
>> Graph Build & Init Time: 0.580512 seconds.

[FINISHED] Total Iterations: 192
>> Algorithm Runtime: 0.0296116 seconds.
------------------------------------------
TOTAL Runtime (IO + Init + Algo): 0.948485 seconds.
MAX FLOW IS 101736300
make[1]: Leaving directory '/workspaces/fit-dp'
----------------------------------------
>>> RUNNING: input/data/vision/csv_format/BVZ-sawtooth17.csv
make[1]: Entering directory '/workspaces/fit-dp'
export OMP_PROC_BIND=spread && export OMP_PLACES=threads && ./knfs
Parsed graph with 164923 vertices and 822972 edges. Source is 164921 and sink is 164922.
>> IO Time (CSV Read): 0.185055 seconds.

Kokkos initialized on: N6Kokkos6OpenMPE
>> Graph Build & Init Time: 0.338616 seconds.

[FINISHED] Total Iterations: 1
>> Algorithm Runtime: 7.01e-07 seconds.
------------------------------------------
TOTAL Runtime (IO + Init + Algo): 0.523672 seconds.
MAX FLOW IS 0
make[1]: Leaving directory '/workspaces/fit-dp'
----------------------------------------
>>> RUNNING: input/data/vision/csv_format/gardenInc0004L4_L0.inc.csv
make[1]: Entering directory '/workspaces/fit-dp'
export OMP_PROC_BIND=spread && export OMP_PLACES=threads && ./knfs
Parsed graph with 21002 vertices and 144263 edges. Source is 21000 and sink is 21001.
>> IO Time (CSV Read): 0.0337721 seconds.

Kokkos initialized on: N6Kokkos6OpenMPE
>> Graph Build & Init Time: 0.0510685 seconds.

[FINISHED] Total Iterations: 68
>> Algorithm Runtime: 0.0014819 seconds.
------------------------------------------
TOTAL Runtime (IO + Init + Algo): 0.0863224 seconds.
MAX FLOW IS 15138582
make[1]: Leaving directory '/workspaces/fit-dp'
----------------------------------------
>>> RUNNING: input/data/vision/csv_format/BVZ-tsukuba10.csv
make[1]: Entering directory '/workspaces/fit-dp'
export OMP_PROC_BIND=spread && export OMP_PLACES=threads && ./knfs
Parsed graph with 110596 vertices and 488630 edges. Source is 110594 and sink is 110595.
>> IO Time (CSV Read): 0.108213 seconds.

Kokkos initialized on: N6Kokkos6OpenMPE
>> Graph Build & Init Time: 0.180662 seconds.

[FINISHED] Total Iterations: 605
>> Algorithm Runtime: 0.0166503 seconds.
------------------------------------------
TOTAL Runtime (IO + Init + Algo): 0.305525 seconds.
MAX FLOW IS 228532
make[1]: Leaving directory '/workspaces/fit-dp'
----------------------------------------
>>> RUNNING: input/data/vision/csv_format/comp3.csv
make[1]: Entering directory '/workspaces/fit-dp'
export OMP_PROC_BIND=spread && export OMP_PLACES=threads && ./knfs
Parsed graph with 241970 vertices and 2172689 edges. Source is 241968 and sink is 241969.
>> IO Time (CSV Read): 0.553987 seconds.

Kokkos initialized on: N6Kokkos6OpenMPE
>> Graph Build & Init Time: 0.875863 seconds.

[FINISHED] Total Iterations: 1462
>> Algorithm Runtime: 0.126816 seconds.
------------------------------------------
TOTAL Runtime (IO + Init + Algo): 1.55667 seconds.
MAX FLOW IS 156154173
make[1]: Leaving directory '/workspaces/fit-dp'
----------------------------------------
>>> RUNNING: input/data/vision/csv_format/KZ2-venus11.csv
make[1]: Entering directory '/workspaces/fit-dp'
export OMP_PROC_BIND=spread && export OMP_PLACES=threads && ./knfs
Parsed graph with 278749 vertices and 1579264 edges. Source is 278747 and sink is 278748.
>> IO Time (CSV Read): 0.344215 seconds.

Kokkos initialized on: N6Kokkos6OpenMPE
>> Graph Build & Init Time: 0.635762 seconds.

[FINISHED] Total Iterations: 414
>> Algorithm Runtime: 0.0413221 seconds.
------------------------------------------
TOTAL Runtime (IO + Init + Algo): 1.0213 seconds.
MAX FLOW IS 1304761
make[1]: Leaving directory '/workspaces/fit-dp'
----------------------------------------
>>> RUNNING: input/data/vision/csv_format/LB07-bunny-med.max.csv
make[1]: Entering directory '/workspaces/fit-dp'
export OMP_PROC_BIND=spread && export OMP_PLACES=threads && ./knfs
Parsed graph with 6311090 vertices and 38739041 edges. Source is 6311088 and sink is 6311089.
>> IO Time (CSV Read): 9.54691 seconds.

Kokkos initialized on: N6Kokkos6OpenMPE
>> Graph Build & Init Time: 14.6005 seconds.

[FINISHED] Total Iterations: 1872524
>> Algorithm Runtime: 11.1074 seconds.
------------------------------------------
TOTAL Runtime (IO + Init + Algo): 35.2548 seconds.
MAX FLOW IS 3860022
make[1]: Leaving directory '/workspaces/fit-dp'
----------------------------------------
>>> RUNNING: input/data/vision/csv_format/gardenInc0004L4_L3.inc.csv
make[1]: Entering directory '/workspaces/fit-dp'
export OMP_PROC_BIND=spread && export OMP_PLACES=threads && ./knfs
Parsed graph with 21002 vertices and 138229 edges. Source is 21000 and sink is 21001.
>> IO Time (CSV Read): 0.0311638 seconds.

Kokkos initialized on: N6Kokkos6OpenMPE
>> Graph Build & Init Time: 0.0457011 seconds.

[FINISHED] Total Iterations: 120
>> Algorithm Runtime: 0.00173827 seconds.
------------------------------------------
TOTAL Runtime (IO + Init + Algo): 0.0786031 seconds.
MAX FLOW IS 15136927
make[1]: Leaving directory '/workspaces/fit-dp'
----------------------------------------
>>> RUNNING: input/data/vision/csv_format/gardenInc0003L4_L2.inc.csv
make[1]: Entering directory '/workspaces/fit-dp'
export OMP_PROC_BIND=spread && export OMP_PLACES=threads && ./knfs
Parsed graph with 21002 vertices and 193599 edges. Source is 21000 and sink is 21001.
>> IO Time (CSV Read): 0.0424766 seconds.

Kokkos initialized on: N6Kokkos6OpenMPE
>> Graph Build & Init Time: 0.0678701 seconds.

[FINISHED] Total Iterations: 134
>> Algorithm Runtime: 0.0082835 seconds.
------------------------------------------
TOTAL Runtime (IO + Init + Algo): 0.11863 seconds.
MAX FLOW IS 15109978
make[1]: Leaving directory '/workspaces/fit-dp'
----------------------------------------
>>> RUNNING: input/data/vision/csv_format/KZ2-venus12.csv
make[1]: Entering directory '/workspaces/fit-dp'
export OMP_PROC_BIND=spread && export OMP_PLACES=threads && ./knfs
Parsed graph with 316973 vertices and 1852495 edges. Source is 316971 and sink is 316972.
>> IO Time (CSV Read): 0.405546 seconds.

Kokkos initialized on: N6Kokkos6OpenMPE
>> Graph Build & Init Time: 0.764245 seconds.

[FINISHED] Total Iterations: 404
>> Algorithm Runtime: 0.0775072 seconds.
------------------------------------------
TOTAL Runtime (IO + Init + Algo): 1.2473 seconds.
MAX FLOW IS 1388345
make[1]: Leaving directory '/workspaces/fit-dp'
----------------------------------------
>>> RUNNING: input/data/vision/csv_format/LB07-bunny-sml.max.csv
make[1]: Entering directory '/workspaces/fit-dp'
export OMP_PROC_BIND=spread && export OMP_PLACES=threads && ./knfs
Parsed graph with 805804 vertices and 5040834 edges. Source is 805802 and sink is 805803.
>> IO Time (CSV Read): 1.1906 seconds.

Kokkos initialized on: N6Kokkos6OpenMPE
>> Graph Build & Init Time: 1.71113 seconds.

[FINISHED] Total Iterations: 613506
>> Algorithm Runtime: 3.7404 seconds.
------------------------------------------
TOTAL Runtime (IO + Init + Algo): 6.64212 seconds.
MAX FLOW IS 961163
make[1]: Leaving directory '/workspaces/fit-dp'
----------------------------------------
>>> RUNNING: input/data/vision/csv_format/cowInc0002L4_L2.inc.csv
make[1]: Entering directory '/workspaces/fit-dp'
export OMP_PROC_BIND=spread && export OMP_PLACES=threads && ./knfs
Parsed graph with 414722 vertices and 3471614 edges. Source is 414720 and sink is 414721.
>> IO Time (CSV Read): 0.829085 seconds.

Kokkos initialized on: N6Kokkos6OpenMPE
>> Graph Build & Init Time: 1.55113 seconds.

[FINISHED] Total Iterations: 265
>> Algorithm Runtime: 0.0244937 seconds.
------------------------------------------
TOTAL Runtime (IO + Init + Algo): 2.40471 seconds.
MAX FLOW IS 395373862
make[1]: Leaving directory '/workspaces/fit-dp'
----------------------------------------
>>> RUNNING: input/data/vision/csv_format/gardenInc0001L4_L3.inc.csv
make[1]: Entering directory '/workspaces/fit-dp'
export OMP_PROC_BIND=spread && export OMP_PLACES=threads && ./knfs
Parsed graph with 21002 vertices and 133094 edges. Source is 21000 and sink is 21001.
>> IO Time (CSV Read): 0.0300407 seconds.

Kokkos initialized on: N6Kokkos6OpenMPE
>> Graph Build & Init Time: 0.04623 seconds.

[FINISHED] Total Iterations: 92
>> Algorithm Runtime: 0.00157479 seconds.
------------------------------------------
TOTAL Runtime (IO + Init + Algo): 0.0778455 seconds.
MAX FLOW IS 15045341
make[1]: Leaving directory '/workspaces/fit-dp'
----------------------------------------
>>> RUNNING: input/data/vision/csv_format/KZ2-venus6.csv
make[1]: Entering directory '/workspaces/fit-dp'
export OMP_PROC_BIND=spread && export OMP_PLACES=threads && ./knfs
Parsed graph with 289606 vertices and 1652155 edges. Source is 289604 and sink is 289605.
>> IO Time (CSV Read): 0.364255 seconds.

Kokkos initialized on: N6Kokkos6OpenMPE
>> Graph Build & Init Time: 0.678322 seconds.

[FINISHED] Total Iterations: 257
>> Algorithm Runtime: 0.0432157 seconds.
------------------------------------------
TOTAL Runtime (IO + Init + Algo): 1.08579 seconds.
MAX FLOW IS 1205072
make[1]: Leaving directory '/workspaces/fit-dp'
----------------------------------------
>>> RUNNING: input/data/vision/csv_format/person_16bins.csv
make[1]: Entering directory '/workspaces/fit-dp'
export OMP_PROC_BIND=spread && export OMP_PLACES=threads && ./knfs
Parsed graph with 110393 vertices and 1174946 edges. Source is 110391 and sink is 110392.
>> IO Time (CSV Read): 0.258744 seconds.

Kokkos initialized on: N6Kokkos6OpenMPE
>> Graph Build & Init Time: 0.455529 seconds.

[FINISHED] Total Iterations: 171537
>> Algorithm Runtime: 0.903692 seconds.
------------------------------------------
TOTAL Runtime (IO + Init + Algo): 1.61797 seconds.
MAX FLOW IS 175378
make[1]: Leaving directory '/workspaces/fit-dp'
----------------------------------------
>>> RUNNING: input/data/vision/csv_format/BVZ-tsukuba2.csv
make[1]: Entering directory '/workspaces/fit-dp'
export OMP_PROC_BIND=spread && export OMP_PLACES=threads && ./knfs
Parsed graph with 110596 vertices and 500544 edges. Source is 110594 and sink is 110595.
>> IO Time (CSV Read): 0.110721 seconds.

Kokkos initialized on: N6Kokkos6OpenMPE
>> Graph Build & Init Time: 0.18195 seconds.

[FINISHED] Total Iterations: 28734
>> Algorithm Runtime: 0.23397 seconds.
------------------------------------------
TOTAL Runtime (IO + Init + Algo): 0.526641 seconds.
MAX FLOW IS 41538
make[1]: Leaving directory '/workspaces/fit-dp'
----------------------------------------
>>> RUNNING: input/data/vision/csv_format/KZ2-sawtooth16.csv
make[1]: Entering directory '/workspaces/fit-dp'
export OMP_PROC_BIND=spread && export OMP_PLACES=threads && ./knfs
Parsed graph with 312809 vertices and 1837931 edges. Source is 312807 and sink is 312808.
>> IO Time (CSV Read): 0.402517 seconds.

Kokkos initialized on: N6Kokkos6OpenMPE
>> Graph Build & Init Time: 0.779806 seconds.

[FINISHED] Total Iterations: 338
>> Algorithm Runtime: 0.068857 seconds.
------------------------------------------
TOTAL Runtime (IO + Init + Algo): 1.25118 seconds.
MAX FLOW IS 1012985
make[1]: Leaving directory '/workspaces/fit-dp'
----------------------------------------
>>> RUNNING: input/data/vision/csv_format/KZ2-sawtooth18.csv
make[1]: Entering directory '/workspaces/fit-dp'
export OMP_PROC_BIND=spread && export OMP_PLACES=threads && ./knfs
Parsed graph with 303357 vertices and 1740154 edges. Source is 303355 and sink is 303356.
>> IO Time (CSV Read): 0.387382 seconds.

Kokkos initialized on: N6Kokkos6OpenMPE
>> Graph Build & Init Time: 0.739426 seconds.

[FINISHED] Total Iterations: 326
>> Algorithm Runtime: 0.0651544 seconds.
------------------------------------------
TOTAL Runtime (IO + Init + Algo): 1.19196 seconds.
MAX FLOW IS 872804
make[1]: Leaving directory '/workspaces/fit-dp'
----------------------------------------
>>> RUNNING: input/data/vision/csv_format/crab.csv
make[1]: Entering directory '/workspaces/fit-dp'
export OMP_PROC_BIND=spread && export OMP_PLACES=threads && ./knfs
Parsed graph with 293932 vertices and 2653035 edges. Source is 293930 and sink is 293931.
>> IO Time (CSV Read): 0.645509 seconds.

Kokkos initialized on: N6Kokkos6OpenMPE
>> Graph Build & Init Time: 1.1882 seconds.

[FINISHED] Total Iterations: 1745
>> Algorithm Runtime: 0.161118 seconds.
------------------------------------------
TOTAL Runtime (IO + Init + Algo): 1.99483 seconds.
MAX FLOW IS 613396703
make[1]: Leaving directory '/workspaces/fit-dp'
----------------------------------------
>>> RUNNING: input/data/vision/csv_format/BVZ-sawtooth15.csv
make[1]: Entering directory '/workspaces/fit-dp'
export OMP_PROC_BIND=spread && export OMP_PLACES=threads && ./knfs
Parsed graph with 164924 vertices and 775054 edges. Source is 164922 and sink is 164923.
>> IO Time (CSV Read): 0.174627 seconds.

Kokkos initialized on: N6Kokkos6OpenMPE
>> Graph Build & Init Time: 0.299865 seconds.

[FINISHED] Total Iterations: 2902
>> Algorithm Runtime: 0.0524719 seconds.
------------------------------------------
TOTAL Runtime (IO + Init + Algo): 0.526965 seconds.
MAX FLOW IS 357049
make[1]: Leaving directory '/workspaces/fit-dp'
----------------------------------------
>>> RUNNING: input/data/vision/csv_format/BVZ-tsukuba8.csv
make[1]: Entering directory '/workspaces/fit-dp'
export OMP_PROC_BIND=spread && export OMP_PLACES=threads && ./knfs
Parsed graph with 110596 vertices and 493191 edges. Source is 110594 and sink is 110595.
>> IO Time (CSV Read): 0.105725 seconds.

Kokkos initialized on: N6Kokkos6OpenMPE
>> Graph Build & Init Time: 0.177288 seconds.

[FINISHED] Total Iterations: 3888
>> Algorithm Runtime: 0.043534 seconds.
------------------------------------------
TOTAL Runtime (IO + Init + Algo): 0.326547 seconds.
MAX FLOW IS 52880
make[1]: Leaving directory '/workspaces/fit-dp'
----------------------------------------
>>> RUNNING: input/data/vision/csv_format/KZ2-sawtooth19.csv
make[1]: Entering directory '/workspaces/fit-dp'
export OMP_PROC_BIND=spread && export OMP_PLACES=threads && ./knfs
Parsed graph with 310614 vertices and 1817311 edges. Source is 310612 and sink is 310613.
>> IO Time (CSV Read): 0.398483 seconds.

Kokkos initialized on: N6Kokkos6OpenMPE
>> Graph Build & Init Time: 0.775006 seconds.

[FINISHED] Total Iterations: 86307
>> Algorithm Runtime: 0.610849 seconds.
------------------------------------------
TOTAL Runtime (IO + Init + Algo): 1.78434 seconds.
MAX FLOW IS 799091
make[1]: Leaving directory '/workspaces/fit-dp'
----------------------------------------
>>> RUNNING: input/data/vision/csv_format/person_64bins.csv
make[1]: Entering directory '/workspaces/fit-dp'
export OMP_PROC_BIND=spread && export OMP_PLACES=threads && ./knfs
Parsed graph with 123358 vertices and 1174946 edges. Source is 123356 and sink is 123357.
>> IO Time (CSV Read): 0.253171 seconds.

Kokkos initialized on: N6Kokkos6OpenMPE
>> Graph Build & Init Time: 0.493218 seconds.

[FINISHED] Total Iterations: 201
>> Algorithm Runtime: 0.0247671 seconds.
------------------------------------------
TOTAL Runtime (IO + Init + Algo): 0.771156 seconds.
MAX FLOW IS 170512
make[1]: Leaving directory '/workspaces/fit-dp'
----------------------------------------
>>> RUNNING: input/data/vision/csv_format/BVZ-tsukuba11.csv
make[1]: Entering directory '/workspaces/fit-dp'
export OMP_PROC_BIND=spread && export OMP_PLACES=threads && ./knfs
Parsed graph with 110596 vertices and 502436 edges. Source is 110594 and sink is 110595.
>> IO Time (CSV Read): 0.107614 seconds.

Kokkos initialized on: N6Kokkos6OpenMPE
>> Graph Build & Init Time: 0.184998 seconds.

[FINISHED] Total Iterations: 3846
>> Algorithm Runtime: 0.0558601 seconds.
------------------------------------------
TOTAL Runtime (IO + Init + Algo): 0.348472 seconds.
MAX FLOW IS 42111
make[1]: Leaving directory '/workspaces/fit-dp'
----------------------------------------
>>> RUNNING: input/data/vision/csv_format/cowInc0003L4_L0.inc.csv
make[1]: Entering directory '/workspaces/fit-dp'
export OMP_PROC_BIND=spread && export OMP_PLACES=threads && ./knfs
Parsed graph with 414722 vertices and 3766377 edges. Source is 414720 and sink is 414721.
>> IO Time (CSV Read): 0.880057 seconds.

Kokkos initialized on: N6Kokkos6OpenMPE
>> Graph Build & Init Time: 1.64656 seconds.

[FINISHED] Total Iterations: 359
>> Algorithm Runtime: 0.0296637 seconds.
------------------------------------------
TOTAL Runtime (IO + Init + Algo): 2.55628 seconds.
MAX FLOW IS 396273121
make[1]: Leaving directory '/workspaces/fit-dp'
----------------------------------------
>>> RUNNING: input/data/vision/csv_format/BVZ-tsukuba12.csv
make[1]: Entering directory '/workspaces/fit-dp'
export OMP_PROC_BIND=spread && export OMP_PLACES=threads && ./knfs
Parsed graph with 110596 vertices and 504093 edges. Source is 110594 and sink is 110595.
>> IO Time (CSV Read): 0.109736 seconds.

Kokkos initialized on: N6Kokkos6OpenMPE
>> Graph Build & Init Time: 0.190435 seconds.

[FINISHED] Total Iterations: 280
>> Algorithm Runtime: 0.0299054 seconds.
------------------------------------------
TOTAL Runtime (IO + Init + Algo): 0.330077 seconds.
MAX FLOW IS 38887
make[1]: Leaving directory '/workspaces/fit-dp'
----------------------------------------
>>> RUNNING: input/data/vision/csv_format/BVZ-sawtooth0.csv
make[1]: Entering directory '/workspaces/fit-dp'
export OMP_PROC_BIND=spread && export OMP_PLACES=threads && ./knfs
Parsed graph with 164924 vertices and 790296 edges. Source is 164922 and sink is 164923.
>> IO Time (CSV Read): 0.177977 seconds.

Kokkos initialized on: N6Kokkos6OpenMPE
>> Graph Build & Init Time: 0.303821 seconds.

[FINISHED] Total Iterations: 1587
>> Algorithm Runtime: 0.0501537 seconds.
------------------------------------------
TOTAL Runtime (IO + Init + Algo): 0.531952 seconds.
MAX FLOW IS 265345
make[1]: Leaving directory '/workspaces/fit-dp'
----------------------------------------
>>> RUNNING: input/data/vision/csv_format/BVZ-sawtooth3.csv
make[1]: Entering directory '/workspaces/fit-dp'
export OMP_PROC_BIND=spread && export OMP_PLACES=threads && ./knfs
Parsed graph with 164924 vertices and 773143 edges. Source is 164922 and sink is 164923.
>> IO Time (CSV Read): 0.173181 seconds.

Kokkos initialized on: N6Kokkos6OpenMPE
>> Graph Build & Init Time: 0.301794 seconds.

[FINISHED] Total Iterations: 1085
>> Algorithm Runtime: 0.0366192 seconds.
------------------------------------------
TOTAL Runtime (IO + Init + Algo): 0.511594 seconds.
MAX FLOW IS 623876
make[1]: Leaving directory '/workspaces/fit-dp'
----------------------------------------
>>> RUNNING: input/data/vision/csv_format/KZ2-venus19.csv
make[1]: Entering directory '/workspaces/fit-dp'
export OMP_PROC_BIND=spread && export OMP_PLACES=threads && ./knfs
Parsed graph with 158949 vertices and 792336 edges. Source is 158947 and sink is 158948.
>> IO Time (CSV Read): 0.173734 seconds.

Kokkos initialized on: N6Kokkos6OpenMPE
>> Graph Build & Init Time: 0.278 seconds.

[FINISHED] Total Iterations: 302
>> Algorithm Runtime: 0.0132637 seconds.
------------------------------------------
TOTAL Runtime (IO + Init + Algo): 0.464997 seconds.
MAX FLOW IS 202475
make[1]: Leaving directory '/workspaces/fit-dp'
----------------------------------------
>>> RUNNING: input/data/vision/csv_format/cowInc0005L4_L2.inc.csv
make[1]: Entering directory '/workspaces/fit-dp'
export OMP_PROC_BIND=spread && export OMP_PLACES=threads && ./knfs
Parsed graph with 414722 vertices and 3488807 edges. Source is 414720 and sink is 414721.
>> IO Time (CSV Read): 0.840889 seconds.

Kokkos initialized on: N6Kokkos6OpenMPE
>> Graph Build & Init Time: 1.5547 seconds.

[FINISHED] Total Iterations: 222
>> Algorithm Runtime: 0.0251225 seconds.
------------------------------------------
TOTAL Runtime (IO + Init + Algo): 2.42071 seconds.
MAX FLOW IS 394294572
make[1]: Leaving directory '/workspaces/fit-dp'
----------------------------------------
>>> RUNNING: input/data/vision/csv_format/comp.csv
make[1]: Entering directory '/workspaces/fit-dp'
export OMP_PROC_BIND=spread && export OMP_PLACES=threads && ./knfs
Parsed graph with 241970 vertices and 2175354 edges. Source is 241968 and sink is 241969.
>> IO Time (CSV Read): 0.544326 seconds.

Kokkos initialized on: N6Kokkos6OpenMPE
>> Graph Build & Init Time: 0.911276 seconds.

[FINISHED] Total Iterations: 2669
>> Algorithm Runtime: 0.148122 seconds.
------------------------------------------
TOTAL Runtime (IO + Init + Algo): 1.60372 seconds.
MAX FLOW IS 120008848
make[1]: Leaving directory '/workspaces/fit-dp'
----------------------------------------
>>> RUNNING: input/data/vision/csv_format/BVZ-sawtooth16.csv
make[1]: Entering directory '/workspaces/fit-dp'
export OMP_PROC_BIND=spread && export OMP_PLACES=threads && ./knfs
Parsed graph with 164924 vertices and 779304 edges. Source is 164922 and sink is 164923.
>> IO Time (CSV Read): 0.172281 seconds.

Kokkos initialized on: N6Kokkos6OpenMPE
>> Graph Build & Init Time: 0.300101 seconds.

[FINISHED] Total Iterations: 2630
>> Algorithm Runtime: 0.0516487 seconds.
------------------------------------------
TOTAL Runtime (IO + Init + Algo): 0.52403 seconds.
MAX FLOW IS 222451
make[1]: Leaving directory '/workspaces/fit-dp'
----------------------------------------
>>> RUNNING: input/data/vision/csv_format/lazybrush-bird.max.csv
make[1]: Entering directory '/workspaces/fit-dp'
export OMP_PROC_BIND=spread && export OMP_PLACES=threads && ./knfs
Parsed graph with 2372116 vertices and 9505709 edges. Source is 2372114 and sink is 2372115.
>> IO Time (CSV Read): 2.32747 seconds.

Kokkos initialized on: N6Kokkos6OpenMPE
>> Graph Build & Init Time: 2.86642 seconds.

[FINISHED] Total Iterations: 99021
>> Algorithm Runtime: 3.81727 seconds.
------------------------------------------
TOTAL Runtime (IO + Init + Algo): 9.01117 seconds.
MAX FLOW IS 980970
make[1]: Leaving directory '/workspaces/fit-dp'
----------------------------------------
>>> RUNNING: input/data/vision/csv_format/BVZ-venus10.csv
make[1]: Entering directory '/workspaces/fit-dp'
export OMP_PROC_BIND=spread && export OMP_PLACES=threads && ./knfs
Parsed graph with 166226 vertices and 776835 edges. Source is 166224 and sink is 166225.
>> IO Time (CSV Read): 0.174847 seconds.

Kokkos initialized on: N6Kokkos6OpenMPE
>> Graph Build & Init Time: 0.292404 seconds.

[FINISHED] Total Iterations: 710
>> Algorithm Runtime: 0.0514003 seconds.
------------------------------------------
TOTAL Runtime (IO + Init + Algo): 0.518652 seconds.
MAX FLOW IS 424280
make[1]: Leaving directory '/workspaces/fit-dp'
----------------------------------------
>>> RUNNING: input/data/vision/csv_format/KZ2-sawtooth0.csv
make[1]: Entering directory '/workspaces/fit-dp'
export OMP_PROC_BIND=spread && export OMP_PLACES=threads && ./knfs
Parsed graph with 317906 vertices and 1859819 edges. Source is 317904 and sink is 317905.
>> IO Time (CSV Read): 0.405232 seconds.

Kokkos initialized on: N6Kokkos6OpenMPE
>> Graph Build & Init Time: 0.794069 seconds.

[FINISHED] Total Iterations: 200
>> Algorithm Runtime: 0.0780816 seconds.
------------------------------------------
TOTAL Runtime (IO + Init + Algo): 1.27738 seconds.
MAX FLOW IS 765309
make[1]: Leaving directory '/workspaces/fit-dp'
----------------------------------------
>>> RUNNING: input/data/vision/csv_format/KZ2-venus18.csv
make[1]: Entering directory '/workspaces/fit-dp'
export OMP_PROC_BIND=spread && export OMP_PLACES=threads && ./knfs
Parsed graph with 308887 vertices and 1797657 edges. Source is 308885 and sink is 308886.
>> IO Time (CSV Read): 0.385597 seconds.

Kokkos initialized on: N6Kokkos6OpenMPE
>> Graph Build & Init Time: 0.739665 seconds.

[FINISHED] Total Iterations: 250
>> Algorithm Runtime: 0.0716197 seconds.
------------------------------------------
TOTAL Runtime (IO + Init + Algo): 1.19688 seconds.
MAX FLOW IS 1099320
make[1]: Leaving directory '/workspaces/fit-dp'
----------------------------------------
>>> RUNNING: input/data/vision/csv_format/BVZ-venus21.csv
make[1]: Entering directory '/workspaces/fit-dp'
export OMP_PROC_BIND=spread && export OMP_PLACES=threads && ./knfs
Parsed graph with 166226 vertices and 790315 edges. Source is 166224 and sink is 166225.
>> IO Time (CSV Read): 0.175724 seconds.

Kokkos initialized on: N6Kokkos6OpenMPE
>> Graph Build & Init Time: 0.297624 seconds.

[FINISHED] Total Iterations: 1068
>> Algorithm Runtime: 0.0490177 seconds.
------------------------------------------
TOTAL Runtime (IO + Init + Algo): 0.522365 seconds.
MAX FLOW IS 310114
make[1]: Leaving directory '/workspaces/fit-dp'
----------------------------------------
>>> RUNNING: input/data/vision/csv_format/cowInc0005L4_L0.inc.csv
make[1]: Entering directory '/workspaces/fit-dp'
export OMP_PROC_BIND=spread && export OMP_PLACES=threads && ./knfs
Parsed graph with 414722 vertices and 3760245 edges. Source is 414720 and sink is 414721.
>> IO Time (CSV Read): 0.874783 seconds.

Kokkos initialized on: N6Kokkos6OpenMPE
>> Graph Build & Init Time: 1.65332 seconds.

[FINISHED] Total Iterations: 229
>> Algorithm Runtime: 0.0260109 seconds.
------------------------------------------
TOTAL Runtime (IO + Init + Algo): 2.55412 seconds.
MAX FLOW IS 394294572
make[1]: Leaving directory '/workspaces/fit-dp'
----------------------------------------
>>> RUNNING: input/data/vision/csv_format/gardenInc0005L4_L2.inc.csv
make[1]: Entering directory '/workspaces/fit-dp'
export OMP_PROC_BIND=spread && export OMP_PLACES=threads && ./knfs
Parsed graph with 21002 vertices and 196311 edges. Source is 21000 and sink is 21001.
>> IO Time (CSV Read): 0.0444302 seconds.

Kokkos initialized on: N6Kokkos6OpenMPE
>> Graph Build & Init Time: 0.0667972 seconds.

[FINISHED] Total Iterations: 103
>> Algorithm Runtime: 0.0125351 seconds.
------------------------------------------
TOTAL Runtime (IO + Init + Algo): 0.123763 seconds.
MAX FLOW IS 15175039
make[1]: Leaving directory '/workspaces/fit-dp'
----------------------------------------
>>> RUNNING: input/data/vision/csv_format/videoSegA2.csv
make[1]: Entering directory '/workspaces/fit-dp'
export OMP_PROC_BIND=spread && export OMP_PLACES=threads && ./knfs
Parsed graph with 172804 vertices and 1532514 edges. Source is 172802 and sink is 172803.
>> IO Time (CSV Read): 0.373747 seconds.

Kokkos initialized on: N6Kokkos6OpenMPE
>> Graph Build & Init Time: 0.551601 seconds.

[FINISHED] Total Iterations: 656
>> Algorithm Runtime: 0.167179 seconds.
------------------------------------------
TOTAL Runtime (IO + Init + Algo): 1.09253 seconds.
MAX FLOW IS 44693164
make[1]: Leaving directory '/workspaces/fit-dp'
----------------------------------------
>>> RUNNING: input/data/vision/csv_format/KZ2-venus1.csv
make[1]: Entering directory '/workspaces/fit-dp'
export OMP_PROC_BIND=spread && export OMP_PLACES=threads && ./knfs
Parsed graph with 322864 vertices and 1900150 edges. Source is 322862 and sink is 322863.
>> IO Time (CSV Read): 0.424754 seconds.

Kokkos initialized on: N6Kokkos6OpenMPE
>> Graph Build & Init Time: 0.783436 seconds.

[FINISHED] Total Iterations: 997
>> Algorithm Runtime: 0.0859639 seconds.
------------------------------------------
TOTAL Runtime (IO + Init + Algo): 1.29415 seconds.
MAX FLOW IS 1190091
make[1]: Leaving directory '/workspaces/fit-dp'
----------------------------------------
>>> RUNNING: input/data/vision/csv_format/BVZ-venus9.csv
make[1]: Entering directory '/workspaces/fit-dp'
export OMP_PROC_BIND=spread && export OMP_PLACES=threads && ./knfs
Parsed graph with 166226 vertices and 777232 edges. Source is 166224 and sink is 166225.
>> IO Time (CSV Read): 0.171515 seconds.

Kokkos initialized on: N6Kokkos6OpenMPE
>> Graph Build & Init Time: 0.290249 seconds.

[FINISHED] Total Iterations: 938
>> Algorithm Runtime: 0.0870985 seconds.
------------------------------------------
TOTAL Runtime (IO + Init + Algo): 0.548862 seconds.
MAX FLOW IS 440184
make[1]: Leaving directory '/workspaces/fit-dp'
----------------------------------------
>>> RUNNING: input/data/vision/csv_format/gardenInc0005L4_L1.inc.csv
make[1]: Entering directory '/workspaces/fit-dp'
export OMP_PROC_BIND=spread && export OMP_PLACES=threads && ./knfs
Parsed graph with 21002 vertices and 171164 edges. Source is 21000 and sink is 21001.
>> IO Time (CSV Read): 0.0369195 seconds.

Kokkos initialized on: N6Kokkos6OpenMPE
>> Graph Build & Init Time: 0.0570877 seconds.

[FINISHED] Total Iterations: 103
>> Algorithm Runtime: 0.00203692 seconds.
------------------------------------------
TOTAL Runtime (IO + Init + Algo): 0.0960441 seconds.
MAX FLOW IS 15175057
make[1]: Leaving directory '/workspaces/fit-dp'
----------------------------------------
>>> RUNNING: input/data/vision/csv_format/cowInc0004L4_L2.inc.csv
make[1]: Entering directory '/workspaces/fit-dp'
export OMP_PROC_BIND=spread && export OMP_PLACES=threads && ./knfs
Parsed graph with 414722 vertices and 3483922 edges. Source is 414720 and sink is 414721.
>> IO Time (CSV Read): 0.82188 seconds.

Kokkos initialized on: N6Kokkos6OpenMPE
>> Graph Build & Init Time: 1.55956 seconds.

[FINISHED] Total Iterations: 211
>> Algorithm Runtime: 0.0255783 seconds.
------------------------------------------
TOTAL Runtime (IO + Init + Algo): 2.40702 seconds.
MAX FLOW IS 395889859
make[1]: Leaving directory '/workspaces/fit-dp'
----------------------------------------
>>> RUNNING: input/data/vision/csv_format/cowInc0005L4_L3.inc.csv
make[1]: Entering directory '/workspaces/fit-dp'
export OMP_PROC_BIND=spread && export OMP_PLACES=threads && ./knfs
Parsed graph with 414722 vertices and 3818725 edges. Source is 414720 and sink is 414721.
>> IO Time (CSV Read): 0.924651 seconds.

Kokkos initialized on: N6Kokkos6OpenMPE
>> Graph Build & Init Time: 1.6744 seconds.

[FINISHED] Total Iterations: 254
>> Algorithm Runtime: 0.0286871 seconds.
------------------------------------------
TOTAL Runtime (IO + Init + Algo): 2.62774 seconds.
MAX FLOW IS 394294572
make[1]: Leaving directory '/workspaces/fit-dp'
----------------------------------------
>>> RUNNING: input/data/vision/csv_format/KZ2-sawtooth14.csv
make[1]: Entering directory '/workspaces/fit-dp'
export OMP_PROC_BIND=spread && export OMP_PLACES=threads && ./knfs
Parsed graph with 311474 vertices and 1819270 edges. Source is 311472 and sink is 311473.
>> IO Time (CSV Read): 0.404166 seconds.

Kokkos initialized on: N6Kokkos6OpenMPE
>> Graph Build & Init Time: 0.75334 seconds.

[FINISHED] Total Iterations: 198
>> Algorithm Runtime: 0.065288 seconds.
------------------------------------------
TOTAL Runtime (IO + Init + Algo): 1.22279 seconds.
MAX FLOW IS 1086077
make[1]: Leaving directory '/workspaces/fit-dp'
----------------------------------------
>>> RUNNING: input/data/vision/csv_format/KZ2-venus5.csv
make[1]: Entering directory '/workspaces/fit-dp'
export OMP_PROC_BIND=spread && export OMP_PLACES=threads && ./knfs
Parsed graph with 314935 vertices and 1834390 edges. Source is 314933 and sink is 314934.
>> IO Time (CSV Read): 0.418367 seconds.

Kokkos initialized on: N6Kokkos6OpenMPE
>> Graph Build & Init Time: 0.760419 seconds.

[FINISHED] Total Iterations: 35531
>> Algorithm Runtime: 0.261485 seconds.
------------------------------------------
TOTAL Runtime (IO + Init + Algo): 1.44027 seconds.
MAX FLOW IS 1447428
make[1]: Leaving directory '/workspaces/fit-dp'
----------------------------------------
>>> RUNNING: input/data/vision/csv_format/BVZ-sawtooth14.csv
make[1]: Entering directory '/workspaces/fit-dp'
export OMP_PROC_BIND=spread && export OMP_PLACES=threads && ./knfs
Parsed graph with 164924 vertices and 774558 edges. Source is 164922 and sink is 164923.
>> IO Time (CSV Read): 0.175245 seconds.

Kokkos initialized on: N6Kokkos6OpenMPE
>> Graph Build & Init Time: 0.290708 seconds.

[FINISHED] Total Iterations: 1852
>> Algorithm Runtime: 0.0450157 seconds.
------------------------------------------
TOTAL Runtime (IO + Init + Algo): 0.510969 seconds.
MAX FLOW IS 302840
make[1]: Leaving directory '/workspaces/fit-dp'
----------------------------------------
>>> RUNNING: input/data/vision/csv_format/KZ2-sawtooth2.csv
make[1]: Entering directory '/workspaces/fit-dp'
export OMP_PROC_BIND=spread && export OMP_PLACES=threads && ./knfs
Parsed graph with 301272 vertices and 1709902 edges. Source is 301270 and sink is 301271.
>> IO Time (CSV Read): 0.368224 seconds.

Kokkos initialized on: N6Kokkos6OpenMPE
>> Graph Build & Init Time: 0.71885 seconds.

[FINISHED] Total Iterations: 128793
>> Algorithm Runtime: 0.77087 seconds.
------------------------------------------
TOTAL Runtime (IO + Init + Algo): 1.85794 seconds.
MAX FLOW IS 892605
make[1]: Leaving directory '/workspaces/fit-dp'
----------------------------------------
>>> RUNNING: input/data/vision/csv_format/car_64bins.csv
make[1]: Entering directory '/workspaces/fit-dp'
export OMP_PROC_BIND=spread && export OMP_PLACES=threads && ./knfs
Parsed graph with 84398 vertices and 820624 edges. Source is 84396 and sink is 84397.
>> IO Time (CSV Read): 0.173941 seconds.

Kokkos initialized on: N6Kokkos6OpenMPE
>> Graph Build & Init Time: 0.335285 seconds.

[FINISHED] Total Iterations: 387
>> Algorithm Runtime: 0.0229139 seconds.
------------------------------------------
TOTAL Runtime (IO + Init + Algo): 0.53214 seconds.
MAX FLOW IS 209507
make[1]: Leaving directory '/workspaces/fit-dp'
----------------------------------------
>>> RUNNING: input/data/vision/csv_format/flamingo.csv
make[1]: Entering directory '/workspaces/fit-dp'
export OMP_PROC_BIND=spread && export OMP_PLACES=threads && ./knfs
Parsed graph with 301058 vertices and 2704285 edges. Source is 301056 and sink is 301057.
>> IO Time (CSV Read): 0.653979 seconds.

Kokkos initialized on: N6Kokkos6OpenMPE
>> Graph Build & Init Time: 1.12554 seconds.

[FINISHED] Total Iterations: 10818
>> Algorithm Runtime: 0.192311 seconds.
------------------------------------------
TOTAL Runtime (IO + Init + Algo): 1.97183 seconds.
MAX FLOW IS 204950852
make[1]: Leaving directory '/workspaces/fit-dp'
----------------------------------------
>>> RUNNING: input/data/vision/csv_format/KZ2-venus8.csv
make[1]: Entering directory '/workspaces/fit-dp'
export OMP_PROC_BIND=spread && export OMP_PLACES=threads && ./knfs
Parsed graph with 320250 vertices and 1885786 edges. Source is 320248 and sink is 320249.
>> IO Time (CSV Read): 0.409303 seconds.

Kokkos initialized on: N6Kokkos6OpenMPE
>> Graph Build & Init Time: 0.767212 seconds.

[FINISHED] Total Iterations: 447
>> Algorithm Runtime: 0.0532369 seconds.
------------------------------------------
TOTAL Runtime (IO + Init + Algo): 1.22975 seconds.
MAX FLOW IS 1416119
make[1]: Leaving directory '/workspaces/fit-dp'
----------------------------------------
>>> RUNNING: input/data/vision/csv_format/BVZ-venus12.csv
make[1]: Entering directory '/workspaces/fit-dp'
export OMP_PROC_BIND=spread && export OMP_PLACES=threads && ./knfs
Parsed graph with 166226 vertices and 773511 edges. Source is 166224 and sink is 166225.
>> IO Time (CSV Read): 0.171437 seconds.

Kokkos initialized on: N6Kokkos6OpenMPE
>> Graph Build & Init Time: 0.287024 seconds.

[FINISHED] Total Iterations: 1410
>> Algorithm Runtime: 0.0337174 seconds.
------------------------------------------
TOTAL Runtime (IO + Init + Algo): 0.492179 seconds.
MAX FLOW IS 320401
make[1]: Leaving directory '/workspaces/fit-dp'
----------------------------------------
>>> RUNNING: input/data/vision/csv_format/cowInc0004L4_L1.inc.csv
make[1]: Entering directory '/workspaces/fit-dp'
export OMP_PROC_BIND=spread && export OMP_PLACES=threads && ./knfs
Parsed graph with 414722 vertices and 2155523 edges. Source is 414720 and sink is 414721.
>> IO Time (CSV Read): 0.515355 seconds.

Kokkos initialized on: N6Kokkos6OpenMPE
>> Graph Build & Init Time: 1.03547 seconds.

[FINISHED] Total Iterations: 297
>> Algorithm Runtime: 0.0199313 seconds.
------------------------------------------
TOTAL Runtime (IO + Init + Algo): 1.57076 seconds.
MAX FLOW IS 395889859
make[1]: Leaving directory '/workspaces/fit-dp'
----------------------------------------
>>> RUNNING: input/data/vision/csv_format/gardenInc0001L4_L1.inc.csv
make[1]: Entering directory '/workspaces/fit-dp'
export OMP_PROC_BIND=spread && export OMP_PLACES=threads && ./knfs
Parsed graph with 21002 vertices and 181514 edges. Source is 21000 and sink is 21001.
>> IO Time (CSV Read): 0.0424768 seconds.

Kokkos initialized on: N6Kokkos6OpenMPE
>> Graph Build & Init Time: 0.0606213 seconds.

[FINISHED] Total Iterations: 92
>> Algorithm Runtime: 0.00203918 seconds.
------------------------------------------
TOTAL Runtime (IO + Init + Algo): 0.105137 seconds.
MAX FLOW IS 15051622
make[1]: Leaving directory '/workspaces/fit-dp'
----------------------------------------
>>> RUNNING: input/data/vision/csv_format/gardenInc0002L4_L0.inc.csv
make[1]: Entering directory '/workspaces/fit-dp'
export OMP_PROC_BIND=spread && export OMP_PLACES=threads && ./knfs
Parsed graph with 21002 vertices and 141963 edges. Source is 21000 and sink is 21001.
>> IO Time (CSV Read): 0.03201 seconds.

Kokkos initialized on: N6Kokkos6OpenMPE
>> Graph Build & Init Time: 0.0501893 seconds.

[FINISHED] Total Iterations: 23
>> Algorithm Runtime: 0.00119986 seconds.
------------------------------------------
TOTAL Runtime (IO + Init + Algo): 0.0833991 seconds.
MAX FLOW IS 15068858
make[1]: Leaving directory '/workspaces/fit-dp'
----------------------------------------
>>> RUNNING: input/data/vision/csv_format/BVZ-tsukuba15.csv
make[1]: Entering directory '/workspaces/fit-dp'
export OMP_PROC_BIND=spread && export OMP_PLACES=threads && ./knfs
Parsed graph with 110596 vertices and 512201 edges. Source is 110594 and sink is 110595.
>> IO Time (CSV Read): 0.111799 seconds.

Kokkos initialized on: N6Kokkos6OpenMPE
>> Graph Build & Init Time: 0.190183 seconds.

[FINISHED] Total Iterations: 73
>> Algorithm Runtime: 0.0228105 seconds.
------------------------------------------
TOTAL Runtime (IO + Init + Algo): 0.324792 seconds.
MAX FLOW IS 33349
make[1]: Leaving directory '/workspaces/fit-dp'
----------------------------------------
>>> RUNNING: input/data/vision/csv_format/KZ2-sawtooth17.csv
make[1]: Entering directory '/workspaces/fit-dp'
export OMP_PROC_BIND=spread && export OMP_PLACES=threads && ./knfs
Parsed graph with 158464 vertices and 789909 edges. Source is 158462 and sink is 158463.
>> IO Time (CSV Read): 0.172552 seconds.

Kokkos initialized on: N6Kokkos6OpenMPE
>> Graph Build & Init Time: 0.287473 seconds.

[FINISHED] Total Iterations: 240
>> Algorithm Runtime: 0.0127202 seconds.
------------------------------------------
TOTAL Runtime (IO + Init + Algo): 0.472745 seconds.
MAX FLOW IS 240260
make[1]: Leaving directory '/workspaces/fit-dp'
----------------------------------------
>>> RUNNING: input/data/vision/csv_format/butterfly2.csv
make[1]: Entering directory '/workspaces/fit-dp'
export OMP_PROC_BIND=spread && export OMP_PLACES=threads && ./knfs
Parsed graph with 154403 vertices and 1385256 edges. Source is 154401 and sink is 154402.
>> IO Time (CSV Read): 0.338472 seconds.

Kokkos initialized on: N6Kokkos6OpenMPE
>> Graph Build & Init Time: 0.56596 seconds.

[FINISHED] Total Iterations: 280476
>> Algorithm Runtime: 1.4708 seconds.
------------------------------------------
TOTAL Runtime (IO + Init + Algo): 2.37523 seconds.
MAX FLOW IS 129902303
make[1]: Leaving directory '/workspaces/fit-dp'
----------------------------------------
>>> RUNNING: input/data/vision/csv_format/car_16bins.csv
make[1]: Entering directory '/workspaces/fit-dp'
export OMP_PROC_BIND=spread && export OMP_PLACES=threads && ./knfs
Parsed graph with 77375 vertices and 820624 edges. Source is 77373 and sink is 77374.
>> IO Time (CSV Read): 0.1773 seconds.

Kokkos initialized on: N6Kokkos6OpenMPE
>> Graph Build & Init Time: 0.318189 seconds.

[FINISHED] Total Iterations: 457
>> Algorithm Runtime: 0.0252005 seconds.
------------------------------------------
TOTAL Runtime (IO + Init + Algo): 0.520689 seconds.
MAX FLOW IS 249147
make[1]: Leaving directory '/workspaces/fit-dp'
----------------------------------------
>>> RUNNING: input/data/vision/csv_format/KZ2-venus16.csv
make[1]: Entering directory '/workspaces/fit-dp'
export OMP_PROC_BIND=spread && export OMP_PLACES=threads && ./knfs
Parsed graph with 319384 vertices and 1891918 edges. Source is 319382 and sink is 319383.
>> IO Time (CSV Read): 0.43408 seconds.

Kokkos initialized on: N6Kokkos6OpenMPE
>> Graph Build & Init Time: 0.797366 seconds.

[FINISHED] Total Iterations: 438
>> Algorithm Runtime: 0.107911 seconds.
------------------------------------------
TOTAL Runtime (IO + Init + Algo): 1.33936 seconds.
MAX FLOW IS 1191114
make[1]: Leaving directory '/workspaces/fit-dp'
----------------------------------------
>>> RUNNING: input/data/vision/csv_format/KZ2-venus13.csv
make[1]: Entering directory '/workspaces/fit-dp'
export OMP_PROC_BIND=spread && export OMP_PLACES=threads && ./knfs
Parsed graph with 266050 vertices and 1487090 edges. Source is 266048 and sink is 266049.
>> IO Time (CSV Read): 0.33213 seconds.

Kokkos initialized on: N6Kokkos6OpenMPE
>> Graph Build & Init Time: 0.592029 seconds.

[FINISHED] Total Iterations: 277
>> Algorithm Runtime: 0.032821 seconds.
------------------------------------------
TOTAL Runtime (IO + Init + Algo): 0.956981 seconds.
MAX FLOW IS 1215109
make[1]: Leaving directory '/workspaces/fit-dp'
----------------------------------------
>>> RUNNING: input/data/vision/csv_format/lazybrush-mangagirl.max.csv
make[1]: Entering directory '/workspaces/fit-dp'
export OMP_PROC_BIND=spread && export OMP_PLACES=threads && ./knfs
Parsed graph with 593032 vertices and 2379695 edges. Source is 593030 and sink is 593031.
>> IO Time (CSV Read): 0.57279 seconds.

Kokkos initialized on: N6Kokkos6OpenMPE
>> Graph Build & Init Time: 0.699278 seconds.

[FINISHED] Total Iterations: 133839
>> Algorithm Runtime: 0.963487 seconds.
------------------------------------------
TOTAL Runtime (IO + Init + Algo): 2.23555 seconds.
MAX FLOW IS 319992
make[1]: Leaving directory '/workspaces/fit-dp'
----------------------------------------
>>> RUNNING: input/data/vision/csv_format/BVZ-venus14.csv
make[1]: Entering directory '/workspaces/fit-dp'
export OMP_PROC_BIND=spread && export OMP_PLACES=threads && ./knfs
Parsed graph with 166226 vertices and 777431 edges. Source is 166224 and sink is 166225.
>> IO Time (CSV Read): 0.173011 seconds.

Kokkos initialized on: N6Kokkos6OpenMPE
>> Graph Build & Init Time: 0.296179 seconds.

[FINISHED] Total Iterations: 554
>> Algorithm Runtime: 0.0314195 seconds.
------------------------------------------
TOTAL Runtime (IO + Init + Algo): 0.500609 seconds.
MAX FLOW IS 429234
make[1]: Leaving directory '/workspaces/fit-dp'
----------------------------------------
>>> RUNNING: input/data/vision/csv_format/car_32bins.inc.csv
make[1]: Entering directory '/workspaces/fit-dp'
export OMP_PROC_BIND=spread && export OMP_PLACES=threads && ./knfs
Parsed graph with 78885 vertices and 1979104 edges. Source is 78883 and sink is 78884.
>> IO Time (CSV Read): 0.411407 seconds.

Kokkos initialized on: N6Kokkos6OpenMPE
>> Graph Build & Init Time: 0.825299 seconds.

[FINISHED] Total Iterations: 31367
>> Algorithm Runtime: 0.193104 seconds.
------------------------------------------
TOTAL Runtime (IO + Init + Algo): 1.42981 seconds.
MAX FLOW IS 23402994
make[1]: Leaving directory '/workspaces/fit-dp'
----------------------------------------
>>> RUNNING: input/data/vision/csv_format/gardenInc0002L4_L3.inc.csv
make[1]: Entering directory '/workspaces/fit-dp'
export OMP_PROC_BIND=spread && export OMP_PLACES=threads && ./knfs
Parsed graph with 21002 vertices and 138558 edges. Source is 21000 and sink is 21001.
>> IO Time (CSV Read): 0.0316151 seconds.

Kokkos initialized on: N6Kokkos6OpenMPE
>> Graph Build & Init Time: 0.0473567 seconds.

[FINISHED] Total Iterations: 82
>> Algorithm Runtime: 0.001572 seconds.
------------------------------------------
TOTAL Runtime (IO + Init + Algo): 0.0805438 seconds.
MAX FLOW IS 15068256
make[1]: Leaving directory '/workspaces/fit-dp'
----------------------------------------
>>> RUNNING: input/data/vision/csv_format/BL06-gargoyle-sml.max.csv
make[1]: Entering directory '/workspaces/fit-dp'
export OMP_PROC_BIND=spread && export OMP_PLACES=threads && ./knfs
Parsed graph with 1105924 vertices and 5464155 edges. Source is 1105922 and sink is 1105923.
>> IO Time (CSV Read): 1.30233 seconds.

Kokkos initialized on: N6Kokkos6OpenMPE
>> Graph Build & Init Time: 2.76427 seconds.

[FINISHED] Total Iterations: 1042
>> Algorithm Runtime: 0.221305 seconds.
------------------------------------------
TOTAL Runtime (IO + Init + Algo): 4.2879 seconds.
MAX FLOW IS 27794922
make[1]: Leaving directory '/workspaces/fit-dp'
----------------------------------------
>>> RUNNING: input/data/vision/csv_format/BVZ-venus3.csv
make[1]: Entering directory '/workspaces/fit-dp'
export OMP_PROC_BIND=spread && export OMP_PLACES=threads && ./knfs
Parsed graph with 166226 vertices and 781183 edges. Source is 166224 and sink is 166225.
>> IO Time (CSV Read): 0.183091 seconds.

Kokkos initialized on: N6Kokkos6OpenMPE
>> Graph Build & Init Time: 0.295193 seconds.

[FINISHED] Total Iterations: 1251
>> Algorithm Runtime: 0.0458761 seconds.
------------------------------------------
TOTAL Runtime (IO + Init + Algo): 0.52416 seconds.
MAX FLOW IS 409101
make[1]: Leaving directory '/workspaces/fit-dp'
----------------------------------------
>>> RUNNING: input/data/vision/csv_format/KZ2-venus2.csv
make[1]: Entering directory '/workspaces/fit-dp'
export OMP_PROC_BIND=spread && export OMP_PLACES=threads && ./knfs
Parsed graph with 324992 vertices and 1927105 edges. Source is 324990 and sink is 324991.
>> IO Time (CSV Read): 0.414469 seconds.

Kokkos initialized on: N6Kokkos6OpenMPE
>> Graph Build & Init Time: 0.810451 seconds.

[FINISHED] Total Iterations: 1659
>> Algorithm Runtime: 0.111063 seconds.
------------------------------------------
TOTAL Runtime (IO + Init + Algo): 1.33598 seconds.
MAX FLOW IS 1250417
make[1]: Leaving directory '/workspaces/fit-dp'
----------------------------------------
>>> RUNNING: input/data/vision/csv_format/lazybrush-hmdman.max.csv
make[1]: Entering directory '/workspaces/fit-dp'
export OMP_PROC_BIND=spread && export OMP_PLACES=threads && ./knfs
Parsed graph with 593032 vertices and 2417190 edges. Source is 593030 and sink is 593031.
>> IO Time (CSV Read): 0.583213 seconds.

Kokkos initialized on: N6Kokkos6OpenMPE
>> Graph Build & Init Time: 0.729457 seconds.

[FINISHED] Total Iterations: 119129
>> Algorithm Runtime: 0.863257 seconds.
------------------------------------------
TOTAL Runtime (IO + Init + Algo): 2.17593 seconds.
MAX FLOW IS 374359
make[1]: Leaving directory '/workspaces/fit-dp'
----------------------------------------
>>> RUNNING: input/data/vision/csv_format/BL06-camel-med.max.csv
make[1]: Entering directory '/workspaces/fit-dp'
export OMP_PROC_BIND=spread && export OMP_PLACES=threads && ./knfs
Parsed graph with 9676804 vertices and 47518825 edges. Source is 9676802 and sink is 9676803.
>> IO Time (CSV Read): 11.8019 seconds.

Kokkos initialized on: N6Kokkos6OpenMPE
>> Graph Build & Init Time: 25.4269 seconds.

[FINISHED] Total Iterations: 1358
>> Algorithm Runtime: 1.86407 seconds.
------------------------------------------
TOTAL Runtime (IO + Init + Algo): 39.0929 seconds.
MAX FLOW IS 315527718
make[1]: Leaving directory '/workspaces/fit-dp'
----------------------------------------
>>> RUNNING: input/data/vision/csv_format/BVZ-sawtooth10.csv
make[1]: Entering directory '/workspaces/fit-dp'
export OMP_PROC_BIND=spread && export OMP_PLACES=threads && ./knfs
Parsed graph with 164924 vertices and 767144 edges. Source is 164922 and sink is 164923.
>> IO Time (CSV Read): 0.172084 seconds.

Kokkos initialized on: N6Kokkos6OpenMPE
>> Graph Build & Init Time: 0.301765 seconds.

[FINISHED] Total Iterations: 677
>> Algorithm Runtime: 0.035086 seconds.
------------------------------------------
TOTAL Runtime (IO + Init + Algo): 0.508935 seconds.
MAX FLOW IS 681911
make[1]: Leaving directory '/workspaces/fit-dp'
----------------------------------------
>>> RUNNING: input/data/vision/csv_format/KZ2-sawtooth15.csv
make[1]: Entering directory '/workspaces/fit-dp'
export OMP_PROC_BIND=spread && export OMP_PLACES=threads && ./knfs
Parsed graph with 307927 vertices and 1779544 edges. Source is 307925 and sink is 307926.
>> IO Time (CSV Read): 0.39004 seconds.

Kokkos initialized on: N6Kokkos6OpenMPE
>> Graph Build & Init Time: 0.743969 seconds.

[FINISHED] Total Iterations: 255
>> Algorithm Runtime: 0.0717509 seconds.
------------------------------------------
TOTAL Runtime (IO + Init + Algo): 1.20576 seconds.
MAX FLOW IS 990633
make[1]: Leaving directory '/workspaces/fit-dp'
----------------------------------------
>>> RUNNING: input/data/vision/csv_format/cowInc0002L4_L0.inc.csv
make[1]: Entering directory '/workspaces/fit-dp'
export OMP_PROC_BIND=spread && export OMP_PLACES=threads && ./knfs
Parsed graph with 414722 vertices and 3764004 edges. Source is 414720 and sink is 414721.
>> IO Time (CSV Read): 0.876296 seconds.

Kokkos initialized on: N6Kokkos6OpenMPE
>> Graph Build & Init Time: 1.64756 seconds.

[FINISHED] Total Iterations: 444
>> Algorithm Runtime: 0.0401233 seconds.
------------------------------------------
TOTAL Runtime (IO + Init + Algo): 2.56398 seconds.
MAX FLOW IS 395373862
make[1]: Leaving directory '/workspaces/fit-dp'
----------------------------------------
>>> RUNNING: input/data/vision/csv_format/KZ2-sawtooth8.csv
make[1]: Entering directory '/workspaces/fit-dp'
export OMP_PROC_BIND=spread && export OMP_PLACES=threads && ./knfs
Parsed graph with 307472 vertices and 1764234 edges. Source is 307470 and sink is 307471.
>> IO Time (CSV Read): 0.401464 seconds.

Kokkos initialized on: N6Kokkos6OpenMPE
>> Graph Build & Init Time: 0.741943 seconds.

[FINISHED] Total Iterations: 922683
>> Algorithm Runtime: 4.7314 seconds.
------------------------------------------
TOTAL Runtime (IO + Init + Algo): 5.87481 seconds.
MAX FLOW IS 1244068
make[1]: Leaving directory '/workspaces/fit-dp'
----------------------------------------
>>> RUNNING: input/data/vision/csv_format/KZ2-venus4.csv
make[1]: Entering directory '/workspaces/fit-dp'
export OMP_PROC_BIND=spread && export OMP_PLACES=threads && ./knfs
Parsed graph with 319376 vertices and 1864053 edges. Source is 319374 and sink is 319375.
>> IO Time (CSV Read): 0.411551 seconds.

Kokkos initialized on: N6Kokkos6OpenMPE
>> Graph Build & Init Time: 0.771996 seconds.

[FINISHED] Total Iterations: 887
>> Algorithm Runtime: 0.103534 seconds.
------------------------------------------
TOTAL Runtime (IO + Init + Algo): 1.28708 seconds.
MAX FLOW IS 1416898
make[1]: Leaving directory '/workspaces/fit-dp'
----------------------------------------
>>> RUNNING: input/data/vision/csv_format/gardenInc0003L4_L0.inc.csv
make[1]: Entering directory '/workspaces/fit-dp'
export OMP_PROC_BIND=spread && export OMP_PLACES=threads && ./knfs
Parsed graph with 21002 vertices and 143030 edges. Source is 21000 and sink is 21001.
>> IO Time (CSV Read): 0.0334356 seconds.

Kokkos initialized on: N6Kokkos6OpenMPE
>> Graph Build & Init Time: 0.0544468 seconds.

[FINISHED] Total Iterations: 28
>> Algorithm Runtime: 0.00149508 seconds.
------------------------------------------
TOTAL Runtime (IO + Init + Algo): 0.0893774 seconds.
MAX FLOW IS 15111142
make[1]: Leaving directory '/workspaces/fit-dp'
----------------------------------------
>>> RUNNING: input/data/vision/csv_format/flamingo2.csv
make[1]: Entering directory '/workspaces/fit-dp'
export OMP_PROC_BIND=spread && export OMP_PLACES=threads && ./knfs
Parsed graph with 480002 vertices and 4314276 edges. Source is 480000 and sink is 480001.
>> IO Time (CSV Read): 1.07443 seconds.

Kokkos initialized on: N6Kokkos6OpenMPE
>> Graph Build & Init Time: 1.86048 seconds.

[FINISHED] Total Iterations: 6451
>> Algorithm Runtime: 0.289181 seconds.
------------------------------------------
TOTAL Runtime (IO + Init + Algo): 3.22409 seconds.
MAX FLOW IS 239292496
make[1]: Leaving directory '/workspaces/fit-dp'
----------------------------------------
>>> RUNNING: input/data/vision/csv_format/KZ2-venus3.csv
make[1]: Entering directory '/workspaces/fit-dp'
export OMP_PROC_BIND=spread && export OMP_PLACES=threads && ./knfs
Parsed graph with 319324 vertices and 1864183 edges. Source is 319322 and sink is 319323.
>> IO Time (CSV Read): 0.414695 seconds.

Kokkos initialized on: N6Kokkos6OpenMPE
>> Graph Build & Init Time: 0.773072 seconds.

[FINISHED] Total Iterations: 385
>> Algorithm Runtime: 0.0805924 seconds.
------------------------------------------
TOTAL Runtime (IO + Init + Algo): 1.26836 seconds.
MAX FLOW IS 1338490
make[1]: Leaving directory '/workspaces/fit-dp'
----------------------------------------
>>> RUNNING: input/data/vision/csv_format/BVZ-tsukuba4.csv
make[1]: Entering directory '/workspaces/fit-dp'
export OMP_PROC_BIND=spread && export OMP_PLACES=threads && ./knfs
Parsed graph with 110596 vertices and 488242 edges. Source is 110594 and sink is 110595.
>> IO Time (CSV Read): 0.10561 seconds.

Kokkos initialized on: N6Kokkos6OpenMPE
>> Graph Build & Init Time: 0.181256 seconds.

[FINISHED] Total Iterations: 1989
>> Algorithm Runtime: 0.0578654 seconds.
------------------------------------------
TOTAL Runtime (IO + Init + Algo): 0.344732 seconds.
MAX FLOW IS 47978
make[1]: Leaving directory '/workspaces/fit-dp'
----------------------------------------
>>> RUNNING: input/data/vision/csv_format/gardenInc0002L4_L2.inc.csv
make[1]: Entering directory '/workspaces/fit-dp'
export OMP_PROC_BIND=spread && export OMP_PLACES=threads && ./knfs
Parsed graph with 21002 vertices and 192577 edges. Source is 21000 and sink is 21001.
>> IO Time (CSV Read): 0.0417222 seconds.

Kokkos initialized on: N6Kokkos6OpenMPE
>> Graph Build & Init Time: 0.0648659 seconds.

[FINISHED] Total Iterations: 82
>> Algorithm Runtime: 0.00204732 seconds.
------------------------------------------
TOTAL Runtime (IO + Init + Algo): 0.108635 seconds.
MAX FLOW IS 15069004
make[1]: Leaving directory '/workspaces/fit-dp'
----------------------------------------
>>> RUNNING: input/data/vision/csv_format/BVZ-venus18.csv
make[1]: Entering directory '/workspaces/fit-dp'
export OMP_PROC_BIND=spread && export OMP_PLACES=threads && ./knfs
Parsed graph with 166226 vertices and 785511 edges. Source is 166224 and sink is 166225.
>> IO Time (CSV Read): 0.177233 seconds.

Kokkos initialized on: N6Kokkos6OpenMPE
>> Graph Build & Init Time: 0.29068 seconds.

[FINISHED] Total Iterations: 1447
>> Algorithm Runtime: 0.047062 seconds.
------------------------------------------
TOTAL Runtime (IO + Init + Algo): 0.514976 seconds.
MAX FLOW IS 416697
make[1]: Leaving directory '/workspaces/fit-dp'
----------------------------------------
>>> RUNNING: input/data/vision/csv_format/cowInc0003L4_L3.inc.csv
make[1]: Entering directory '/workspaces/fit-dp'
export OMP_PROC_BIND=spread && export OMP_PLACES=threads && ./knfs
Parsed graph with 414722 vertices and 3808059 edges. Source is 414720 and sink is 414721.
>> IO Time (CSV Read): 0.895887 seconds.

Kokkos initialized on: N6Kokkos6OpenMPE
>> Graph Build & Init Time: 1.67624 seconds.

[FINISHED] Total Iterations: 318
>> Algorithm Runtime: 0.0305755 seconds.
------------------------------------------
TOTAL Runtime (IO + Init + Algo): 2.6027 seconds.
MAX FLOW IS 396273121
make[1]: Leaving directory '/workspaces/fit-dp'
----------------------------------------
>>> RUNNING: input/data/vision/csv_format/cowInc0003L4_L1.inc.csv
make[1]: Entering directory '/workspaces/fit-dp'
export OMP_PROC_BIND=spread && export OMP_PLACES=threads && ./knfs
Parsed graph with 414722 vertices and 2167834 edges. Source is 414720 and sink is 414721.
>> IO Time (CSV Read): 0.525986 seconds.

Kokkos initialized on: N6Kokkos6OpenMPE
>> Graph Build & Init Time: 1.04213 seconds.

[FINISHED] Total Iterations: 459
>> Algorithm Runtime: 0.0220669 seconds.
------------------------------------------
TOTAL Runtime (IO + Init + Algo): 1.59018 seconds.
MAX FLOW IS 396273121
make[1]: Leaving directory '/workspaces/fit-dp'
----------------------------------------
>>> RUNNING: input/data/vision/csv_format/BVZ-sawtooth19.csv
make[1]: Entering directory '/workspaces/fit-dp'
export OMP_PROC_BIND=spread && export OMP_PLACES=threads && ./knfs
Parsed graph with 164924 vertices and 786668 edges. Source is 164922 and sink is 164923.
>> IO Time (CSV Read): 0.176645 seconds.

Kokkos initialized on: N6Kokkos6OpenMPE
>> Graph Build & Init Time: 0.308901 seconds.

[FINISHED] Total Iterations: 2849
>> Algorithm Runtime: 0.0573223 seconds.
------------------------------------------
TOTAL Runtime (IO + Init + Algo): 0.542868 seconds.
MAX FLOW IS 244245
make[1]: Leaving directory '/workspaces/fit-dp'
----------------------------------------
>>> RUNNING: input/data/vision/csv_format/cowInc0003L4_L2.inc.csv
make[1]: Entering directory '/workspaces/fit-dp'
export OMP_PROC_BIND=spread && export OMP_PLACES=threads && ./knfs
Parsed graph with 414722 vertices and 3468665 edges. Source is 414720 and sink is 414721.
>> IO Time (CSV Read): 0.840717 seconds.

Kokkos initialized on: N6Kokkos6OpenMPE
>> Graph Build & Init Time: 1.55409 seconds.

[FINISHED] Total Iterations: 362
>> Algorithm Runtime: 0.0251986 seconds.
------------------------------------------
TOTAL Runtime (IO + Init + Algo): 2.42 seconds.
MAX FLOW IS 396273121
make[1]: Leaving directory '/workspaces/fit-dp'
----------------------------------------
>>> RUNNING: input/data/vision/csv_format/KZ2-venus14.csv
make[1]: Entering directory '/workspaces/fit-dp'
export OMP_PROC_BIND=spread && export OMP_PLACES=threads && ./knfs
Parsed graph with 310872 vertices and 1810690 edges. Source is 310870 and sink is 310871.
>> IO Time (CSV Read): 0.401945 seconds.

Kokkos initialized on: N6Kokkos6OpenMPE
>> Graph Build & Init Time: 0.747573 seconds.

[FINISHED] Total Iterations: 743
>> Algorithm Runtime: 0.0808718 seconds.
------------------------------------------
TOTAL Runtime (IO + Init + Algo): 1.23039 seconds.
MAX FLOW IS 1302938
make[1]: Leaving directory '/workspaces/fit-dp'
----------------------------------------
>>> RUNNING: input/data/vision/csv_format/KZ2-venus0.csv
make[1]: Entering directory '/workspaces/fit-dp'
export OMP_PROC_BIND=spread && export OMP_PLACES=threads && ./knfs
Parsed graph with 320289 vertices and 1869299 edges. Source is 320287 and sink is 320288.
>> IO Time (CSV Read): 0.412179 seconds.

Kokkos initialized on: N6Kokkos6OpenMPE
>> Graph Build & Init Time: 0.77708 seconds.

[FINISHED] Total Iterations: 632
>> Algorithm Runtime: 0.0871351 seconds.
------------------------------------------
TOTAL Runtime (IO + Init + Algo): 1.27639 seconds.
MAX FLOW IS 1143940
make[1]: Leaving directory '/workspaces/fit-dp'
----------------------------------------
>>> RUNNING: input/data/vision/csv_format/KZ2-venus17.csv
make[1]: Entering directory '/workspaces/fit-dp'
export OMP_PROC_BIND=spread && export OMP_PLACES=threads && ./knfs
Parsed graph with 316336 vertices and 1859247 edges. Source is 316334 and sink is 316335.
>> IO Time (CSV Read): 0.410836 seconds.

Kokkos initialized on: N6Kokkos6OpenMPE
>> Graph Build & Init Time: 0.789171 seconds.

[FINISHED] Total Iterations: 398
>> Algorithm Runtime: 0.0811234 seconds.
------------------------------------------
TOTAL Runtime (IO + Init + Algo): 1.28113 seconds.
MAX FLOW IS 1140530
make[1]: Leaving directory '/workspaces/fit-dp'
----------------------------------------
>>> RUNNING: input/data/vision/csv_format/cowInc0002L4_L3.inc.csv
make[1]: Entering directory '/workspaces/fit-dp'
export OMP_PROC_BIND=spread && export OMP_PLACES=threads && ./knfs
Parsed graph with 414722 vertices and 3786347 edges. Source is 414720 and sink is 414721.
>> IO Time (CSV Read): 0.907709 seconds.

Kokkos initialized on: N6Kokkos6OpenMPE
>> Graph Build & Init Time: 1.66934 seconds.

[FINISHED] Total Iterations: 630
>> Algorithm Runtime: 0.041739 seconds.
------------------------------------------
TOTAL Runtime (IO + Init + Algo): 2.61879 seconds.
MAX FLOW IS 395373862
make[1]: Leaving directory '/workspaces/fit-dp'
----------------------------------------
>>> RUNNING: input/data/vision/csv_format/BVZ-venus11.csv
make[1]: Entering directory '/workspaces/fit-dp'
export OMP_PROC_BIND=spread && export OMP_PLACES=threads && ./knfs
Parsed graph with 166226 vertices and 767355 edges. Source is 166224 and sink is 166225.
>> IO Time (CSV Read): 0.171007 seconds.

Kokkos initialized on: N6Kokkos6OpenMPE
>> Graph Build & Init Time: 0.288823 seconds.

[FINISHED] Total Iterations: 470
>> Algorithm Runtime: 0.0205999 seconds.
------------------------------------------
TOTAL Runtime (IO + Init + Algo): 0.48043 seconds.
MAX FLOW IS 817541
make[1]: Leaving directory '/workspaces/fit-dp'
----------------------------------------
>>> RUNNING: input/data/vision/csv_format/BVZ-venus2.csv
make[1]: Entering directory '/workspaces/fit-dp'
export OMP_PROC_BIND=spread && export OMP_PLACES=threads && ./knfs
Parsed graph with 166226 vertices and 787987 edges. Source is 166224 and sink is 166225.
>> IO Time (CSV Read): 0.178355 seconds.

Kokkos initialized on: N6Kokkos6OpenMPE
>> Graph Build & Init Time: 0.298662 seconds.

[FINISHED] Total Iterations: 1844
>> Algorithm Runtime: 0.0720213 seconds.
------------------------------------------
TOTAL Runtime (IO + Init + Algo): 0.549037 seconds.
MAX FLOW IS 234212
make[1]: Leaving directory '/workspaces/fit-dp'
----------------------------------------
>>> RUNNING: input/data/vision/csv_format/cowInc0005L4_L1.inc.csv
make[1]: Entering directory '/workspaces/fit-dp'
export OMP_PROC_BIND=spread && export OMP_PLACES=threads && ./knfs
Parsed graph with 414722 vertices and 2141856 edges. Source is 414720 and sink is 414721.
>> IO Time (CSV Read): 0.508714 seconds.

Kokkos initialized on: N6Kokkos6OpenMPE
>> Graph Build & Init Time: 1.02385 seconds.

[FINISHED] Total Iterations: 218
>> Algorithm Runtime: 0.0191111 seconds.
------------------------------------------
TOTAL Runtime (IO + Init + Algo): 1.55167 seconds.
MAX FLOW IS 394294572
make[1]: Leaving directory '/workspaces/fit-dp'
----------------------------------------
>>> RUNNING: input/data/vision/csv_format/gir0000.csv
make[1]: Entering directory '/workspaces/fit-dp'
export OMP_PROC_BIND=spread && export OMP_PLACES=threads && ./knfs
Parsed graph with 414722 vertices and 3730133 edges. Source is 414720 and sink is 414721.
>> IO Time (CSV Read): 0.89177 seconds.

Kokkos initialized on: N6Kokkos6OpenMPE
>> Graph Build & Init Time: 1.6151 seconds.

[FINISHED] Total Iterations: 1078
>> Algorithm Runtime: 0.18699 seconds.
------------------------------------------
TOTAL Runtime (IO + Init + Algo): 2.69386 seconds.
MAX FLOW IS 183906490
make[1]: Leaving directory '/workspaces/fit-dp'
----------------------------------------
>>> RUNNING: input/data/vision/csv_format/BVZ-venus0.csv
make[1]: Entering directory '/workspaces/fit-dp'
export OMP_PROC_BIND=spread && export OMP_PLACES=threads && ./knfs
Parsed graph with 166226 vertices and 787946 edges. Source is 166224 and sink is 166225.
>> IO Time (CSV Read): 0.176646 seconds.

Kokkos initialized on: N6Kokkos6OpenMPE
>> Graph Build & Init Time: 0.304471 seconds.

[FINISHED] Total Iterations: 1426
>> Algorithm Runtime: 0.0460167 seconds.
------------------------------------------
TOTAL Runtime (IO + Init + Algo): 0.527134 seconds.
MAX FLOW IS 357113
make[1]: Leaving directory '/workspaces/fit-dp'
----------------------------------------
>>> RUNNING: input/data/vision/csv_format/highway.inc.csv
make[1]: Entering directory '/workspaces/fit-dp'
export OMP_PROC_BIND=spread && export OMP_PLACES=threads && ./knfs
Parsed graph with 76802 vertices and 15301257 edges. Source is 76800 and sink is 76801.
>> IO Time (CSV Read): 3.46874 seconds.

Kokkos initialized on: N6Kokkos6OpenMPE
>> Graph Build & Init Time: 3.15062 seconds.

[FINISHED] Total Iterations: 2745
>> Algorithm Runtime: 0.135799 seconds.
------------------------------------------
TOTAL Runtime (IO + Init + Algo): 6.75516 seconds.
MAX FLOW IS 805859619279
make[1]: Leaving directory '/workspaces/fit-dp'
----------------------------------------
>>> RUNNING: input/data/vision/csv_format/BVZ-venus7.csv
make[1]: Entering directory '/workspaces/fit-dp'
export OMP_PROC_BIND=spread && export OMP_PLACES=threads && ./knfs
Parsed graph with 166226 vertices and 775025 edges. Source is 166224 and sink is 166225.
>> IO Time (CSV Read): 0.174044 seconds.

Kokkos initialized on: N6Kokkos6OpenMPE
>> Graph Build & Init Time: 0.284313 seconds.

[FINISHED] Total Iterations: 1080
>> Algorithm Runtime: 0.0355208 seconds.
------------------------------------------
TOTAL Runtime (IO + Init + Algo): 0.493879 seconds.
MAX FLOW IS 247990
make[1]: Leaving directory '/workspaces/fit-dp'
----------------------------------------
>>> RUNNING: input/data/vision/csv_format/gardenInc0004L4_L2.inc.csv
make[1]: Entering directory '/workspaces/fit-dp'
export OMP_PROC_BIND=spread && export OMP_PLACES=threads && ./knfs
Parsed graph with 21002 vertices and 195120 edges. Source is 21000 and sink is 21001.
>> IO Time (CSV Read): 0.0442112 seconds.

Kokkos initialized on: N6Kokkos6OpenMPE
>> Graph Build & Init Time: 0.0634541 seconds.

[FINISHED] Total Iterations: 84
>> Algorithm Runtime: 0.00210352 seconds.
------------------------------------------
TOTAL Runtime (IO + Init + Algo): 0.109769 seconds.
MAX FLOW IS 15138462
make[1]: Leaving directory '/workspaces/fit-dp'
----------------------------------------
>>> RUNNING: input/data/vision/csv_format/KZ2-sawtooth4.csv
make[1]: Entering directory '/workspaces/fit-dp'
export OMP_PROC_BIND=spread && export OMP_PLACES=threads && ./knfs
Parsed graph with 317870 vertices and 1871000 edges. Source is 317868 and sink is 317869.
>> IO Time (CSV Read): 0.411257 seconds.

Kokkos initialized on: N6Kokkos6OpenMPE
>> Graph Build & Init Time: 0.777367 seconds.

[FINISHED] Total Iterations: 383
>> Algorithm Runtime: 0.0850982 seconds.
------------------------------------------
TOTAL Runtime (IO + Init + Algo): 1.27372 seconds.
MAX FLOW IS 1047527
make[1]: Leaving directory '/workspaces/fit-dp'
----------------------------------------
>>> RUNNING: input/data/vision/csv_format/KZ2-sawtooth7.csv
make[1]: Entering directory '/workspaces/fit-dp'
export OMP_PROC_BIND=spread && export OMP_PLACES=threads && ./knfs
Parsed graph with 302436 vertices and 1715499 edges. Source is 302434 and sink is 302435.
>> IO Time (CSV Read): 0.375084 seconds.

Kokkos initialized on: N6Kokkos6OpenMPE
>> Graph Build & Init Time: 0.721939 seconds.

[FINISHED] Total Iterations: 241
>> Algorithm Runtime: 0.0579582 seconds.
------------------------------------------
TOTAL Runtime (IO + Init + Algo): 1.15498 seconds.
MAX FLOW IS 1123865
make[1]: Leaving directory '/workspaces/fit-dp'
----------------------------------------
>>> RUNNING: input/data/vision/csv_format/BVZ-venus4.csv
make[1]: Entering directory '/workspaces/fit-dp'
export OMP_PROC_BIND=spread && export OMP_PLACES=threads && ./knfs
Parsed graph with 166226 vertices and 775301 edges. Source is 166224 and sink is 166225.
>> IO Time (CSV Read): 0.186444 seconds.

Kokkos initialized on: N6Kokkos6OpenMPE
>> Graph Build & Init Time: 0.292409 seconds.

[FINISHED] Total Iterations: 1502
>> Algorithm Runtime: 0.03491 seconds.
------------------------------------------
TOTAL Runtime (IO + Init + Algo): 0.513763 seconds.
MAX FLOW IS 371891
make[1]: Leaving directory '/workspaces/fit-dp'
----------------------------------------
>>> RUNNING: input/data/vision/csv_format/BVZ-sawtooth5.csv
make[1]: Entering directory '/workspaces/fit-dp'
export OMP_PROC_BIND=spread && export OMP_PLACES=threads && ./knfs
Parsed graph with 164924 vertices and 776800 edges. Source is 164922 and sink is 164923.
>> IO Time (CSV Read): 0.175172 seconds.

Kokkos initialized on: N6Kokkos6OpenMPE
>> Graph Build & Init Time: 0.294253 seconds.

[FINISHED] Total Iterations: 328
>> Algorithm Runtime: 0.0225308 seconds.
------------------------------------------
TOTAL Runtime (IO + Init + Algo): 0.491955 seconds.
MAX FLOW IS 741808
make[1]: Leaving directory '/workspaces/fit-dp'
----------------------------------------
>>> RUNNING: input/data/vision/csv_format/beetle.csv
make[1]: Entering directory '/workspaces/fit-dp'
export OMP_PROC_BIND=spread && export OMP_PLACES=threads && ./knfs
Parsed graph with 200706 vertices and 1802504 edges. Source is 200704 and sink is 200705.
>> IO Time (CSV Read): 0.444002 seconds.

Kokkos initialized on: N6Kokkos6OpenMPE
>> Graph Build & Init Time: 0.758686 seconds.

[FINISHED] Total Iterations: 450
>> Algorithm Runtime: 0.0860942 seconds.
------------------------------------------
TOTAL Runtime (IO + Init + Algo): 1.28878 seconds.
MAX FLOW IS 106104509
make[1]: Leaving directory '/workspaces/fit-dp'
----------------------------------------
>>> RUNNING: input/data/vision/csv_format/KZ2-sawtooth10.csv
make[1]: Entering directory '/workspaces/fit-dp'
export OMP_PROC_BIND=spread && export OMP_PLACES=threads && ./knfs
Parsed graph with 300206 vertices and 1702913 edges. Source is 300204 and sink is 300205.
>> IO Time (CSV Read): 0.371593 seconds.

Kokkos initialized on: N6Kokkos6OpenMPE
>> Graph Build & Init Time: 0.72415 seconds.

[FINISHED] Total Iterations: 332
>> Algorithm Runtime: 0.15165 seconds.
------------------------------------------
TOTAL Runtime (IO + Init + Algo): 1.24739 seconds.
MAX FLOW IS 1097327
make[1]: Leaving directory '/workspaces/fit-dp'
----------------------------------------
>>> RUNNING: input/data/vision/csv_format/gardenInc0003L4_L3.inc.csv
make[1]: Entering directory '/workspaces/fit-dp'
export OMP_PROC_BIND=spread && export OMP_PLACES=threads && ./knfs
Parsed graph with 21002 vertices and 139260 edges. Source is 21000 and sink is 21001.
>> IO Time (CSV Read): 0.0308693 seconds.

Kokkos initialized on: N6Kokkos6OpenMPE
>> Graph Build & Init Time: 0.0471181 seconds.

[FINISHED] Total Iterations: 134
>> Algorithm Runtime: 0.0018295 seconds.
------------------------------------------
TOTAL Runtime (IO + Init + Algo): 0.0798168 seconds.
MAX FLOW IS 15109238
make[1]: Leaving directory '/workspaces/fit-dp'
----------------------------------------
>>> RUNNING: input/data/vision/csv_format/lazybrush-mangadinner.max.csv
make[1]: Entering directory '/workspaces/fit-dp'
export OMP_PROC_BIND=spread && export OMP_PLACES=threads && ./knfs
Parsed graph with 593032 vertices and 2397723 edges. Source is 593030 and sink is 593031.
>> IO Time (CSV Read): 0.564496 seconds.

Kokkos initialized on: N6Kokkos6OpenMPE
>> Graph Build & Init Time: 0.709229 seconds.

[FINISHED] Total Iterations: 151500
>> Algorithm Runtime: 1.12771 seconds.
------------------------------------------
TOTAL Runtime (IO + Init + Algo): 2.40143 seconds.
MAX FLOW IS 150663
make[1]: Leaving directory '/workspaces/fit-dp'
----------------------------------------
>>> RUNNING: input/data/vision/csv_format/gardenInc0003L4_L1.inc.csv
make[1]: Entering directory '/workspaces/fit-dp'
export OMP_PROC_BIND=spread && export OMP_PLACES=threads && ./knfs
Parsed graph with 21002 vertices and 172379 edges. Source is 21000 and sink is 21001.
>> IO Time (CSV Read): 0.0377461 seconds.

Kokkos initialized on: N6Kokkos6OpenMPE
>> Graph Build & Init Time: 0.058277 seconds.

[FINISHED] Total Iterations: 134
>> Algorithm Runtime: 0.0021951 seconds.
------------------------------------------
TOTAL Runtime (IO + Init + Algo): 0.0982182 seconds.
MAX FLOW IS 15110932
make[1]: Leaving directory '/workspaces/fit-dp'
----------------------------------------
>>> RUNNING: input/data/vision/csv_format/cowInc0002L4_L1.inc.csv
make[1]: Entering directory '/workspaces/fit-dp'
export OMP_PROC_BIND=spread && export OMP_PLACES=threads && ./knfs
Parsed graph with 414722 vertices and 2189911 edges. Source is 414720 and sink is 414721.
>> IO Time (CSV Read): 0.518528 seconds.

Kokkos initialized on: N6Kokkos6OpenMPE
>> Graph Build & Init Time: 1.04246 seconds.

[FINISHED] Total Iterations: 532
>> Algorithm Runtime: 0.0224978 seconds.
------------------------------------------
TOTAL Runtime (IO + Init + Algo): 1.58349 seconds.
MAX FLOW IS 395373862
make[1]: Leaving directory '/workspaces/fit-dp'
----------------------------------------
>>> RUNNING: input/data/vision/csv_format/BVZ-venus5.csv
make[1]: Entering directory '/workspaces/fit-dp'
export OMP_PROC_BIND=spread && export OMP_PLACES=threads && ./knfs
Parsed graph with 166226 vertices and 773397 edges. Source is 166224 and sink is 166225.
>> IO Time (CSV Read): 0.1744 seconds.

Kokkos initialized on: N6Kokkos6OpenMPE
>> Graph Build & Init Time: 0.301025 seconds.

[FINISHED] Total Iterations: 604
>> Algorithm Runtime: 0.0814365 seconds.
------------------------------------------
TOTAL Runtime (IO + Init + Algo): 0.556862 seconds.
MAX FLOW IS 392146
make[1]: Leaving directory '/workspaces/fit-dp'
----------------------------------------
>>> RUNNING: input/data/vision/csv_format/BVZ-sawtooth13.csv
make[1]: Entering directory '/workspaces/fit-dp'
export OMP_PROC_BIND=spread && export OMP_PLACES=threads && ./knfs
Parsed graph with 164924 vertices and 795676 edges. Source is 164922 and sink is 164923.
>> IO Time (CSV Read): 0.176431 seconds.

Kokkos initialized on: N6Kokkos6OpenMPE
>> Graph Build & Init Time: 0.293853 seconds.

[FINISHED] Total Iterations: 8163
>> Algorithm Runtime: 0.0591112 seconds.
------------------------------------------
TOTAL Runtime (IO + Init + Algo): 0.529396 seconds.
MAX FLOW IS 1306136
make[1]: Leaving directory '/workspaces/fit-dp'
----------------------------------------
>>> RUNNING: input/data/vision/csv_format/BVZ-venus6.csv
make[1]: Entering directory '/workspaces/fit-dp'
export OMP_PROC_BIND=spread && export OMP_PLACES=threads && ./knfs
Parsed graph with 166226 vertices and 776476 edges. Source is 166224 and sink is 166225.
>> IO Time (CSV Read): 0.172178 seconds.

Kokkos initialized on: N6Kokkos6OpenMPE
>> Graph Build & Init Time: 0.289055 seconds.

[FINISHED] Total Iterations: 405
>> Algorithm Runtime: 0.0227032 seconds.
------------------------------------------
TOTAL Runtime (IO + Init + Algo): 0.483936 seconds.
MAX FLOW IS 476553
make[1]: Leaving directory '/workspaces/fit-dp'
----------------------------------------
>>> RUNNING: input/data/vision/csv_format/BL06-gargoyle-med.max.csv
make[1]: Entering directory '/workspaces/fit-dp'
export OMP_PROC_BIND=spread && export OMP_PLACES=threads && ./knfs
Parsed graph with 8847364 vertices and 44048632 edges. Source is 8847362 and sink is 8847363.
>> IO Time (CSV Read): 10.6751 seconds.

Kokkos initialized on: N6Kokkos6OpenMPE
>> Graph Build & Init Time: 25.4962 seconds.

[FINISHED] Total Iterations: 2395
>> Algorithm Runtime: 1.97724 seconds.
------------------------------------------
TOTAL Runtime (IO + Init + Algo): 38.1486 seconds.
MAX FLOW IS 78071115
make[1]: Leaving directory '/workspaces/fit-dp'
----------------------------------------
>>> RUNNING: input/data/vision/csv_format/videoSegA2.inc.csv
make[1]: Entering directory '/workspaces/fit-dp'
export OMP_PROC_BIND=spread && export OMP_PLACES=threads && ./knfs
Parsed graph with 172804 vertices and 17112142 edges. Source is 172802 and sink is 172803.
>> IO Time (CSV Read): 4.05054 seconds.

Kokkos initialized on: N6Kokkos6OpenMPE
>> Graph Build & Init Time: 4.47703 seconds.

[FINISHED] Total Iterations: 1209
>> Algorithm Runtime: 0.148985 seconds.
------------------------------------------
TOTAL Runtime (IO + Init + Algo): 8.67655 seconds.
MAX FLOW IS 2121629360
make[1]: Leaving directory '/workspaces/fit-dp'
----------------------------------------
>>> RUNNING: input/data/vision/csv_format/KZ2-sawtooth9.csv
make[1]: Entering directory '/workspaces/fit-dp'
export OMP_PROC_BIND=spread && export OMP_PLACES=threads && ./knfs
Parsed graph with 262428 vertices and 1445552 edges. Source is 262426 and sink is 262427.
>> IO Time (CSV Read): 0.317241 seconds.

Kokkos initialized on: N6Kokkos6OpenMPE
>> Graph Build & Init Time: 0.589597 seconds.

[FINISHED] Total Iterations: 160
>> Algorithm Runtime: 0.0550376 seconds.
------------------------------------------
TOTAL Runtime (IO + Init + Algo): 0.961876 seconds.
MAX FLOW IS 909361
make[1]: Leaving directory '/workspaces/fit-dp'
----------------------------------------
>>> RUNNING: input/data/vision/csv_format/KZ2-venus20.csv
make[1]: Entering directory '/workspaces/fit-dp'
export OMP_PROC_BIND=spread && export OMP_PLACES=threads && ./knfs
Parsed graph with 315630 vertices and 1856106 edges. Source is 315628 and sink is 315629.
>> IO Time (CSV Read): 0.407337 seconds.

Kokkos initialized on: N6Kokkos6OpenMPE
>> Graph Build & Init Time: 0.785606 seconds.

[FINISHED] Total Iterations: 344
>> Algorithm Runtime: 0.168702 seconds.
------------------------------------------
TOTAL Runtime (IO + Init + Algo): 1.36164 seconds.
MAX FLOW IS 989615
make[1]: Leaving directory '/workspaces/fit-dp'
----------------------------------------
>>> RUNNING: input/data/vision/csv_format/lazybrush-elephant.max.csv
make[1]: Entering directory '/workspaces/fit-dp'
export OMP_PROC_BIND=spread && export OMP_PLACES=threads && ./knfs
Parsed graph with 2370064 vertices and 9492348 edges. Source is 2370062 and sink is 2370063.
>> IO Time (CSV Read): 2.32738 seconds.

Kokkos initialized on: N6Kokkos6OpenMPE
>> Graph Build & Init Time: 2.8687 seconds.

[FINISHED] Total Iterations: 58756
>> Algorithm Runtime: 3.17011 seconds.
------------------------------------------
TOTAL Runtime (IO + Init + Algo): 8.36618 seconds.
MAX FLOW IS 617577
make[1]: Leaving directory '/workspaces/fit-dp'
----------------------------------------
>>> RUNNING: input/data/vision/csv_format/KZ2-sawtooth3.csv
make[1]: Entering directory '/workspaces/fit-dp'
export OMP_PROC_BIND=spread && export OMP_PLACES=threads && ./knfs
Parsed graph with 301669 vertices and 1709942 edges. Source is 301667 and sink is 301668.
>> IO Time (CSV Read): 0.385769 seconds.

Kokkos initialized on: N6Kokkos6OpenMPE
>> Graph Build & Init Time: 0.707926 seconds.

[FINISHED] Total Iterations: 257
>> Algorithm Runtime: 0.146682 seconds.
------------------------------------------
TOTAL Runtime (IO + Init + Algo): 1.24038 seconds.
MAX FLOW IS 973371
make[1]: Leaving directory '/workspaces/fit-dp'
----------------------------------------
>>> RUNNING: input/data/vision/csv_format/pedestrians.inc.csv
make[1]: Entering directory '/workspaces/fit-dp'
export OMP_PROC_BIND=spread && export OMP_PLACES=threads && ./knfs
Parsed graph with 86402 vertices and 18683570 edges. Source is 86400 and sink is 86401.
>> IO Time (CSV Read): 4.36561 seconds.

Kokkos initialized on: N6Kokkos6OpenMPE
>> Graph Build & Init Time: 3.92725 seconds.

[FINISHED] Total Iterations: 71
>> Algorithm Runtime: 0.0455533 seconds.
------------------------------------------
TOTAL Runtime (IO + Init + Algo): 8.33841 seconds.
MAX FLOW IS 158448834714
make[1]: Leaving directory '/workspaces/fit-dp'
----------------------------------------
>>> RUNNING: input/data/vision/csv_format/videoSegB.csv
make[1]: Entering directory '/workspaces/fit-dp'
export OMP_PROC_BIND=spread && export OMP_PLACES=threads && ./knfs
Parsed graph with 230404 vertices and 2044726 edges. Source is 230402 and sink is 230403.
>> IO Time (CSV Read): 0.492326 seconds.

Kokkos initialized on: N6Kokkos6OpenMPE
>> Graph Build & Init Time: 0.754008 seconds.

[FINISHED] Total Iterations: 2889
>> Algorithm Runtime: 0.0474739 seconds.
------------------------------------------
TOTAL Runtime (IO + Init + Algo): 1.29381 seconds.
MAX FLOW IS 7475867
make[1]: Leaving directory '/workspaces/fit-dp'
----------------------------------------
>>> RUNNING: input/data/vision/csv_format/BVZ-venus19.csv
make[1]: Entering directory '/workspaces/fit-dp'
export OMP_PROC_BIND=spread && export OMP_PLACES=threads && ./knfs
Parsed graph with 166225 vertices and 829476 edges. Source is 166223 and sink is 166224.
>> IO Time (CSV Read): 0.188453 seconds.

Kokkos initialized on: N6Kokkos6OpenMPE
>> Graph Build & Init Time: 0.341722 seconds.

[FINISHED] Total Iterations: 1
>> Algorithm Runtime: 5.11e-07 seconds.
------------------------------------------
TOTAL Runtime (IO + Init + Algo): 0.530176 seconds.
MAX FLOW IS 0
make[1]: Leaving directory '/workspaces/fit-dp'
----------------------------------------
>>> RUNNING: input/data/vision/csv_format/KZ2-sawtooth13.csv
make[1]: Entering directory '/workspaces/fit-dp'
export OMP_PROC_BIND=spread && export OMP_PLACES=threads && ./knfs
Parsed graph with 237217 vertices and 1280496 edges. Source is 237215 and sink is 237216.
>> IO Time (CSV Read): 0.286653 seconds.

Kokkos initialized on: N6Kokkos6OpenMPE
>> Graph Build & Init Time: 0.513823 seconds.

[FINISHED] Total Iterations: 148
>> Algorithm Runtime: 0.0341461 seconds.
------------------------------------------
TOTAL Runtime (IO + Init + Algo): 0.834622 seconds.
MAX FLOW IS 841829
make[1]: Leaving directory '/workspaces/fit-dp'
----------------------------------------
>>> RUNNING: input/data/vision/csv_format/BVZ-venus15.csv
make[1]: Entering directory '/workspaces/fit-dp'
export OMP_PROC_BIND=spread && export OMP_PLACES=threads && ./knfs
Parsed graph with 166226 vertices and 793560 edges. Source is 166224 and sink is 166225.
>> IO Time (CSV Read): 0.178946 seconds.

Kokkos initialized on: N6Kokkos6OpenMPE
>> Graph Build & Init Time: 0.290625 seconds.

[FINISHED] Total Iterations: 204138
>> Algorithm Runtime: 1.05233 seconds.
------------------------------------------
TOTAL Runtime (IO + Init + Algo): 1.5219 seconds.
MAX FLOW IS 1110866
make[1]: Leaving directory '/workspaces/fit-dp'
----------------------------------------
>>> RUNNING: input/data/vision/csv_format/videoSegA.inc.csv
make[1]: Entering directory '/workspaces/fit-dp'
export OMP_PROC_BIND=spread && export OMP_PLACES=threads && ./knfs
Parsed graph with 172804 vertices and 17055574 edges. Source is 172802 and sink is 172803.
>> IO Time (CSV Read): 4.11345 seconds.

Kokkos initialized on: N6Kokkos6OpenMPE
>> Graph Build & Init Time: 4.42681 seconds.

[FINISHED] Total Iterations: 1457
>> Algorithm Runtime: 0.149303 seconds.
------------------------------------------
TOTAL Runtime (IO + Init + Algo): 8.68956 seconds.
MAX FLOW IS 2126831543
make[1]: Leaving directory '/workspaces/fit-dp'
----------------------------------------
>>> RUNNING: input/data/vision/csv_format/KZ2-sawtooth12.csv
make[1]: Entering directory '/workspaces/fit-dp'
export OMP_PROC_BIND=spread && export OMP_PLACES=threads && ./knfs
Parsed graph with 313418 vertices and 1834793 edges. Source is 313416 and sink is 313417.
>> IO Time (CSV Read): 0.405023 seconds.

Kokkos initialized on: N6Kokkos6OpenMPE
>> Graph Build & Init Time: 0.760224 seconds.

[FINISHED] Total Iterations: 167
>> Algorithm Runtime: 0.0706321 seconds.
------------------------------------------
TOTAL Runtime (IO + Init + Algo): 1.23588 seconds.
MAX FLOW IS 1069149
make[1]: Leaving directory '/workspaces/fit-dp'
----------------------------------------
>>> RUNNING: input/data/vision/csv_format/videoSegB.inc.csv
make[1]: Entering directory '/workspaces/fit-dp'
export OMP_PROC_BIND=spread && export OMP_PLACES=threads && ./knfs
Parsed graph with 230404 vertices and 11035840 edges. Source is 230402 and sink is 230403.
>> IO Time (CSV Read): 2.61361 seconds.

Kokkos initialized on: N6Kokkos6OpenMPE
>> Graph Build & Init Time: 3.23118 seconds.

[FINISHED] Total Iterations: 1282
>> Algorithm Runtime: 0.0590491 seconds.
------------------------------------------
TOTAL Runtime (IO + Init + Algo): 5.90384 seconds.
MAX FLOW IS 2112367274
make[1]: Leaving directory '/workspaces/fit-dp'
----------------------------------------
>>> RUNNING: input/data/vision/csv_format/BVZ-venus1.csv
make[1]: Entering directory '/workspaces/fit-dp'
export OMP_PROC_BIND=spread && export OMP_PLACES=threads && ./knfs
Parsed graph with 166226 vertices and 787716 edges. Source is 166224 and sink is 166225.
>> IO Time (CSV Read): 0.175918 seconds.

Kokkos initialized on: N6Kokkos6OpenMPE
>> Graph Build & Init Time: 0.303988 seconds.

[FINISHED] Total Iterations: 1072
>> Algorithm Runtime: 0.0427835 seconds.
------------------------------------------
TOTAL Runtime (IO + Init + Algo): 0.52269 seconds.
MAX FLOW IS 273156
make[1]: Leaving directory '/workspaces/fit-dp'
----------------------------------------
>>> RUNNING: input/data/vision/csv_format/gardenInc0001L4_L0.inc.csv
make[1]: Entering directory '/workspaces/fit-dp'
export OMP_PROC_BIND=spread && export OMP_PLACES=threads && ./knfs
Parsed graph with 21002 vertices and 141714 edges. Source is 21000 and sink is 21001.
>> IO Time (CSV Read): 0.0320871 seconds.

Kokkos initialized on: N6Kokkos6OpenMPE
>> Graph Build & Init Time: 0.0483829 seconds.

[FINISHED] Total Iterations: 37
>> Algorithm Runtime: 0.00127121 seconds.
------------------------------------------
TOTAL Runtime (IO + Init + Algo): 0.0817412 seconds.
MAX FLOW IS 15051622
make[1]: Leaving directory '/workspaces/fit-dp'
----------------------------------------
>>> RUNNING: input/data/vision/csv_format/KZ2-venus9.csv
make[1]: Entering directory '/workspaces/fit-dp'
export OMP_PROC_BIND=spread && export OMP_PLACES=threads && ./knfs
Parsed graph with 316578 vertices and 1849322 edges. Source is 316576 and sink is 316577.
>> IO Time (CSV Read): 0.408783 seconds.

Kokkos initialized on: N6Kokkos6OpenMPE
>> Graph Build & Init Time: 0.757521 seconds.

[FINISHED] Total Iterations: 571
>> Algorithm Runtime: 0.0798632 seconds.
------------------------------------------
TOTAL Runtime (IO + Init + Algo): 1.24617 seconds.
MAX FLOW IS 1393477
make[1]: Leaving directory '/workspaces/fit-dp'
----------------------------------------
>>> RUNNING: input/data/vision/csv_format/BVZ-sawtooth7.csv
make[1]: Entering directory '/workspaces/fit-dp'
export OMP_PROC_BIND=spread && export OMP_PLACES=threads && ./knfs
Parsed graph with 164924 vertices and 766285 edges. Source is 164922 and sink is 164923.
>> IO Time (CSV Read): 0.17352 seconds.

Kokkos initialized on: N6Kokkos6OpenMPE
>> Graph Build & Init Time: 0.29583 seconds.

[FINISHED] Total Iterations: 27742
>> Algorithm Runtime: 0.162177 seconds.
------------------------------------------
TOTAL Runtime (IO + Init + Algo): 0.631527 seconds.
MAX FLOW IS 587824
make[1]: Leaving directory '/workspaces/fit-dp'
----------------------------------------
>>> RUNNING: input/data/vision/csv_format/KZ2-venus7.csv
make[1]: Entering directory '/workspaces/fit-dp'
export OMP_PROC_BIND=spread && export OMP_PLACES=threads && ./knfs
Parsed graph with 321511 vertices and 1898639 edges. Source is 321509 and sink is 321510.
>> IO Time (CSV Read): 0.41451 seconds.

Kokkos initialized on: N6Kokkos6OpenMPE
>> Graph Build & Init Time: 0.78154 seconds.

[FINISHED] Total Iterations: 880
>> Algorithm Runtime: 0.0592063 seconds.
------------------------------------------
TOTAL Runtime (IO + Init + Algo): 1.25526 seconds.
MAX FLOW IS 1496926
make[1]: Leaving directory '/workspaces/fit-dp'
----------------------------------------
>>> RUNNING: input/data/vision/csv_format/gardenInc0002L4_L1.inc.csv
make[1]: Entering directory '/workspaces/fit-dp'
export OMP_PROC_BIND=spread && export OMP_PLACES=threads && ./knfs
Parsed graph with 21002 vertices and 175005 edges. Source is 21000 and sink is 21001.
>> IO Time (CSV Read): 0.0391367 seconds.

Kokkos initialized on: N6Kokkos6OpenMPE
>> Graph Build & Init Time: 0.0616152 seconds.

[FINISHED] Total Iterations: 82
>> Algorithm Runtime: 0.00194822 seconds.
------------------------------------------
TOTAL Runtime (IO + Init + Algo): 0.1027 seconds.
MAX FLOW IS 15068948
make[1]: Leaving directory '/workspaces/fit-dp'
----------------------------------------
>>> RUNNING: input/data/vision/csv_format/BVZ-sawtooth2.csv
make[1]: Entering directory '/workspaces/fit-dp'
export OMP_PROC_BIND=spread && export OMP_PLACES=threads && ./knfs
Parsed graph with 164924 vertices and 777798 edges. Source is 164922 and sink is 164923.
>> IO Time (CSV Read): 0.175886 seconds.

Kokkos initialized on: N6Kokkos6OpenMPE
>> Graph Build & Init Time: 0.301972 seconds.

[FINISHED] Total Iterations: 938
>> Algorithm Runtime: 0.0416056 seconds.
------------------------------------------
TOTAL Runtime (IO + Init + Algo): 0.519463 seconds.
MAX FLOW IS 616410
make[1]: Leaving directory '/workspaces/fit-dp'
----------------------------------------
>>> RUNNING: input/data/vision/csv_format/BVZ-sawtooth8.csv
make[1]: Entering directory '/workspaces/fit-dp'
export OMP_PROC_BIND=spread && export OMP_PLACES=threads && ./knfs
Parsed graph with 164924 vertices and 764591 edges. Source is 164922 and sink is 164923.
>> IO Time (CSV Read): 0.172848 seconds.

Kokkos initialized on: N6Kokkos6OpenMPE
>> Graph Build & Init Time: 0.288285 seconds.

[FINISHED] Total Iterations: 649
>> Algorithm Runtime: 0.0380628 seconds.
------------------------------------------
TOTAL Runtime (IO + Init + Algo): 0.499196 seconds.
MAX FLOW IS 482700
make[1]: Leaving directory '/workspaces/fit-dp'
----------------------------------------
>>> RUNNING: input/data/vision/csv_format/BVZ-tsukuba7.csv
make[1]: Entering directory '/workspaces/fit-dp'
export OMP_PROC_BIND=spread && export OMP_PLACES=threads && ./knfs
Parsed graph with 110596 vertices and 495749 edges. Source is 110594 and sink is 110595.
>> IO Time (CSV Read): 0.106206 seconds.

Kokkos initialized on: N6Kokkos6OpenMPE
>> Graph Build & Init Time: 0.186574 seconds.

[FINISHED] Total Iterations: 17097
>> Algorithm Runtime: 0.129735 seconds.
------------------------------------------
TOTAL Runtime (IO + Init + Algo): 0.422515 seconds.
MAX FLOW IS 40486
make[1]: Leaving directory '/workspaces/fit-dp'
----------------------------------------
>>> RUNNING: input/data/vision/csv_format/BVZ-sawtooth12.csv
make[1]: Entering directory '/workspaces/fit-dp'
export OMP_PROC_BIND=spread && export OMP_PLACES=threads && ./knfs
Parsed graph with 164924 vertices and 777967 edges. Source is 164922 and sink is 164923.
>> IO Time (CSV Read): 0.176598 seconds.

Kokkos initialized on: N6Kokkos6OpenMPE
>> Graph Build & Init Time: 0.299324 seconds.

[FINISHED] Total Iterations: 1356
>> Algorithm Runtime: 0.0675916 seconds.
------------------------------------------
TOTAL Runtime (IO + Init + Algo): 0.543513 seconds.
MAX FLOW IS 300375
make[1]: Leaving directory '/workspaces/fit-dp'
----------------------------------------
>>> RUNNING: input/data/vision/csv_format/BVZ-tsukuba6.csv
make[1]: Entering directory '/workspaces/fit-dp'
export OMP_PROC_BIND=spread && export OMP_PLACES=threads && ./knfs
Parsed graph with 110596 vertices and 484604 edges. Source is 110594 and sink is 110595.
>> IO Time (CSV Read): 0.106558 seconds.

Kokkos initialized on: N6Kokkos6OpenMPE
>> Graph Build & Init Time: 0.178976 seconds.

[FINISHED] Total Iterations: 505
>> Algorithm Runtime: 0.0137631 seconds.
------------------------------------------
TOTAL Runtime (IO + Init + Algo): 0.299298 seconds.
MAX FLOW IS 182413
make[1]: Leaving directory '/workspaces/fit-dp'
----------------------------------------
>>> RUNNING: input/data/vision/csv_format/lazybrush-doctor.max.csv
make[1]: Entering directory '/workspaces/fit-dp'
export OMP_PROC_BIND=spread && export OMP_PLACES=threads && ./knfs
Parsed graph with 2373272 vertices and 9522523 edges. Source is 2373270 and sink is 2373271.
>> IO Time (CSV Read): 2.37345 seconds.

Kokkos initialized on: N6Kokkos6OpenMPE
>> Graph Build & Init Time: 2.88719 seconds.

[FINISHED] Total Iterations: 356740
>> Algorithm Runtime: 2.73191 seconds.
------------------------------------------
TOTAL Runtime (IO + Init + Algo): 7.99255 seconds.
MAX FLOW IS 368364
make[1]: Leaving directory '/workspaces/fit-dp'
----------------------------------------
>>> RUNNING: input/data/vision/csv_format/BVZ-tsukuba14.csv
make[1]: Entering directory '/workspaces/fit-dp'
export OMP_PROC_BIND=spread && export OMP_PLACES=threads && ./knfs
Parsed graph with 110596 vertices and 507443 edges. Source is 110594 and sink is 110595.
>> IO Time (CSV Read): 0.107263 seconds.

Kokkos initialized on: N6Kokkos6OpenMPE
>> Graph Build & Init Time: 0.190806 seconds.

[FINISHED] Total Iterations: 8056
>> Algorithm Runtime: 0.0842168 seconds.
------------------------------------------
TOTAL Runtime (IO + Init + Algo): 0.382286 seconds.
MAX FLOW IS 50170
make[1]: Leaving directory '/workspaces/fit-dp'
----------------------------------------
>>> RUNNING: input/data/vision/csv_format/BVZ-venus8.csv
make[1]: Entering directory '/workspaces/fit-dp'
export OMP_PROC_BIND=spread && export OMP_PLACES=threads && ./knfs
Parsed graph with 166226 vertices and 779091 edges. Source is 166224 and sink is 166225.
>> IO Time (CSV Read): 0.175306 seconds.

Kokkos initialized on: N6Kokkos6OpenMPE
>> Graph Build & Init Time: 0.295521 seconds.

[FINISHED] Total Iterations: 759
>> Algorithm Runtime: 0.0470497 seconds.
------------------------------------------
TOTAL Runtime (IO + Init + Algo): 0.517877 seconds.
MAX FLOW IS 319123
make[1]: Leaving directory '/workspaces/fit-dp'
----------------------------------------
>>> RUNNING: input/data/vision/csv_format/BVZ-sawtooth1.csv
make[1]: Entering directory '/workspaces/fit-dp'
export OMP_PROC_BIND=spread && export OMP_PLACES=threads && ./knfs
Parsed graph with 164924 vertices and 789014 edges. Source is 164922 and sink is 164923.
>> IO Time (CSV Read): 0.178091 seconds.

Kokkos initialized on: N6Kokkos6OpenMPE
>> Graph Build & Init Time: 0.306671 seconds.

[FINISHED] Total Iterations: 1229
>> Algorithm Runtime: 0.0457376 seconds.
------------------------------------------
TOTAL Runtime (IO + Init + Algo): 0.5305 seconds.
MAX FLOW IS 274635
make[1]: Leaving directory '/workspaces/fit-dp'
----------------------------------------
>>> RUNNING: input/data/vision/csv_format/BVZ-tsukuba1.csv
make[1]: Entering directory '/workspaces/fit-dp'
export OMP_PROC_BIND=spread && export OMP_PLACES=threads && ./knfs
Parsed graph with 110596 vertices and 506694 edges. Source is 110594 and sink is 110595.
>> IO Time (CSV Read): 0.112318 seconds.

Kokkos initialized on: N6Kokkos6OpenMPE
>> Graph Build & Init Time: 0.18553 seconds.

[FINISHED] Total Iterations: 639
>> Algorithm Runtime: 0.0170887 seconds.
------------------------------------------
TOTAL Runtime (IO + Init + Algo): 0.314936 seconds.
MAX FLOW IS 252699
make[1]: Leaving directory '/workspaces/fit-dp'
----------------------------------------
>>> RUNNING: input/data/vision/csv_format/candeeiro.csv
make[1]: Entering directory '/workspaces/fit-dp'
export OMP_PROC_BIND=spread && export OMP_PLACES=threads && ./knfs
Parsed graph with 308738 vertices and 2772924 edges. Source is 308736 and sink is 308737.
>> IO Time (CSV Read): 0.672954 seconds.

Kokkos initialized on: N6Kokkos6OpenMPE
>> Graph Build & Init Time: 1.23505 seconds.

[FINISHED] Total Iterations: 2487
>> Algorithm Runtime: 0.179537 seconds.
------------------------------------------
TOTAL Runtime (IO + Init + Algo): 2.08754 seconds.
MAX FLOW IS 195659297
make[1]: Leaving directory '/workspaces/fit-dp'
----------------------------------------
>>> RUNNING: input/data/vision/csv_format/BVZ-tsukuba13.csv
make[1]: Entering directory '/workspaces/fit-dp'
export OMP_PROC_BIND=spread && export OMP_PLACES=threads && ./knfs
Parsed graph with 110595 vertices and 551616 edges. Source is 110593 and sink is 110594.
>> IO Time (CSV Read): 0.124825 seconds.

Kokkos initialized on: N6Kokkos6OpenMPE
>> Graph Build & Init Time: 0.216932 seconds.

[FINISHED] Total Iterations: 1
>> Algorithm Runtime: 4.61e-07 seconds.
------------------------------------------
TOTAL Runtime (IO + Init + Algo): 0.341757 seconds.
MAX FLOW IS 0
make[1]: Leaving directory '/workspaces/fit-dp'
----------------------------------------
>>> RUNNING: input/data/vision/csv_format/cowInc0004L4_L3.inc.csv
make[1]: Entering directory '/workspaces/fit-dp'
export OMP_PROC_BIND=spread && export OMP_PLACES=threads && ./knfs
Parsed graph with 414722 vertices and 3808137 edges. Source is 414720 and sink is 414721.
>> IO Time (CSV Read): 0.908913 seconds.

Kokkos initialized on: N6Kokkos6OpenMPE
>> Graph Build & Init Time: 1.67673 seconds.

[FINISHED] Total Iterations: 773885
>> Algorithm Runtime: 3.97964 seconds.
------------------------------------------
TOTAL Runtime (IO + Init + Algo): 6.56528 seconds.
MAX FLOW IS 395889859
make[1]: Leaving directory '/workspaces/fit-dp'
----------------------------------------
>>> RUNNING: input/data/vision/csv_format/KZ2-sawtooth5.csv
make[1]: Entering directory '/workspaces/fit-dp'
export OMP_PROC_BIND=spread && export OMP_PLACES=threads && ./knfs
Parsed graph with 289057 vertices and 1625964 edges. Source is 289055 and sink is 289056.
>> IO Time (CSV Read): 0.365026 seconds.

Kokkos initialized on: N6Kokkos6OpenMPE
>> Graph Build & Init Time: 0.687943 seconds.

[FINISHED] Total Iterations: 231
>> Algorithm Runtime: 0.107457 seconds.
------------------------------------------
TOTAL Runtime (IO + Init + Algo): 1.16043 seconds.
MAX FLOW IS 944011
make[1]: Leaving directory '/workspaces/fit-dp'
----------------------------------------
>>> RUNNING: input/data/vision/csv_format/BVZ-sawtooth9.csv
make[1]: Entering directory '/workspaces/fit-dp'
export OMP_PROC_BIND=spread && export OMP_PLACES=threads && ./knfs
Parsed graph with 164924 vertices and 772741 edges. Source is 164922 and sink is 164923.
>> IO Time (CSV Read): 0.178883 seconds.

Kokkos initialized on: N6Kokkos6OpenMPE
>> Graph Build & Init Time: 0.290802 seconds.

[FINISHED] Total Iterations: 322
>> Algorithm Runtime: 0.0206808 seconds.
------------------------------------------
TOTAL Runtime (IO + Init + Algo): 0.490366 seconds.
MAX FLOW IS 877337
make[1]: Leaving directory '/workspaces/fit-dp'
----------------------------------------
>>> RUNNING: input/data/vision/csv_format/BVZ-tsukuba9.csv
make[1]: Entering directory '/workspaces/fit-dp'
export OMP_PROC_BIND=spread && export OMP_PLACES=threads && ./knfs
Parsed graph with 110596 vertices and 519074 edges. Source is 110594 and sink is 110595.
>> IO Time (CSV Read): 0.113312 seconds.

Kokkos initialized on: N6Kokkos6OpenMPE
>> Graph Build & Init Time: 0.18375 seconds.

[FINISHED] Total Iterations: 167246
>> Algorithm Runtime: 0.859116 seconds.
------------------------------------------
TOTAL Runtime (IO + Init + Algo): 1.15618 seconds.
MAX FLOW IS 290793
make[1]: Leaving directory '/workspaces/fit-dp'
----------------------------------------
>>> RUNNING: input/data/vision/csv_format/gardenInc0005L4_L3.inc.csv
make[1]: Entering directory '/workspaces/fit-dp'
export OMP_PROC_BIND=spread && export OMP_PLACES=threads && ./knfs
Parsed graph with 21002 vertices and 138646 edges. Source is 21000 and sink is 21001.
>> IO Time (CSV Read): 0.0312104 seconds.

Kokkos initialized on: N6Kokkos6OpenMPE
>> Graph Build & Init Time: 0.0480582 seconds.

[FINISHED] Total Iterations: 149
>> Algorithm Runtime: 0.00207432 seconds.
------------------------------------------
TOTAL Runtime (IO + Init + Algo): 0.081343 seconds.
MAX FLOW IS 15174741
make[1]: Leaving directory '/workspaces/fit-dp'
----------------------------------------
>>> RUNNING: input/data/bisection/csv_format/cal-1804434-0002-024.csv
make[1]: Entering directory '/workspaces/fit-dp'
export OMP_PROC_BIND=spread && export OMP_PLACES=threads && ./knfs
Parsed graph with 1804436 vertices and 4442814 edges. Source is 1804434 and sink is 1804435.
>> IO Time (CSV Read): 1.06153 seconds.

Kokkos initialized on: N6Kokkos6OpenMPE
>> Graph Build & Init Time: 1.77481 seconds.

[FINISHED] Total Iterations: 180441
>> Algorithm Runtime: 1.49974 seconds.
------------------------------------------
TOTAL Runtime (IO + Init + Algo): 4.33608 seconds.
MAX FLOW IS 24
make[1]: Leaving directory '/workspaces/fit-dp'
----------------------------------------
>>> RUNNING: input/data/bisection/csv_format/nl-2159462-0014-032.csv
make[1]: Entering directory '/workspaces/fit-dp'
export OMP_PROC_BIND=spread && export OMP_PLACES=threads && ./knfs
Parsed graph with 2159464 vertices and 4766792 edges. Source is 2159462 and sink is 2159463.
>> IO Time (CSV Read): 1.12065 seconds.

Kokkos initialized on: N6Kokkos6OpenMPE
>> Graph Build & Init Time: 1.58728 seconds.

[FINISHED] Total Iterations: 95516
>> Algorithm Runtime: 0.961517 seconds.
------------------------------------------
TOTAL Runtime (IO + Init + Algo): 3.66945 seconds.
MAX FLOW IS 32
make[1]: Leaving directory '/workspaces/fit-dp'
----------------------------------------
>>> RUNNING: input/data/bisection/csv_format/cal-1804434-0006-037.csv
make[1]: Entering directory '/workspaces/fit-dp'
export OMP_PROC_BIND=spread && export OMP_PLACES=threads && ./knfs
Parsed graph with 1804436 vertices and 4442673 edges. Source is 1804434 and sink is 1804435.
>> IO Time (CSV Read): 1.06735 seconds.

Kokkos initialized on: N6Kokkos6OpenMPE
>> Graph Build & Init Time: 1.74739 seconds.

[FINISHED] Total Iterations: 3513392
>> Algorithm Runtime: 18.4275 seconds.
------------------------------------------
TOTAL Runtime (IO + Init + Algo): 21.2422 seconds.
MAX FLOW IS 37
make[1]: Leaving directory '/workspaces/fit-dp'
----------------------------------------
>>> RUNNING: input/data/bisection/csv_format/lux-106797-0078-008.csv
make[1]: Entering directory '/workspaces/fit-dp'
export OMP_PROC_BIND=spread && export OMP_PLACES=threads && ./knfs
Parsed graph with 106799 vertices and 223683 edges. Source is 106797 and sink is 106798.
>> IO Time (CSV Read): 0.0477891 seconds.

Kokkos initialized on: N6Kokkos6OpenMPE
>> Graph Build & Init Time: 0.0541989 seconds.

[FINISHED] Total Iterations: 69392
>> Algorithm Runtime: 0.368326 seconds.
------------------------------------------
TOTAL Runtime (IO + Init + Algo): 0.470314 seconds.
MAX FLOW IS 8
make[1]: Leaving directory '/workspaces/fit-dp'
----------------------------------------
>>> RUNNING: input/data/bisection/csv_format/rgg18-260352-0032-319.csv
make[1]: Entering directory '/workspaces/fit-dp'
export OMP_PROC_BIND=spread && export OMP_PLACES=threads && ./knfs
Parsed graph with 260354 vertices and 3066560 edges. Source is 260352 and sink is 260353.
>> IO Time (CSV Read): 0.652492 seconds.

Kokkos initialized on: N6Kokkos6OpenMPE
>> Graph Build & Init Time: 1.12898 seconds.

[FINISHED] Total Iterations: 1746
>> Algorithm Runtime: 0.0974693 seconds.
------------------------------------------
TOTAL Runtime (IO + Init + Algo): 1.87894 seconds.
MAX FLOW IS 319
make[1]: Leaving directory '/workspaces/fit-dp'
----------------------------------------
>>> RUNNING: input/data/bisection/csv_format/cal-1804434-0001-024.csv
make[1]: Entering directory '/workspaces/fit-dp'
export OMP_PROC_BIND=spread && export OMP_PLACES=threads && ./knfs
Parsed graph with 1804436 vertices and 4442570 edges. Source is 1804434 and sink is 1804435.
>> IO Time (CSV Read): 1.06449 seconds.

Kokkos initialized on: N6Kokkos6OpenMPE
>> Graph Build & Init Time: 1.70288 seconds.

[FINISHED] Total Iterations: 408283
>> Algorithm Runtime: 2.65273 seconds.
------------------------------------------
TOTAL Runtime (IO + Init + Algo): 5.42009 seconds.
MAX FLOW IS 24
make[1]: Leaving directory '/workspaces/fit-dp'
----------------------------------------
>>> RUNNING: input/data/bisection/csv_format/cal-1804434-0007-019.csv
make[1]: Entering directory '/workspaces/fit-dp'
export OMP_PROC_BIND=spread && export OMP_PLACES=threads && ./knfs
Parsed graph with 1804436 vertices and 4442673 edges. Source is 1804434 and sink is 1804435.
>> IO Time (CSV Read): 1.05584 seconds.

Kokkos initialized on: N6Kokkos6OpenMPE
>> Graph Build & Init Time: 1.74052 seconds.

[FINISHED] Total Iterations: 92743
>> Algorithm Runtime: 0.991442 seconds.
------------------------------------------
TOTAL Runtime (IO + Init + Algo): 3.7878 seconds.
MAX FLOW IS 19
make[1]: Leaving directory '/workspaces/fit-dp'
----------------------------------------
>>> RUNNING: input/data/bisection/csv_format/lux-108312-0026-010.csv
make[1]: Entering directory '/workspaces/fit-dp'
export OMP_PROC_BIND=spread && export OMP_PLACES=threads && ./knfs
Parsed graph with 108314 vertices and 226703 edges. Source is 108312 and sink is 108313.
>> IO Time (CSV Read): 0.0482559 seconds.

Kokkos initialized on: N6Kokkos6OpenMPE
>> Graph Build & Init Time: 0.0581519 seconds.

[FINISHED] Total Iterations: 67263
>> Algorithm Runtime: 0.428175 seconds.
------------------------------------------
TOTAL Runtime (IO + Init + Algo): 0.534583 seconds.
MAX FLOW IS 10
make[1]: Leaving directory '/workspaces/fit-dp'
----------------------------------------
>>> RUNNING: input/data/bisection/csv_format/nl-2159462-0276-041.csv
make[1]: Entering directory '/workspaces/fit-dp'
export OMP_PROC_BIND=spread && export OMP_PLACES=threads && ./knfs
Parsed graph with 2159464 vertices and 4777401 edges. Source is 2159462 and sink is 2159463.
>> IO Time (CSV Read): 1.10616 seconds.

Kokkos initialized on: N6Kokkos6OpenMPE
>> Graph Build & Init Time: 1.9836 seconds.

[FINISHED] Total Iterations: 91846
>> Algorithm Runtime: 1.05533 seconds.
------------------------------------------
TOTAL Runtime (IO + Init + Algo): 4.14509 seconds.
MAX FLOW IS 41
make[1]: Leaving directory '/workspaces/fit-dp'
----------------------------------------
>>> RUNNING: input/data/bisection/csv_format/rgg18-260352-0013-161.csv
make[1]: Entering directory '/workspaces/fit-dp'
export OMP_PROC_BIND=spread && export OMP_PLACES=threads && ./knfs
Parsed graph with 260354 vertices and 3066564 edges. Source is 260352 and sink is 260353.
>> IO Time (CSV Read): 0.632733 seconds.

Kokkos initialized on: N6Kokkos6OpenMPE
>> Graph Build & Init Time: 1.13954 seconds.

[FINISHED] Total Iterations: 851
>> Algorithm Runtime: 0.0853771 seconds.
------------------------------------------
TOTAL Runtime (IO + Init + Algo): 1.85765 seconds.
MAX FLOW IS 161
make[1]: Leaving directory '/workspaces/fit-dp'
----------------------------------------
>>> RUNNING: input/data/bisection/csv_format/horse-48112-0017-266.csv
make[1]: Entering directory '/workspaces/fit-dp'
export OMP_PROC_BIND=spread && export OMP_PLACES=threads && ./knfs
Parsed graph with 48114 vertices and 288669 edges. Source is 48112 and sink is 48113.
>> IO Time (CSV Read): 0.0657042 seconds.

Kokkos initialized on: N6Kokkos6OpenMPE
>> Graph Build & Init Time: 0.0746886 seconds.

[FINISHED] Total Iterations: 1427
>> Algorithm Runtime: 0.024794 seconds.
------------------------------------------
TOTAL Runtime (IO + Init + Algo): 0.165187 seconds.
MAX FLOW IS 266
make[1]: Leaving directory '/workspaces/fit-dp'
----------------------------------------
>>> RUNNING: input/data/bisection/csv_format/rgg17-129426-0013-221.csv
make[1]: Entering directory '/workspaces/fit-dp'
export OMP_PROC_BIND=spread && export OMP_PLACES=threads && ./knfs
Parsed graph with 129428 vertices and 1432744 edges. Source is 129426 and sink is 129427.
>> IO Time (CSV Read): 0.300979 seconds.

Kokkos initialized on: N6Kokkos6OpenMPE
>> Graph Build & Init Time: 0.510781 seconds.

[FINISHED] Total Iterations: 1914
>> Algorithm Runtime: 0.0529858 seconds.
------------------------------------------
TOTAL Runtime (IO + Init + Algo): 0.864746 seconds.
MAX FLOW IS 221
make[1]: Leaving directory '/workspaces/fit-dp'
----------------------------------------
>>> RUNNING: input/data/bisection/csv_format/alue7065-33338-0005-060.csv
make[1]: Entering directory '/workspaces/fit-dp'
export OMP_PROC_BIND=spread && export OMP_PLACES=threads && ./knfs
Parsed graph with 33340 vertices and 107992 edges. Source is 33338 and sink is 33339.
>> IO Time (CSV Read): 0.0230289 seconds.

Kokkos initialized on: N6Kokkos6OpenMPE
>> Graph Build & Init Time: 0.0268264 seconds.

[FINISHED] Total Iterations: 7619
>> Algorithm Runtime: 0.0543371 seconds.
------------------------------------------
TOTAL Runtime (IO + Init + Algo): 0.104192 seconds.
MAX FLOW IS 60
make[1]: Leaving directory '/workspaces/fit-dp'
----------------------------------------
>>> RUNNING: input/data/bisection/csv_format/horse-48112-0101-120.csv
make[1]: Entering directory '/workspaces/fit-dp'
export OMP_PROC_BIND=spread && export OMP_PLACES=threads && ./knfs
Parsed graph with 48114 vertices and 288668 edges. Source is 48112 and sink is 48113.
>> IO Time (CSV Read): 0.063355 seconds.

Kokkos initialized on: N6Kokkos6OpenMPE
>> Graph Build & Init Time: 0.0763845 seconds.

[FINISHED] Total Iterations: 3716
>> Algorithm Runtime: 0.0365181 seconds.
------------------------------------------
TOTAL Runtime (IO + Init + Algo): 0.176258 seconds.
MAX FLOW IS 120
make[1]: Leaving directory '/workspaces/fit-dp'
----------------------------------------
>>> RUNNING: input/data/bisection/csv_format/nj2010-166269-0001-118.csv
make[1]: Entering directory '/workspaces/fit-dp'
export OMP_PROC_BIND=spread && export OMP_PLACES=threads && ./knfs
Parsed graph with 166271 vertices and 813528 edges. Source is 166269 and sink is 166270.
>> IO Time (CSV Read): 0.173084 seconds.

Kokkos initialized on: N6Kokkos6OpenMPE
>> Graph Build & Init Time: 0.346598 seconds.

[FINISHED] Total Iterations: 6799
>> Algorithm Runtime: 0.0816755 seconds.
------------------------------------------
TOTAL Runtime (IO + Init + Algo): 0.601358 seconds.
MAX FLOW IS 118
make[1]: Leaving directory '/workspaces/fit-dp'
----------------------------------------
>>> RUNNING: input/data/bisection/csv_format/rgg17-129426-0039-312.csv
make[1]: Entering directory '/workspaces/fit-dp'
export OMP_PROC_BIND=spread && export OMP_PLACES=threads && ./knfs
Parsed graph with 129428 vertices and 1432744 edges. Source is 129426 and sink is 129427.
>> IO Time (CSV Read): 0.301883 seconds.

Kokkos initialized on: N6Kokkos6OpenMPE
>> Graph Build & Init Time: 0.511939 seconds.

[FINISHED] Total Iterations: 2242
>> Algorithm Runtime: 0.0530042 seconds.
------------------------------------------
TOTAL Runtime (IO + Init + Algo): 0.866826 seconds.
MAX FLOW IS 312
make[1]: Leaving directory '/workspaces/fit-dp'
----------------------------------------
>>> RUNNING: input/data/bisection/csv_format/rgg17-129426-0036-104.csv
make[1]: Entering directory '/workspaces/fit-dp'
export OMP_PROC_BIND=spread && export OMP_PLACES=threads && ./knfs
Parsed graph with 129428 vertices and 1432744 edges. Source is 129426 and sink is 129427.
>> IO Time (CSV Read): 0.299754 seconds.

Kokkos initialized on: N6Kokkos6OpenMPE
>> Graph Build & Init Time: 0.512224 seconds.

[FINISHED] Total Iterations: 689
>> Algorithm Runtime: 0.0412279 seconds.
------------------------------------------
TOTAL Runtime (IO + Init + Algo): 0.853205 seconds.
MAX FLOW IS 104
make[1]: Leaving directory '/workspaces/fit-dp'
----------------------------------------
>>> RUNNING: input/data/bisection/csv_format/nl-2159462-0124-048.csv
make[1]: Entering directory '/workspaces/fit-dp'
export OMP_PROC_BIND=spread && export OMP_PLACES=threads && ./knfs
Parsed graph with 2159464 vertices and 4767721 edges. Source is 2159462 and sink is 2159463.
>> IO Time (CSV Read): 1.12148 seconds.

Kokkos initialized on: N6Kokkos6OpenMPE
>> Graph Build & Init Time: 1.75505 seconds.

[FINISHED] Total Iterations: 414536
>> Algorithm Runtime: 2.42761 seconds.
------------------------------------------
TOTAL Runtime (IO + Init + Algo): 5.30415 seconds.
MAX FLOW IS 48
make[1]: Leaving directory '/workspaces/fit-dp'
----------------------------------------
>>> RUNNING: input/data/bisection/csv_format/alue7065-33338-0012-083.csv
make[1]: Entering directory '/workspaces/fit-dp'
export OMP_PROC_BIND=spread && export OMP_PLACES=threads && ./knfs
Parsed graph with 33340 vertices and 107992 edges. Source is 33338 and sink is 33339.
>> IO Time (CSV Read): 0.0231159 seconds.

Kokkos initialized on: N6Kokkos6OpenMPE
>> Graph Build & Init Time: 0.0272851 seconds.

[FINISHED] Total Iterations: 2970
>> Algorithm Runtime: 0.0285445 seconds.
------------------------------------------
TOTAL Runtime (IO + Init + Algo): 0.0789455 seconds.
MAX FLOW IS 83
make[1]: Leaving directory '/workspaces/fit-dp'
----------------------------------------
>>> RUNNING: input/data/bisection/csv_format/horse-48112-0044-197.csv
make[1]: Entering directory '/workspaces/fit-dp'
export OMP_PROC_BIND=spread && export OMP_PLACES=threads && ./knfs
Parsed graph with 48114 vertices and 288666 edges. Source is 48112 and sink is 48113.
>> IO Time (CSV Read): 0.0686057 seconds.

Kokkos initialized on: N6Kokkos6OpenMPE
>> Graph Build & Init Time: 0.0752626 seconds.

[FINISHED] Total Iterations: 22394
>> Algorithm Runtime: 0.124714 seconds.
------------------------------------------
TOTAL Runtime (IO + Init + Algo): 0.268582 seconds.
MAX FLOW IS 197
make[1]: Leaving directory '/workspaces/fit-dp'
----------------------------------------
>>> RUNNING: input/data/bisection/csv_format/lux-108726-0033-009.csv
make[1]: Entering directory '/workspaces/fit-dp'
export OMP_PROC_BIND=spread && export OMP_PLACES=threads && ./knfs
Parsed graph with 108728 vertices and 227731 edges. Source is 108726 and sink is 108727.
>> IO Time (CSV Read): 0.048397 seconds.

Kokkos initialized on: N6Kokkos6OpenMPE
>> Graph Build & Init Time: 0.0572359 seconds.

[FINISHED] Total Iterations: 22602
>> Algorithm Runtime: 0.153378 seconds.
------------------------------------------
TOTAL Runtime (IO + Init + Algo): 0.25901 seconds.
MAX FLOW IS 9
make[1]: Leaving directory '/workspaces/fit-dp'
----------------------------------------
>>> RUNNING: input/data/bisection/csv_format/rgg18-260352-0020-471.csv
make[1]: Entering directory '/workspaces/fit-dp'
export OMP_PROC_BIND=spread && export OMP_PLACES=threads && ./knfs
Parsed graph with 260354 vertices and 3066562 edges. Source is 260352 and sink is 260353.
>> IO Time (CSV Read): 0.636064 seconds.

Kokkos initialized on: N6Kokkos6OpenMPE
>> Graph Build & Init Time: 1.13003 seconds.

[FINISHED] Total Iterations: 2879
>> Algorithm Runtime: 0.11977 seconds.
------------------------------------------
TOTAL Runtime (IO + Init + Algo): 1.88586 seconds.
MAX FLOW IS 471
make[1]: Leaving directory '/workspaces/fit-dp'
----------------------------------------
>>> RUNNING: input/data/bisection/csv_format/nl-2159462-0031-021.csv
make[1]: Entering directory '/workspaces/fit-dp'
export OMP_PROC_BIND=spread && export OMP_PLACES=threads && ./knfs
Parsed graph with 2159464 vertices and 4766792 edges. Source is 2159462 and sink is 2159463.
>> IO Time (CSV Read): 1.10761 seconds.

Kokkos initialized on: N6Kokkos6OpenMPE
>> Graph Build & Init Time: 1.60522 seconds.

[FINISHED] Total Iterations: 2151340
>> Algorithm Runtime: 11.6011 seconds.
------------------------------------------
TOTAL Runtime (IO + Init + Algo): 14.3139 seconds.
MAX FLOW IS 21
make[1]: Leaving directory '/workspaces/fit-dp'
----------------------------------------
>>> RUNNING: input/data/bisection/csv_format/rgg17-129426-0046-169.csv
make[1]: Entering directory '/workspaces/fit-dp'
export OMP_PROC_BIND=spread && export OMP_PLACES=threads && ./knfs
Parsed graph with 129428 vertices and 1432741 edges. Source is 129426 and sink is 129427.
>> IO Time (CSV Read): 0.295681 seconds.

Kokkos initialized on: N6Kokkos6OpenMPE
>> Graph Build & Init Time: 0.511658 seconds.

[FINISHED] Total Iterations: 1009
>> Algorithm Runtime: 0.04142 seconds.
------------------------------------------
TOTAL Runtime (IO + Init + Algo): 0.84876 seconds.
MAX FLOW IS 169
make[1]: Leaving directory '/workspaces/fit-dp'
----------------------------------------
>>> RUNNING: input/data/bisection/csv_format/nj2010-165230-0050-113.csv
make[1]: Entering directory '/workspaces/fit-dp'
export OMP_PROC_BIND=spread && export OMP_PLACES=threads && ./knfs
Parsed graph with 165232 vertices and 810032 edges. Source is 165230 and sink is 165231.
>> IO Time (CSV Read): 0.170007 seconds.

Kokkos initialized on: N6Kokkos6OpenMPE
>> Graph Build & Init Time: 0.358492 seconds.

[FINISHED] Total Iterations: 1805
>> Algorithm Runtime: 0.030769 seconds.
------------------------------------------
TOTAL Runtime (IO + Init + Algo): 0.559268 seconds.
MAX FLOW IS 113
make[1]: Leaving directory '/workspaces/fit-dp'
----------------------------------------
>>> RUNNING: input/data/bisection/csv_format/horse-48112-0100-120.csv
make[1]: Entering directory '/workspaces/fit-dp'
export OMP_PROC_BIND=spread && export OMP_PLACES=threads && ./knfs
Parsed graph with 48114 vertices and 288667 edges. Source is 48112 and sink is 48113.
>> IO Time (CSV Read): 0.0621238 seconds.

Kokkos initialized on: N6Kokkos6OpenMPE
>> Graph Build & Init Time: 0.0792797 seconds.

[FINISHED] Total Iterations: 2457
>> Algorithm Runtime: 0.0628036 seconds.
------------------------------------------
TOTAL Runtime (IO + Init + Algo): 0.204207 seconds.
MAX FLOW IS 120
make[1]: Leaving directory '/workspaces/fit-dp'
----------------------------------------
>>> RUNNING: input/data/bisection/csv_format/rgg18-260352-0014-305.csv
make[1]: Entering directory '/workspaces/fit-dp'
export OMP_PROC_BIND=spread && export OMP_PLACES=threads && ./knfs
Parsed graph with 260354 vertices and 3066564 edges. Source is 260352 and sink is 260353.
>> IO Time (CSV Read): 0.633385 seconds.

Kokkos initialized on: N6Kokkos6OpenMPE
>> Graph Build & Init Time: 1.12722 seconds.

[FINISHED] Total Iterations: 1075
>> Algorithm Runtime: 0.145166 seconds.
------------------------------------------
TOTAL Runtime (IO + Init + Algo): 1.90577 seconds.
MAX FLOW IS 305
make[1]: Leaving directory '/workspaces/fit-dp'
----------------------------------------
>>> RUNNING: input/data/bisection/csv_format/nj2010-165230-0032-166.csv
make[1]: Entering directory '/workspaces/fit-dp'
export OMP_PROC_BIND=spread && export OMP_PLACES=threads && ./knfs
Parsed graph with 165232 vertices and 808420 edges. Source is 165230 and sink is 165231.
>> IO Time (CSV Read): 0.172445 seconds.

Kokkos initialized on: N6Kokkos6OpenMPE
>> Graph Build & Init Time: 0.350082 seconds.

[FINISHED] Total Iterations: 5532
>> Algorithm Runtime: 0.0658887 seconds.
------------------------------------------
TOTAL Runtime (IO + Init + Algo): 0.588416 seconds.
MAX FLOW IS 166
make[1]: Leaving directory '/workspaces/fit-dp'
----------------------------------------
>>> RUNNING: input/data/bisection/csv_format/nl-2159462-0023-029.csv
make[1]: Entering directory '/workspaces/fit-dp'
export OMP_PROC_BIND=spread && export OMP_PLACES=threads && ./knfs
Parsed graph with 2159464 vertices and 4766793 edges. Source is 2159462 and sink is 2159463.
>> IO Time (CSV Read): 1.07886 seconds.

Kokkos initialized on: N6Kokkos6OpenMPE
>> Graph Build & Init Time: 1.60043 seconds.

[FINISHED] Total Iterations: 473743
>> Algorithm Runtime: 2.90267 seconds.
------------------------------------------
TOTAL Runtime (IO + Init + Algo): 5.58196 seconds.
MAX FLOW IS 29
make[1]: Leaving directory '/workspaces/fit-dp'
----------------------------------------
>>> RUNNING: input/data/bisection/csv_format/cal-1804434-0003-043.csv
make[1]: Entering directory '/workspaces/fit-dp'
export OMP_PROC_BIND=spread && export OMP_PLACES=threads && ./knfs
Parsed graph with 1804436 vertices and 4442814 edges. Source is 1804434 and sink is 1804435.
>> IO Time (CSV Read): 1.05606 seconds.

Kokkos initialized on: N6Kokkos6OpenMPE
>> Graph Build & Init Time: 1.77291 seconds.

[FINISHED] Total Iterations: 4939679
>> Algorithm Runtime: 25.2994 seconds.
------------------------------------------
TOTAL Runtime (IO + Init + Algo): 28.1284 seconds.
MAX FLOW IS 43
make[1]: Leaving directory '/workspaces/fit-dp'
----------------------------------------
>>> RUNNING: input/data/bisection/csv_format/nl-2159462-0197-040.csv
make[1]: Entering directory '/workspaces/fit-dp'
export OMP_PROC_BIND=spread && export OMP_PLACES=threads && ./knfs
Parsed graph with 2159464 vertices and 4776015 edges. Source is 2159462 and sink is 2159463.
>> IO Time (CSV Read): 1.13767 seconds.

Kokkos initialized on: N6Kokkos6OpenMPE
>> Graph Build & Init Time: 1.98847 seconds.

[FINISHED] Total Iterations: 77784
>> Algorithm Runtime: 0.867568 seconds.
------------------------------------------
TOTAL Runtime (IO + Init + Algo): 3.99371 seconds.
MAX FLOW IS 40
make[1]: Leaving directory '/workspaces/fit-dp'
----------------------------------------
>>> RUNNING: input/data/bisection/csv_format/alue7065-33338-0004-042.csv
make[1]: Entering directory '/workspaces/fit-dp'
export OMP_PROC_BIND=spread && export OMP_PLACES=threads && ./knfs
Parsed graph with 33340 vertices and 107993 edges. Source is 33338 and sink is 33339.
>> IO Time (CSV Read): 0.0230025 seconds.

Kokkos initialized on: N6Kokkos6OpenMPE
>> Graph Build & Init Time: 0.0286143 seconds.

[FINISHED] Total Iterations: 4354
>> Algorithm Runtime: 0.032436 seconds.
------------------------------------------
TOTAL Runtime (IO + Init + Algo): 0.0840529 seconds.
MAX FLOW IS 42
make[1]: Leaving directory '/workspaces/fit-dp'
----------------------------------------
>>> RUNNING: input/data/bisection/csv_format/rgg18-260352-0057-489.csv
make[1]: Entering directory '/workspaces/fit-dp'
export OMP_PROC_BIND=spread && export OMP_PLACES=threads && ./knfs
Parsed graph with 260354 vertices and 3066562 edges. Source is 260352 and sink is 260353.
>> IO Time (CSV Read): 0.640677 seconds.

Kokkos initialized on: N6Kokkos6OpenMPE
>> Graph Build & Init Time: 1.14422 seconds.

[FINISHED] Total Iterations: 1852
>> Algorithm Runtime: 0.101211 seconds.
------------------------------------------
TOTAL Runtime (IO + Init + Algo): 1.88611 seconds.
MAX FLOW IS 489
make[1]: Leaving directory '/workspaces/fit-dp'
----------------------------------------
>>> RUNNING: input/data/bisection/csv_format/alue7065-33338-0002-042.csv
make[1]: Entering directory '/workspaces/fit-dp'
export OMP_PROC_BIND=spread && export OMP_PLACES=threads && ./knfs
Parsed graph with 33340 vertices and 107992 edges. Source is 33338 and sink is 33339.
>> IO Time (CSV Read): 0.023095 seconds.

Kokkos initialized on: N6Kokkos6OpenMPE
>> Graph Build & Init Time: 0.0273341 seconds.

[FINISHED] Total Iterations: 9450
>> Algorithm Runtime: 0.0580469 seconds.
------------------------------------------
TOTAL Runtime (IO + Init + Algo): 0.108476 seconds.
MAX FLOW IS 42
make[1]: Leaving directory '/workspaces/fit-dp'
----------------------------------------
>>> RUNNING: input/data/bisection/csv_format/cal-1800721-0008-018.csv
make[1]: Entering directory '/workspaces/fit-dp'
export OMP_PROC_BIND=spread && export OMP_PLACES=threads && ./knfs
Parsed graph with 1800723 vertices and 4434236 edges. Source is 1800721 and sink is 1800722.
>> IO Time (CSV Read): 1.10151 seconds.

Kokkos initialized on: N6Kokkos6OpenMPE
>> Graph Build & Init Time: 1.70145 seconds.

[FINISHED] Total Iterations: 1279672
>> Algorithm Runtime: 7.0564 seconds.
------------------------------------------
TOTAL Runtime (IO + Init + Algo): 9.85937 seconds.
MAX FLOW IS 18
make[1]: Leaving directory '/workspaces/fit-dp'
----------------------------------------
>>> RUNNING: input/data/bisection/csv_format/cal-1800721-0010-037.csv
make[1]: Entering directory '/workspaces/fit-dp'
export OMP_PROC_BIND=spread && export OMP_PLACES=threads && ./knfs
Parsed graph with 1800723 vertices and 4434228 edges. Source is 1800721 and sink is 1800722.
>> IO Time (CSV Read): 1.05855 seconds.

Kokkos initialized on: N6Kokkos6OpenMPE
>> Graph Build & Init Time: 1.70963 seconds.

[FINISHED] Total Iterations: 5046494
>> Algorithm Runtime: 26.3185 seconds.
------------------------------------------
TOTAL Runtime (IO + Init + Algo): 29.0867 seconds.
MAX FLOW IS 37
make[1]: Leaving directory '/workspaces/fit-dp'
----------------------------------------
>>> RUNNING: input/data/bisection/csv_format/nl-2159462-0208-018.csv
make[1]: Entering directory '/workspaces/fit-dp'
export OMP_PROC_BIND=spread && export OMP_PLACES=threads && ./knfs
Parsed graph with 2159464 vertices and 4766793 edges. Source is 2159462 and sink is 2159463.
>> IO Time (CSV Read): 1.12795 seconds.

Kokkos initialized on: N6Kokkos6OpenMPE
>> Graph Build & Init Time: 1.6123 seconds.

[FINISHED] Total Iterations: 69788
>> Algorithm Runtime: 0.735685 seconds.
------------------------------------------
TOTAL Runtime (IO + Init + Algo): 3.47593 seconds.
MAX FLOW IS 18
make[1]: Leaving directory '/workspaces/fit-dp'
----------------------------------------
>>> RUNNING: input/data/bisection/csv_format/cal-1804434-0004-024.csv
make[1]: Entering directory '/workspaces/fit-dp'
export OMP_PROC_BIND=spread && export OMP_PLACES=threads && ./knfs
Parsed graph with 1804436 vertices and 4448953 edges. Source is 1804434 and sink is 1804435.
>> IO Time (CSV Read): 1.09192 seconds.

Kokkos initialized on: N6Kokkos6OpenMPE
>> Graph Build & Init Time: 2.07011 seconds.

[FINISHED] Total Iterations: 332069
>> Algorithm Runtime: 2.24388 seconds.
------------------------------------------
TOTAL Runtime (IO + Init + Algo): 5.4059 seconds.
MAX FLOW IS 24
make[1]: Leaving directory '/workspaces/fit-dp'
----------------------------------------
>>> RUNNING: input/data/bisection/csv_format/alue7065-33338-0006-082.csv
make[1]: Entering directory '/workspaces/fit-dp'
export OMP_PROC_BIND=spread && export OMP_PLACES=threads && ./knfs
Parsed graph with 33340 vertices and 107993 edges. Source is 33338 and sink is 33339.
>> IO Time (CSV Read): 0.0234015 seconds.

Kokkos initialized on: N6Kokkos6OpenMPE
>> Graph Build & Init Time: 0.0285764 seconds.

[FINISHED] Total Iterations: 31063
>> Algorithm Runtime: 0.160695 seconds.
------------------------------------------
TOTAL Runtime (IO + Init + Algo): 0.212673 seconds.
MAX FLOW IS 82
make[1]: Leaving directory '/workspaces/fit-dp'
----------------------------------------
>>> RUNNING: input/data/bisection/csv_format/rgg17-129426-0025-390.csv
make[1]: Entering directory '/workspaces/fit-dp'
export OMP_PROC_BIND=spread && export OMP_PLACES=threads && ./knfs
Parsed graph with 129428 vertices and 1432743 edges. Source is 129426 and sink is 129427.
>> IO Time (CSV Read): 0.307338 seconds.

Kokkos initialized on: N6Kokkos6OpenMPE
>> Graph Build & Init Time: 0.51334 seconds.

[FINISHED] Total Iterations: 2676
>> Algorithm Runtime: 0.0650563 seconds.
------------------------------------------
TOTAL Runtime (IO + Init + Algo): 0.885735 seconds.
MAX FLOW IS 390
make[1]: Leaving directory '/workspaces/fit-dp'
----------------------------------------
>>> RUNNING: input/data/bisection/csv_format/horse-48112-0015-238.csv
make[1]: Entering directory '/workspaces/fit-dp'
export OMP_PROC_BIND=spread && export OMP_PLACES=threads && ./knfs
Parsed graph with 48114 vertices and 288666 edges. Source is 48112 and sink is 48113.
>> IO Time (CSV Read): 0.0623939 seconds.

Kokkos initialized on: N6Kokkos6OpenMPE
>> Graph Build & Init Time: 0.0777054 seconds.

[FINISHED] Total Iterations: 2720
>> Algorithm Runtime: 0.0973662 seconds.
------------------------------------------
TOTAL Runtime (IO + Init + Algo): 0.237466 seconds.
MAX FLOW IS 238
make[1]: Leaving directory '/workspaces/fit-dp'
----------------------------------------
>>> RUNNING: input/data/bisection/csv_format/lux-106366-0020-017.csv
make[1]: Entering directory '/workspaces/fit-dp'
export OMP_PROC_BIND=spread && export OMP_PLACES=threads && ./knfs
Parsed graph with 106368 vertices and 222795 edges. Source is 106366 and sink is 106367.
>> IO Time (CSV Read): 0.0464858 seconds.

Kokkos initialized on: N6Kokkos6OpenMPE
>> Graph Build & Init Time: 0.0538947 seconds.

[FINISHED] Total Iterations: 415927
>> Algorithm Runtime: 2.19913 seconds.
------------------------------------------
TOTAL Runtime (IO + Init + Algo): 2.29951 seconds.
MAX FLOW IS 17
make[1]: Leaving directory '/workspaces/fit-dp'
----------------------------------------
>>> RUNNING: input/data/bisection/csv_format/nl-2159462-0093-017.csv
make[1]: Entering directory '/workspaces/fit-dp'
export OMP_PROC_BIND=spread && export OMP_PLACES=threads && ./knfs
Parsed graph with 2159464 vertices and 4766797 edges. Source is 2159462 and sink is 2159463.
>> IO Time (CSV Read): 1.09602 seconds.

Kokkos initialized on: N6Kokkos6OpenMPE
>> Graph Build & Init Time: 1.60653 seconds.

[FINISHED] Total Iterations: 311098
>> Algorithm Runtime: 2.17247 seconds.
------------------------------------------
TOTAL Runtime (IO + Init + Algo): 4.87501 seconds.
MAX FLOW IS 17
make[1]: Leaving directory '/workspaces/fit-dp'
----------------------------------------
>>> RUNNING: input/data/bisection/csv_format/rgg18-260352-0043-480.csv
make[1]: Entering directory '/workspaces/fit-dp'
export OMP_PROC_BIND=spread && export OMP_PLACES=threads && ./knfs
Parsed graph with 260354 vertices and 3066560 edges. Source is 260352 and sink is 260353.
>> IO Time (CSV Read): 0.641204 seconds.

Kokkos initialized on: N6Kokkos6OpenMPE
>> Graph Build & Init Time: 1.13078 seconds.

[FINISHED] Total Iterations: 2353
>> Algorithm Runtime: 0.102105 seconds.
------------------------------------------
TOTAL Runtime (IO + Init + Algo): 1.87409 seconds.
MAX FLOW IS 480
make[1]: Leaving directory '/workspaces/fit-dp'
----------------------------------------
>>> RUNNING: input/data/bisection/csv_format/lux-109721-0015-014.csv
make[1]: Entering directory '/workspaces/fit-dp'
export OMP_PROC_BIND=spread && export OMP_PLACES=threads && ./knfs
Parsed graph with 109723 vertices and 229536 edges. Source is 109721 and sink is 109722.
>> IO Time (CSV Read): 0.0493162 seconds.

Kokkos initialized on: N6Kokkos6OpenMPE
>> Graph Build & Init Time: 0.0546129 seconds.

[FINISHED] Total Iterations: 299485
>> Algorithm Runtime: 1.64185 seconds.
------------------------------------------
TOTAL Runtime (IO + Init + Algo): 1.74578 seconds.
MAX FLOW IS 14
make[1]: Leaving directory '/workspaces/fit-dp'
----------------------------------------
>>> RUNNING: input/data/bisection/csv_format/alue7065-33338-0008-029.csv
make[1]: Entering directory '/workspaces/fit-dp'
export OMP_PROC_BIND=spread && export OMP_PLACES=threads && ./knfs
Parsed graph with 33340 vertices and 107992 edges. Source is 33338 and sink is 33339.
>> IO Time (CSV Read): 0.0226927 seconds.

Kokkos initialized on: N6Kokkos6OpenMPE
>> Graph Build & Init Time: 0.0267234 seconds.

[FINISHED] Total Iterations: 718
>> Algorithm Runtime: 0.0119425 seconds.
------------------------------------------
TOTAL Runtime (IO + Init + Algo): 0.0613586 seconds.
MAX FLOW IS 29
make[1]: Leaving directory '/workspaces/fit-dp'
----------------------------------------
>>> RUNNING: input/data/bisection/csv_format/lux-106214-0003-019.csv
make[1]: Entering directory '/workspaces/fit-dp'
export OMP_PROC_BIND=spread && export OMP_PLACES=threads && ./knfs
Parsed graph with 106216 vertices and 222476 edges. Source is 106214 and sink is 106215.
>> IO Time (CSV Read): 0.0474189 seconds.

Kokkos initialized on: N6Kokkos6OpenMPE
>> Graph Build & Init Time: 0.0537111 seconds.

[FINISHED] Total Iterations: 61638
>> Algorithm Runtime: 0.344166 seconds.
------------------------------------------
TOTAL Runtime (IO + Init + Algo): 0.445296 seconds.
MAX FLOW IS 19
make[1]: Leaving directory '/workspaces/fit-dp'
----------------------------------------
>>> RUNNING: input/data/bisection/csv_format/horse-48112-0020-238.csv
make[1]: Entering directory '/workspaces/fit-dp'
export OMP_PROC_BIND=spread && export OMP_PLACES=threads && ./knfs
Parsed graph with 48114 vertices and 288668 edges. Source is 48112 and sink is 48113.
>> IO Time (CSV Read): 0.0627736 seconds.

Kokkos initialized on: N6Kokkos6OpenMPE
>> Graph Build & Init Time: 0.0775466 seconds.

[FINISHED] Total Iterations: 45931
>> Algorithm Runtime: 0.233393 seconds.
------------------------------------------
TOTAL Runtime (IO + Init + Algo): 0.373714 seconds.
MAX FLOW IS 238
make[1]: Leaving directory '/workspaces/fit-dp'
----------------------------------------
>>> RUNNING: input/data/bisection/csv_format/nj2010-165230-0007-111.csv
make[1]: Entering directory '/workspaces/fit-dp'
export OMP_PROC_BIND=spread && export OMP_PLACES=threads && ./knfs
Parsed graph with 165232 vertices and 808406 edges. Source is 165230 and sink is 165231.
>> IO Time (CSV Read): 0.171781 seconds.

Kokkos initialized on: N6Kokkos6OpenMPE
>> Graph Build & Init Time: 0.344323 seconds.

[FINISHED] Total Iterations: 7559
>> Algorithm Runtime: 0.068925 seconds.
------------------------------------------
TOTAL Runtime (IO + Init + Algo): 0.585029 seconds.
MAX FLOW IS 111
make[1]: Leaving directory '/workspaces/fit-dp'
----------------------------------------
>>> RUNNING: input/data/bisection/csv_format/nj2010-165230-0016-135.csv
make[1]: Entering directory '/workspaces/fit-dp'
export OMP_PROC_BIND=spread && export OMP_PLACES=threads && ./knfs
Parsed graph with 165232 vertices and 809348 edges. Source is 165230 and sink is 165231.
>> IO Time (CSV Read): 0.169386 seconds.

Kokkos initialized on: N6Kokkos6OpenMPE
>> Graph Build & Init Time: 0.363315 seconds.

[FINISHED] Total Iterations: 5640
>> Algorithm Runtime: 0.0578 seconds.
------------------------------------------
TOTAL Runtime (IO + Init + Algo): 0.590501 seconds.
MAX FLOW IS 135
make[1]: Leaving directory '/workspaces/fit-dp'
----------------------------------------
>>> RUNNING: input/data/bisection/csv_format/horse-48112-0110-044.csv
make[1]: Entering directory '/workspaces/fit-dp'
export OMP_PROC_BIND=spread && export OMP_PLACES=threads && ./knfs
Parsed graph with 48114 vertices and 288665 edges. Source is 48112 and sink is 48113.
>> IO Time (CSV Read): 0.0638844 seconds.

Kokkos initialized on: N6Kokkos6OpenMPE
>> Graph Build & Init Time: 0.0747213 seconds.

[FINISHED] Total Iterations: 3909
>> Algorithm Runtime: 0.0290488 seconds.
------------------------------------------
TOTAL Runtime (IO + Init + Algo): 0.167654 seconds.
MAX FLOW IS 44
make[1]: Leaving directory '/workspaces/fit-dp'
----------------------------------------
>>> RUNNING: input/data/bisection/csv_format/lux-108312-0023-011.csv
make[1]: Entering directory '/workspaces/fit-dp'
export OMP_PROC_BIND=spread && export OMP_PLACES=threads && ./knfs
Parsed graph with 108314 vertices and 226701 edges. Source is 108312 and sink is 108313.
>> IO Time (CSV Read): 0.048726 seconds.

Kokkos initialized on: N6Kokkos6OpenMPE
>> Graph Build & Init Time: 0.0545879 seconds.

[FINISHED] Total Iterations: 20317
>> Algorithm Runtime: 0.236007 seconds.
------------------------------------------
TOTAL Runtime (IO + Init + Algo): 0.339321 seconds.
MAX FLOW IS 11
make[1]: Leaving directory '/workspaces/fit-dp'
----------------------------------------
>>> RUNNING: input/data/bisection/csv_format/nj2010-165230-0033-113.csv
make[1]: Entering directory '/workspaces/fit-dp'
export OMP_PROC_BIND=spread && export OMP_PLACES=threads && ./knfs
Parsed graph with 165232 vertices and 808411 edges. Source is 165230 and sink is 165231.
>> IO Time (CSV Read): 0.171658 seconds.

Kokkos initialized on: N6Kokkos6OpenMPE
>> Graph Build & Init Time: 0.346212 seconds.

[FINISHED] Total Iterations: 4538
>> Algorithm Runtime: 0.0541694 seconds.
------------------------------------------
TOTAL Runtime (IO + Init + Algo): 0.572039 seconds.
MAX FLOW IS 113
make[1]: Leaving directory '/workspaces/fit-dp'
----------------------------------------
>>> RUNNING: input/data/bisection/csv_format/rgg17-129426-0008-412.csv
make[1]: Entering directory '/workspaces/fit-dp'
export OMP_PROC_BIND=spread && export OMP_PLACES=threads && ./knfs
Parsed graph with 129428 vertices and 1432745 edges. Source is 129426 and sink is 129427.
>> IO Time (CSV Read): 0.300028 seconds.

Kokkos initialized on: N6Kokkos6OpenMPE
>> Graph Build & Init Time: 0.514037 seconds.

[FINISHED] Total Iterations: 2215
>> Algorithm Runtime: 0.0620201 seconds.
------------------------------------------
TOTAL Runtime (IO + Init + Algo): 0.876085 seconds.
MAX FLOW IS 412
make[1]: Leaving directory '/workspaces/fit-dp'
----------------------------------------
>>> RUNNING: input/data/bisection/csv_format/lux-112498-0010-010.csv
make[1]: Entering directory '/workspaces/fit-dp'
export OMP_PROC_BIND=spread && export OMP_PLACES=threads && ./knfs
Parsed graph with 112500 vertices and 235906 edges. Source is 112498 and sink is 112499.
>> IO Time (CSV Read): 0.0507778 seconds.

Kokkos initialized on: N6Kokkos6OpenMPE
>> Graph Build & Init Time: 0.0646895 seconds.

[FINISHED] Total Iterations: 23694
>> Algorithm Runtime: 0.141519 seconds.
------------------------------------------
TOTAL Runtime (IO + Init + Algo): 0.256986 seconds.
MAX FLOW IS 10
make[1]: Leaving directory '/workspaces/fit-dp'
----------------------------------------
>>> RUNNING: input/data/bisection/csv_format/rgg17-129426-0011-221.csv
make[1]: Entering directory '/workspaces/fit-dp'
export OMP_PROC_BIND=spread && export OMP_PLACES=threads && ./knfs
Parsed graph with 129428 vertices and 1432743 edges. Source is 129426 and sink is 129427.
>> IO Time (CSV Read): 0.304658 seconds.

Kokkos initialized on: N6Kokkos6OpenMPE
>> Graph Build & Init Time: 0.507041 seconds.

[FINISHED] Total Iterations: 2058
>> Algorithm Runtime: 0.0532279 seconds.
------------------------------------------
TOTAL Runtime (IO + Init + Algo): 0.864927 seconds.
MAX FLOW IS 221
make[1]: Leaving directory '/workspaces/fit-dp'
----------------------------------------
>>> RUNNING: input/data/bisection/csv_format/horse-48112-0089-134.csv
make[1]: Entering directory '/workspaces/fit-dp'
export OMP_PROC_BIND=spread && export OMP_PLACES=threads && ./knfs
Parsed graph with 48114 vertices and 288678 edges. Source is 48112 and sink is 48113.
>> IO Time (CSV Read): 0.0633511 seconds.

Kokkos initialized on: N6Kokkos6OpenMPE
>> Graph Build & Init Time: 0.0763601 seconds.

[FINISHED] Total Iterations: 470
>> Algorithm Runtime: 0.0173919 seconds.
------------------------------------------
TOTAL Runtime (IO + Init + Algo): 0.157103 seconds.
MAX FLOW IS 134
make[1]: Leaving directory '/workspaces/fit-dp'
----------------------------------------
>>> RUNNING: input/data/bisection/csv_format/alue7065-33338-0007-060.csv
make[1]: Entering directory '/workspaces/fit-dp'
export OMP_PROC_BIND=spread && export OMP_PLACES=threads && ./knfs
Parsed graph with 33340 vertices and 107993 edges. Source is 33338 and sink is 33339.
>> IO Time (CSV Read): 0.0230175 seconds.

Kokkos initialized on: N6Kokkos6OpenMPE
>> Graph Build & Init Time: 0.0320352 seconds.

[FINISHED] Total Iterations: 46013
>> Algorithm Runtime: 0.247204 seconds.
------------------------------------------
TOTAL Runtime (IO + Init + Algo): 0.302257 seconds.
MAX FLOW IS 60
make[1]: Leaving directory '/workspaces/fit-dp'
----------------------------------------
>>> RUNNING: input/data/bisection/csv_format/rgg17-129426-0006-325.csv
make[1]: Entering directory '/workspaces/fit-dp'
export OMP_PROC_BIND=spread && export OMP_PLACES=threads && ./knfs
Parsed graph with 129428 vertices and 1432744 edges. Source is 129426 and sink is 129427.
>> IO Time (CSV Read): 0.302114 seconds.

Kokkos initialized on: N6Kokkos6OpenMPE
>> Graph Build & Init Time: 0.511876 seconds.

[FINISHED] Total Iterations: 2108
>> Algorithm Runtime: 0.0601895 seconds.
------------------------------------------
TOTAL Runtime (IO + Init + Algo): 0.87418 seconds.
MAX FLOW IS 325
make[1]: Leaving directory '/workspaces/fit-dp'
----------------------------------------
>>> RUNNING: input/data/bisection/csv_format/nj2010-165230-0030-111.csv
make[1]: Entering directory '/workspaces/fit-dp'
export OMP_PROC_BIND=spread && export OMP_PLACES=threads && ./knfs
Parsed graph with 165232 vertices and 808707 edges. Source is 165230 and sink is 165231.
>> IO Time (CSV Read): 0.169567 seconds.

Kokkos initialized on: N6Kokkos6OpenMPE
>> Graph Build & Init Time: 0.353104 seconds.

[FINISHED] Total Iterations: 1724
>> Algorithm Runtime: 0.0409668 seconds.
------------------------------------------
TOTAL Runtime (IO + Init + Algo): 0.563638 seconds.
MAX FLOW IS 111
make[1]: Leaving directory '/workspaces/fit-dp'
----------------------------------------
>>> RUNNING: input/data/bisection/csv_format/rgg18-260352-0050-725.csv
make[1]: Entering directory '/workspaces/fit-dp'
export OMP_PROC_BIND=spread && export OMP_PLACES=threads && ./knfs
Parsed graph with 260354 vertices and 3066842 edges. Source is 260352 and sink is 260353.
>> IO Time (CSV Read): 0.646239 seconds.

Kokkos initialized on: N6Kokkos6OpenMPE
>> Graph Build & Init Time: 1.1907 seconds.

[FINISHED] Total Iterations: 3144
>> Algorithm Runtime: 0.114346 seconds.
------------------------------------------
TOTAL Runtime (IO + Init + Algo): 1.95129 seconds.
MAX FLOW IS 725
make[1]: Leaving directory '/workspaces/fit-dp'
----------------------------------------
>>> RUNNING: input/data/bisection/csv_format/nl-2159462-0156-025.csv
make[1]: Entering directory '/workspaces/fit-dp'
export OMP_PROC_BIND=spread && export OMP_PLACES=threads && ./knfs
Parsed graph with 2159464 vertices and 4766803 edges. Source is 2159462 and sink is 2159463.
>> IO Time (CSV Read): 1.1073 seconds.

Kokkos initialized on: N6Kokkos6OpenMPE
>> Graph Build & Init Time: 1.61328 seconds.

[FINISHED] Total Iterations: 1079023
>> Algorithm Runtime: 5.92493 seconds.
------------------------------------------
TOTAL Runtime (IO + Init + Algo): 8.64551 seconds.
MAX FLOW IS 25
make[1]: Leaving directory '/workspaces/fit-dp'
----------------------------------------
>>> RUNNING: input/data/bisection/csv_format/nj2010-165230-0062-108.csv
make[1]: Entering directory '/workspaces/fit-dp'
export OMP_PROC_BIND=spread && export OMP_PLACES=threads && ./knfs
Parsed graph with 165232 vertices and 809561 edges. Source is 165230 and sink is 165231.
>> IO Time (CSV Read): 0.169528 seconds.

Kokkos initialized on: N6Kokkos6OpenMPE
>> Graph Build & Init Time: 0.360587 seconds.

[FINISHED] Total Iterations: 215267
>> Algorithm Runtime: 1.14483 seconds.
------------------------------------------
TOTAL Runtime (IO + Init + Algo): 1.67495 seconds.
MAX FLOW IS 108
make[1]: Leaving directory '/workspaces/fit-dp'
----------------------------------------
>>> RUNNING: input/data/bisection/csv_format/cal-1804434-0005-019.csv
make[1]: Entering directory '/workspaces/fit-dp'
export OMP_PROC_BIND=spread && export OMP_PLACES=threads && ./knfs
Parsed graph with 1804436 vertices and 4442571 edges. Source is 1804434 and sink is 1804435.
>> IO Time (CSV Read): 1.08626 seconds.

Kokkos initialized on: N6Kokkos6OpenMPE
>> Graph Build & Init Time: 1.70231 seconds.

[FINISHED] Total Iterations: 216341
>> Algorithm Runtime: 1.41897 seconds.
------------------------------------------
TOTAL Runtime (IO + Init + Algo): 4.20754 seconds.
MAX FLOW IS 19
make[1]: Leaving directory '/workspaces/fit-dp'
----------------------------------------
>>> RUNNING: input/data/bisection/csv_format/cal-1800721-0009-024.csv
make[1]: Entering directory '/workspaces/fit-dp'
export OMP_PROC_BIND=spread && export OMP_PLACES=threads && ./knfs
Parsed graph with 1800723 vertices and 4434229 edges. Source is 1800721 and sink is 1800722.
>> IO Time (CSV Read): 1.05098 seconds.

Kokkos initialized on: N6Kokkos6OpenMPE
>> Graph Build & Init Time: 1.71614 seconds.

[FINISHED] Total Iterations: 4262830
>> Algorithm Runtime: 22.1903 seconds.
------------------------------------------
TOTAL Runtime (IO + Init + Algo): 24.9574 seconds.
MAX FLOW IS 24
make[1]: Leaving directory '/workspaces/fit-dp'
----------------------------------------
>>> RUNNING: input/data/bisection/csv_format/alue7065-33338-0011-054.csv
make[1]: Entering directory '/workspaces/fit-dp'
export OMP_PROC_BIND=spread && export OMP_PLACES=threads && ./knfs
Parsed graph with 33340 vertices and 107992 edges. Source is 33338 and sink is 33339.
>> IO Time (CSV Read): 0.0232795 seconds.

Kokkos initialized on: N6Kokkos6OpenMPE
>> Graph Build & Init Time: 0.0276319 seconds.

[FINISHED] Total Iterations: 4219
>> Algorithm Runtime: 0.0354574 seconds.
------------------------------------------
TOTAL Runtime (IO + Init + Algo): 0.0863687 seconds.
MAX FLOW IS 54
make[1]: Leaving directory '/workspaces/fit-dp'
----------------------------------------
>>> RUNNING: input/data/bisection/csv_format/lux-108726-0034-008.csv
make[1]: Entering directory '/workspaces/fit-dp'
export OMP_PROC_BIND=spread && export OMP_PLACES=threads && ./knfs
Parsed graph with 108728 vertices and 227545 edges. Source is 108726 and sink is 108727.
>> IO Time (CSV Read): 0.0481512 seconds.

Kokkos initialized on: N6Kokkos6OpenMPE
>> Graph Build & Init Time: 0.0548627 seconds.

[FINISHED] Total Iterations: 33835
>> Algorithm Runtime: 0.206926 seconds.
------------------------------------------
TOTAL Runtime (IO + Init + Algo): 0.30994 seconds.
MAX FLOW IS 8
make[1]: Leaving directory '/workspaces/fit-dp'
----------------------------------------
>>> RUNNING: input/data/bisection/csv_format/rgg17-129426-0053-374.csv
make[1]: Entering directory '/workspaces/fit-dp'
export OMP_PROC_BIND=spread && export OMP_PLACES=threads && ./knfs
Parsed graph with 129428 vertices and 1432743 edges. Source is 129426 and sink is 129427.
>> IO Time (CSV Read): 0.29904 seconds.

Kokkos initialized on: N6Kokkos6OpenMPE
>> Graph Build & Init Time: 0.511656 seconds.

[FINISHED] Total Iterations: 2320
>> Algorithm Runtime: 0.060333 seconds.
------------------------------------------
TOTAL Runtime (IO + Init + Algo): 0.871029 seconds.
MAX FLOW IS 374
make[1]: Leaving directory '/workspaces/fit-dp'
----------------------------------------
>>> RUNNING: input/data/bisection/csv_format/horse-48112-0037-153.csv
make[1]: Entering directory '/workspaces/fit-dp'
export OMP_PROC_BIND=spread && export OMP_PLACES=threads && ./knfs
Parsed graph with 48114 vertices and 288664 edges. Source is 48112 and sink is 48113.
>> IO Time (CSV Read): 0.0617395 seconds.

Kokkos initialized on: N6Kokkos6OpenMPE
>> Graph Build & Init Time: 0.077886 seconds.

[FINISHED] Total Iterations: 25649
>> Algorithm Runtime: 0.177202 seconds.
------------------------------------------
TOTAL Runtime (IO + Init + Algo): 0.316828 seconds.
MAX FLOW IS 153
make[1]: Leaving directory '/workspaces/fit-dp'
----------------------------------------
>>> RUNNING: input/data/bisection/csv_format/alue7065-33338-0001-042.csv
make[1]: Entering directory '/workspaces/fit-dp'
export OMP_PROC_BIND=spread && export OMP_PLACES=threads && ./knfs
Parsed graph with 33340 vertices and 107991 edges. Source is 33338 and sink is 33339.
>> IO Time (CSV Read): 0.0228426 seconds.

Kokkos initialized on: N6Kokkos6OpenMPE
>> Graph Build & Init Time: 0.0271477 seconds.

[FINISHED] Total Iterations: 10301
>> Algorithm Runtime: 0.0648803 seconds.
------------------------------------------
TOTAL Runtime (IO + Init + Algo): 0.114871 seconds.
MAX FLOW IS 42
make[1]: Leaving directory '/workspaces/fit-dp'
----------------------------------------
>>> RUNNING: input/data/bisection/csv_format/rgg17-129426-0004-325.csv
make[1]: Entering directory '/workspaces/fit-dp'
export OMP_PROC_BIND=spread && export OMP_PLACES=threads && ./knfs
Parsed graph with 129428 vertices and 1432743 edges. Source is 129426 and sink is 129427.
>> IO Time (CSV Read): 0.2945 seconds.

Kokkos initialized on: N6Kokkos6OpenMPE
>> Graph Build & Init Time: 0.511555 seconds.

[FINISHED] Total Iterations: 2282
>> Algorithm Runtime: 0.0619113 seconds.
------------------------------------------
TOTAL Runtime (IO + Init + Algo): 0.867965 seconds.
MAX FLOW IS 325
make[1]: Leaving directory '/workspaces/fit-dp'
----------------------------------------
>>> RUNNING: input/data/bisection/csv_format/alue7065-33338-0013-096.csv
make[1]: Entering directory '/workspaces/fit-dp'
export OMP_PROC_BIND=spread && export OMP_PLACES=threads && ./knfs
Parsed graph with 33340 vertices and 107991 edges. Source is 33338 and sink is 33339.
>> IO Time (CSV Read): 0.0239906 seconds.

Kokkos initialized on: N6Kokkos6OpenMPE
>> Graph Build & Init Time: 0.0295158 seconds.

[FINISHED] Total Iterations: 12881
>> Algorithm Runtime: 0.0816003 seconds.
------------------------------------------
TOTAL Runtime (IO + Init + Algo): 0.135107 seconds.
MAX FLOW IS 96
make[1]: Leaving directory '/workspaces/fit-dp'
----------------------------------------
>>> RUNNING: input/data/bisection/csv_format/lux-106797-0082-008.csv
make[1]: Entering directory '/workspaces/fit-dp'
export OMP_PROC_BIND=spread && export OMP_PLACES=threads && ./knfs
Parsed graph with 106799 vertices and 223686 edges. Source is 106797 and sink is 106798.
>> IO Time (CSV Read): 0.0466211 seconds.

Kokkos initialized on: N6Kokkos6OpenMPE
>> Graph Build & Init Time: 0.055379 seconds.

[FINISHED] Total Iterations: 78786
>> Algorithm Runtime: 0.442658 seconds.
------------------------------------------
TOTAL Runtime (IO + Init + Algo): 0.544658 seconds.
MAX FLOW IS 8
make[1]: Leaving directory '/workspaces/fit-dp'
----------------------------------------
>>> RUNNING: input/data/bisection/csv_format/nl-2159462-0211-009.csv
make[1]: Entering directory '/workspaces/fit-dp'
export OMP_PROC_BIND=spread && export OMP_PLACES=threads && ./knfs
Parsed graph with 2159464 vertices and 4766793 edges. Source is 2159462 and sink is 2159463.
>> IO Time (CSV Read): 1.10481 seconds.

Kokkos initialized on: N6Kokkos6OpenMPE
>> Graph Build & Init Time: 1.58834 seconds.

[FINISHED] Total Iterations: 148936
>> Algorithm Runtime: 1.20751 seconds.
------------------------------------------
TOTAL Runtime (IO + Init + Algo): 3.90066 seconds.
MAX FLOW IS 9
make[1]: Leaving directory '/workspaces/fit-dp'
----------------------------------------
>>> RUNNING: input/data/bisection/csv_format/rgg18-260352-0003-135.csv
make[1]: Entering directory '/workspaces/fit-dp'
export OMP_PROC_BIND=spread && export OMP_PLACES=threads && ./knfs
Parsed graph with 260354 vertices and 3067088 edges. Source is 260352 and sink is 260353.
>> IO Time (CSV Read): 0.633753 seconds.

Kokkos initialized on: N6Kokkos6OpenMPE
>> Graph Build & Init Time: 1.19193 seconds.

[FINISHED] Total Iterations: 2077
>> Algorithm Runtime: 0.131763 seconds.
------------------------------------------
TOTAL Runtime (IO + Init + Algo): 1.95745 seconds.
MAX FLOW IS 135
make[1]: Leaving directory '/workspaces/fit-dp'
----------------------------------------
>>> RUNNING: input/data/bisection/csv_format/nj2010-165230-0028-111.csv
make[1]: Entering directory '/workspaces/fit-dp'
export OMP_PROC_BIND=spread && export OMP_PLACES=threads && ./knfs
Parsed graph with 165232 vertices and 808411 edges. Source is 165230 and sink is 165231.
>> IO Time (CSV Read): 0.169777 seconds.

Kokkos initialized on: N6Kokkos6OpenMPE
>> Graph Build & Init Time: 0.350586 seconds.

[FINISHED] Total Iterations: 9628
>> Algorithm Runtime: 0.0848642 seconds.
------------------------------------------
TOTAL Runtime (IO + Init + Algo): 0.605227 seconds.
MAX FLOW IS 111
make[1]: Leaving directory '/workspaces/fit-dp'
----------------------------------------
>>> RUNNING: input/data/bisection/csv_format/nj2010-165230-0018-143.csv
make[1]: Entering directory '/workspaces/fit-dp'
export OMP_PROC_BIND=spread && export OMP_PLACES=threads && ./knfs
Parsed graph with 165232 vertices and 810039 edges. Source is 165230 and sink is 165231.
>> IO Time (CSV Read): 0.169164 seconds.

Kokkos initialized on: N6Kokkos6OpenMPE
>> Graph Build & Init Time: 0.358274 seconds.

[FINISHED] Total Iterations: 16029
>> Algorithm Runtime: 0.121065 seconds.
------------------------------------------
TOTAL Runtime (IO + Init + Algo): 0.648502 seconds.
MAX FLOW IS 143
make[1]: Leaving directory '/workspaces/fit-dp'
----------------------------------------
>>> RUNNING: input/data/bisection/csv_format/rgg18-260352-0045-624.csv
make[1]: Entering directory '/workspaces/fit-dp'
export OMP_PROC_BIND=spread && export OMP_PLACES=threads && ./knfs
Parsed graph with 260354 vertices and 3066574 edges. Source is 260352 and sink is 260353.
>> IO Time (CSV Read): 0.631988 seconds.

Kokkos initialized on: N6Kokkos6OpenMPE
>> Graph Build & Init Time: 1.15152 seconds.

[FINISHED] Total Iterations: 2346
>> Algorithm Runtime: 0.0997519 seconds.
------------------------------------------
TOTAL Runtime (IO + Init + Algo): 1.88326 seconds.
MAX FLOW IS 624
make[1]: Leaving directory '/workspaces/fit-dp'
----------------------------------------
>>> RUNNING: input/data/bisection/csv_format/horse-48112-0062-214.csv
make[1]: Entering directory '/workspaces/fit-dp'
export OMP_PROC_BIND=spread && export OMP_PLACES=threads && ./knfs
Parsed graph with 48114 vertices and 288667 edges. Source is 48112 and sink is 48113.
>> IO Time (CSV Read): 0.0631271 seconds.

Kokkos initialized on: N6Kokkos6OpenMPE
>> Graph Build & Init Time: 0.0747344 seconds.

[FINISHED] Total Iterations: 22255
>> Algorithm Runtime: 0.124365 seconds.
------------------------------------------
TOTAL Runtime (IO + Init + Algo): 0.262226 seconds.
MAX FLOW IS 214
make[1]: Leaving directory '/workspaces/fit-dp'
----------------------------------------
>>> RUNNING: input/data/bisection/csv_format/rgg18-260352-0025-296.csv
make[1]: Entering directory '/workspaces/fit-dp'
export OMP_PROC_BIND=spread && export OMP_PLACES=threads && ./knfs
Parsed graph with 260354 vertices and 3066561 edges. Source is 260352 and sink is 260353.
>> IO Time (CSV Read): 0.638552 seconds.

Kokkos initialized on: N6Kokkos6OpenMPE
>> Graph Build & Init Time: 1.13181 seconds.

[FINISHED] Total Iterations: 25982
>> Algorithm Runtime: 0.231027 seconds.
------------------------------------------
TOTAL Runtime (IO + Init + Algo): 2.00139 seconds.
MAX FLOW IS 296
make[1]: Leaving directory '/workspaces/fit-dp'
----------------------------------------
